"N_50"	"N_50_honest"	"N_100"	"N_100_honest"	"N_250"	"N_250_honest"	"N_500"	"N_500_honest"	"N_1000"	"N_1000_honest"	"N_2000"	"N_2000_honest"	"N_5000"	"N_5000_honest"	"N_10000"	"N_10000_honest"
"1"	1.26820464110755	1.67866638047209	-3.28300749474227	-1.97777654832722	0.432617357555744	-2.15268155168613	-12.7716635793774	-12.1187283570464	0.627716230872201	-1.2538797732533	-6.7414477102869	-4.10946505516339	3.84698763258819	3.91784851979177	13.3049566360428	13.9764921942101
"2"	3.7030620176806	4.36953813701338	-0.926030974006883	-0.565545366113181	0.0359708847426015	-0.708701790804729	-10.4473428646394	-10.7663390715605	1.79103656178308	-0.126359805339353	-7.52679938359598	-5.89136696667281	3.85566061162197	4.73128239849069	12.2921056686646	15.8615959757099
"3"	3.46575017126375	1.92919997007797	-0.438043009913487	-1.44837523986875	0.104542204905989	-1.86971944211025	-12.0417639393584	-12.2372125099906	-1.1919785457932	-0.819102920178418	-8.10404936848868	-5.00920177501705	8.59160049389877	5.47762289488288	12.0903444663022	13.3081035029366
"4"	1.26820464110755	1.55522602087874	0.188892516924752	-0.832708098399747	-0.790729787788206	-0.467123509209269	-11.7530417039091	-11.6146283303538	0.209690296564489	0.0505130583248999	-5.97911716498061	-6.36890428078728	9.16310169036779	4.28064183518898	13.9778799199444	13.9228674836463
"5"	1.82943246529668	2.30099224015078	-0.0853680436730149	-1.11805143747239	-2.00340878824734	-1.60411522027146	-9.53334980608977	-9.18290637346706	-1.27159042701682	-1.55978722462277	-6.31632090347305	-4.15981832252846	8.78625219106464	6.75430765097153	11.5387423510404	11.9804832210378
"6"	3.127200690307	-0.439884368659815	0.291509529588264	-3.24060640329803	-0.86460522661638	-2.7075887542066	-13.9464356207108	-11.7042423536396	0.766870571256893	-2.48875643196385	-7.60747590824516	-4.87827216065276	6.17323883695775	5.1402882686211	16.3969090689807	11.88222463992
"7"	0.480479020479992	2.87233706760206	0.757012295606183	-3.12615651854178	1.60250991433587	-2.82336975891996	-12.3657476236379	-11.1207795439562	-2.52335828708041	-1.05414380178304	-6.32300951415624	-3.5601387263302	3.02222892898718	6.49579277022293	16.1339337242879	13.633381711751
"8"	3.69405698806467	1.64223307188554	-0.447310762738855	-0.525125133980915	1.60250991433586	-0.899908618786558	-13.4309556655208	-11.4884908366327	1.30070134500333	-0.609967089034	-8.43211002006474	-6.92081275694908	4.13434655368789	5.31140122575694	12.1728882587483	14.7795881292659
"9"	1.53123624372172	1.90411181015985	-0.769665408119928	-2.00928922540118	-0.504623009901214	-0.856171516211363	-14.8582181356917	-13.5600029354189	-0.368649422748859	-0.180374710068087	-8.09410764697891	-6.22280445208134	5.46977952774356	6.56346461706052	11.4893834359076	11.4016227991406
"10"	2.5339619716772	1.79058119829719	0.142844610079111	-0.956504392316537	-3.62324459825654	0.33575093509365	-8.09262338145678	-10.4010255479631	-0.292653202541619	-0.658880802443834	-6.17418284190237	-4.5625756687677	5.59764390071491	3.80952468958023	10.4210338367964	10.4713151613772
"11"	0.0303391026411944	3.72155329285934	0.158932986939141	-0.322009524989855	1.10400966584283	-1.78927962971927	-9.29412352821915	-12.6791142305469	-1.77722833720123	-0.999097638336829	-7.15670988825022	-6.05466809208522	5.5055680191467	5.31714921960701	14.6117607472351	15.2686899813589
"12"	3.69405698806467	1.41515530962159	-0.0569798815765362	-2.03780731593367	0.719777972422625	-1.51657010269049	-10.1068743092547	-14.0338876095466	-1.41550536195942	-1.0928538507404	-7.41344835581537	-6.94920777161144	8.97602755767972	6.34040299685678	11.7305311346048	9.90997806537779
"13"	2.45194428082374	3.06277918525241	0.676402525748545	-0.469089192416014	-2.87897592652329	-3.55964963373496	-13.6322726633713	-14.6993606846491	-3.62114755947252	-1.87689587439054	-7.3048789352836	-4.96925646823454	5.37319982449705	5.94376049532278	13.468033573638	14.4670183526421
"14"	0.826024117988904	3.78560879555284	-2.66018291312268	-0.775527187617092	-1.65659420367424	-1.21208679405738	-11.8252377871184	-11.6019495434286	1.30518621123899	-0.915822808933256	-6.59450746724191	-4.37179642668936	5.46007478691426	5.28779403905464	15.1178246342557	12.0802147963864
"15"	3.04759832715263	1.2344046077402	-1.64442326895317	-1.34297368309633	-2.92374065869239	-2.99926879508542	-8.28246475317439	-13.4851414652212	-1.36938871133378	-0.783093616586604	-8.0130269148148	-5.64674676152972	9.2633493007527	4.2339836590005	13.2348752416923	13.4806697610463
"16"	3.3781334955273	2.63099122503038	-0.705216520824165	-0.996024203159493	-1.65837772001449	-2.43499852232168	-13.2236485016849	-11.5593632028187	1.26419794272745	0.918939465514697	-6.12825467823123	-5.16629816517778	4.67184932368532	4.96015887068184	13.9993892020767	11.7344926792136
"17"	2.93619282165895	2.43196498251647	0.334362995605676	-0.504188049358651	-3.7133020268225	-2.43157853677413	-11.5428214415836	-12.3225213369749	-0.746067038371352	-0.99788726579168	-7.24109718278378	-5.50481043448813	7.80797528112572	5.59412843800869	15.5365033793586	14.2687351239163
"18"	2.93619282165895	1.78639991496498	-1.64442326895316	-0.761490288061206	-1.02350104774187	-0.197781568052179	-11.7084776037785	-9.42235551859233	-1.85137561901205	1.10213748502082	-7.87484472188966	-7.38224410438426	6.42746760205373	5.14879121855039	16.2113310697877	12.1198244190038
"19"	2.5339619716772	1.89868968931546	-0.402138749413451	-3.19760308653071	-1.6583777200145	-1.15054368215758	-8.61669074973988	-10.5621122109203	-1.69733171183716	-1.63110961234894	-7.23703033346465	-6.26653537904847	9.39744884469944	4.64635882924269	10.5128127541596	15.251734898363
"20"	3.62255623252432	3.33695334780156	-0.492209936837279	-4.48734988997564	-2.06743217591163	-0.56691919218921	-12.8134892328833	-12.5587924368365	1.04020297901135	-1.68201609694633	-6.82372985066021	-5.45636372910047	10.0348913358637	8.27812316262006	14.5035118658192	9.02906343896928
"21"	1.53502624469009	3.45284967698997	0.300249585247835	-0.860577622739957	-2.91289386272219	-3.02891398524307	-12.4144119037636	-10.9272264251779	-1.39476355669832	-0.827453856581926	-6.86370089012087	-6.20077798863631	6.9428873166908	5.72146253394438	11.5217684304773	15.9346514570558
"22"	3.62255623252432	2.09854667766603	-0.991149977352168	-2.53448213260586	0.50833466306931	-1.1250827761635	-14.5199112883779	-12.5970069190366	1.22834306103138	-1.0683433867824	-7.49377215575515	-5.9396905578948	9.47923908445241	5.05372824324429	10.6441182640672	11.2093244481074
"23"	3.04759832715263	2.06613637211212	-0.0113406547173407	-0.225759840799005	-1.9451058217844	-2.40053402798555	-12.2292536219927	-12.0327665410309	-1.12978845834197	0.382918109026343	-7.37777893179114	-5.05009666840219	3.86869072703153	7.5246098806049	10.3075659849269	12.113131021703
"24"	2.13100584917902	1.88311177500253	0.732391209613195	-0.640020423320051	-1.62233708201352	-0.861461238837819	-14.6121170864169	-10.559268847835	1.11606392261708	-0.976992563182252	-6.3441762886315	-5.51281423348063	5.45489730544186	4.04586316700809	14.3413470957872	11.1505468093535
"25"	3.70761124860684	2.09939830958307	-0.0623798496476875	-0.965880359225711	-0.632647186175195	-1.10455323109675	-10.5889261148978	-9.92529877730033	-1.91333951130919	-1.14468388631675	-6.3157468488471	-6.31249591420917	4.25431187428061	4.36371249350784	10.5933269022523	12.030095114706
"26"	2.13100584917902	3.34245509218881	-0.592632405001531	-0.424295807090582	0.595299983977196	-0.906154163568485	-11.0824903881605	-9.88688943020819	-2.31269458284916	-2.03347989104953	-6.20172124228174	-5.20755600105268	6.95019545486784	5.4508284713674	12.7250684411738	13.1596662540218
"27"	1.69488342336227	2.13353891948453	0.142844610079121	-0.731333130047644	-3.2762096460089	-2.00454453096361	-12.1759437122922	-9.83712977877145	-1.54194474180912	-1.46515677901562	-7.23576048438539	-6.06413287035486	8.77569941876681	6.77397607779109	13.807161224807	10.0591031888192
"28"	3.62255623252431	2.7174406469862	-2.487771910386	-2.44477548146038	-3.30987847423074	-1.72564339726841	-10.1499297536269	-9.99572508109459	-1.06436630928381	-2.52170797119581	-7.50666649019576	-5.79460688541559	2.67454633908846	5.26241151706285	13.2982381489228	11.0100106784101
"29"	0.826024117988904	1.77646489971418	0.296605795766329	-1.88153984323702	-1.43963109841691	-2.86404858196844	-9.8093783610083	-10.119275704788	-0.152457869381633	0.47734082417154	-7.17875457193317	-6.21792061349511	9.89771858974157	6.17055794980325	15.7959402515404	14.5045136808837
"30"	3.127200690307	2.57622013691869	0.334356233162172	-0.869587475991764	-1.28452057590046	-1.63821683738593	-13.278968085831	-10.5405143291651	-2.02392690488154	0.168476819601716	-5.08363654451052	-5.10105640775958	2.71725728656896	7.09260184695415	15.0581590977929	14.0134514990432
"31"	1.49815544563014	1.53318818990663	-2.85716468925299	-0.38958914094923	-1.94926960641195	0.00582081607911001	-10.5835748522338	-11.1687701688323	-0.900601566834974	-1.62304928624673	-7.66500320951699	-5.93197602648962	7.0948363299164	6.72713434380266	11.7147911602314	12.8724336227697
"32"	-0.226495565199287	2.39211394017125	-2.27945277988809	-1.35764496962126	-0.347730567689006	-1.21237295503484	-10.7254901756727	-11.0420692609965	0.508075697004664	-0.517093824626238	-6.93126427011475	-4.91605760463248	2.29449658090634	7.05196140797865	11.6811777606697	14.3739220077525
"33"	1.53880973526081	2.97786704453449	-1.0786708679525	-0.794728954731681	-1.5551569271796	-0.695252785688654	-10.1710375117483	-13.0898348946073	-1.77843038721531	-1.77407047275799	-6.95378202985854	-5.03426087803182	9.57778290468898	5.44582989512341	11.6679501302542	12.5497245569448
"34"	3.46575017126375	2.89377057999158	-1.51458945096967	-1.33895923083405	-1.16317588989681	-1.68359845462987	-10.9427718520629	-15.0542978492118	0.841130734520191	-0.653188826335983	-8.40869652804593	-5.30627058367666	7.09876213719142	3.83135547280311	13.7630607270496	11.8315629962241
"35"	3.46575017126376	3.10954938158007	0.66836839043944	-1.07613672408834	-1.79340686222489	-2.11201139341681	-11.6574729619662	-12.1083429571511	0.516803829561998	-1.64583408095447	-7.85383093987426	-3.42311264899916	3.75533543677652	5.44004405910753	14.7475411411342	14.3977267240483
"36"	1.63478276357674	1.65109106633858	-1.90377319254092	-0.435687215275863	-2.15631726681302	-1.66644807751807	-13.2126532663868	-12.2655626657536	-2.30167517695927	0.675819746682519	-8.21882096466439	-4.87123265138973	2.76334518345652	7.48546294549262	15.6005536183591	12.7347749108582
"37"	2.81376536857882	1.66592052674923	0.265477241232243	-1.81755674585736	-1.86624882362775	-0.995094095780026	-11.5150616830272	-11.7677799447223	0.156645707710593	1.18798841692723	-6.83816020538752	-4.74546895341853	7.58885716555617	6.03043149154241	12.4678215462398	9.02891049264191
"38"	3.23217767446545	1.61255324151774	-0.95983196900286	-0.802965012286991	-1.79820176108309	-0.93793227778337	-9.50555277144371	-11.3340712631998	-1.49069115690012	-0.811032185038769	-6.54654419799646	-4.73703204317737	4.23377116394034	4.30432281681555	15.7445398972656	12.43984603456
"39"	3.62255623252432	1.70874816914589	-1.19770350664611	-1.19883341299527	0.62612714609122	-2.64600380980222	-12.1255090694636	-10.0184162436443	-2.43088256195845	-0.421992023036414	-6.96168258447213	-7.77820403840875	9.99605419641324	5.40242762577795	12.6369288411374	12.9387919765211
"40"	0.632413614486091	2.21155606535955	-1.61050610010664	-1.08884188566498	-0.0737536863160141	-0.902001822064827	-11.5741910800519	-12.0857362056523	-1.76717735165081	-0.569085649010697	-7.42453119467991	-5.67406061570985	8.30966571936741	6.63973862547516	14.0444306167379	13.0536427230943
"41"	3.53390148968105	2.40213412828054	0.72807759456972	-0.394508679937295	-0.867023228828637	-1.41122651175981	-10.2757405647817	-11.4866849554168	-0.86131914533131	-0.765828154282313	-8.25885852158737	-4.58662684797525	6.35919435587502	10.2443327420723	13.999982872394	13.4456818855852
"42"	3.69405698806467	1.81262544597081	-0.875060142265073	-1.40811220364408	-1.5721284339668	-1.64059549071147	-12.3534476008418	-11.8668377435009	-0.381628973497018	0.108090970881619	-7.54204473488332	-5.36585757718148	8.84382735831639	7.65542167742911	10.3371025868273	12.9346183556525
"43"	0.826024117988904	3.17832816700118	-1.13301193596243	1.48027866644463	0.837539856127357	-0.771639154313624	-11.5785341304772	-11.6917523219647	-1.56086545024641	-1.93296682817387	-7.1114464497224	-6.43003645914119	10.0954572924747	4.59430548821081	15.1600982664384	14.622919841401
"44"	2.74669587304158	3.29420173174326	-0.39814123079273	-1.23560808590665	-1.77513544432696	-1.37430102139105	-11.675568589166	-12.9279765234014	0.589952496283777	-0.586735161223238	-6.96407108145467	-3.60815495652491	6.47162051958391	7.41262987136773	10.6003891630036	13.9211870902194
"45"	-0.372460467046985	2.40685883536512	0.348700886319978	-1.5565419628248	-1.56709650760799	-2.40683092928127	-10.6751408324679	-13.1297181187523	0.326639786175606	-0.512173561472312	-7.23055057646051	-4.98581143332144	9.50100020543157	4.71110779583247	9.86478318230484	14.3220258369058
"46"	3.69405698806467	1.17943313541852	-0.668321350847315	0.419069559901052	-1.83070006695157	-0.399591142563543	-8.55893327358768	-10.9947796978676	-1.01885109501674	-1.10868988312965	-7.43567590346594	-5.30360177807239	7.74458662905005	5.77005036853812	11.4955545757492	12.4853019150007
"47"	0.544822164592993	3.59569453910128	0.0454561962145082	-0.189781658670045	-2.03176850756567	-1.27094644197302	-9.83552375972939	-11.7142393246139	-0.61416153820369	-0.28603872122447	-6.44672304080687	-4.52443592760049	4.74520723585984	4.2698930841757	11.6926310044409	13.5015921250237
"48"	0.599850512986528	2.22950957437459	0.0718775376349214	-1.04363331752779	1.10400966584284	-1.45592346700716	-9.24450429222488	-8.99141198288691	-0.392735222388042	-2.77582968901427	-5.90498457055578	-5.90921032911059	3.69829278535067	3.33717904155227	12.6322534548801	13.7310706895237
"49"	0.92997074094466	1.58148233703155	0.300000759953353	-1.73067202282841	-1.22397519715473	-0.714793131636185	-12.2504888417849	-13.7849363499493	-2.41816589159545	-0.0159249813244365	-6.53887821002463	-5.39793894001238	5.34007881703708	5.29146457934758	11.0154496032459	15.0338203763525
"50"	2.59383901775426	2.14543775884309	-1.39550577743589	-3.11939831554019	-1.97860637848715	-1.07879141922789	-8.02982898030294	-9.98792460900992	0.371774220816773	0.154161660692735	-8.20255254506428	-6.63614970724738	9.7529922790072	7.37451301744335	11.7428923800308	9.59884239691393
"51"	3.23217767446545	1.89724427424499	0.395496779611995	-1.09687678210172	-2.19165157982132	-2.47363939171258	-8.73587137134124	-14.6810760732617	-2.53339688742903	-0.0678233161345253	-8.03418377694991	-6.43045876256861	5.74401140285555	6.36008762612418	17.391703614018	13.0677140844853
"52"	2.16556760226465	2.91550057338622	-0.398141230792731	0.444770801110772	-2.70501913467815	-1.62118194421589	-11.3941953796358	-12.9563762200576	1.01670369155735	-1.39486846473562	-8.29049212363385	-4.26952707220243	6.66002373665253	6.29347476262881	12.6024431599454	13.3318368579999
"53"	1.53123624372173	1.95166418919504	-4.01841849852078	-1.33530010555482	-0.806185223949076	-1.61118958148086	-15.0058558981219	-10.9680614179062	2.01596640251358	0.49935888734346	-4.90029164599977	-4.9362989056365	8.46307303124589	6.06699009347474	12.1584167058857	12.4444980116239
"54"	0.779442561415467	2.62446747669003	0.195263434232065	0.296987352645294	-1.84388944215258	-0.982239705717614	-11.0748642116108	-12.0324584456946	0.617734106595111	-2.37119545708818	-8.52148774057046	-5.13370987801849	6.49219179741953	5.87318104941091	13.4210098353487	14.0751251553138
"55"	1.28134568107049	1.9779096559087	-2.7263489964153	-0.158962591200037	-2.88160619426043	-2.19350292935265	-9.98742862598576	-10.9597854809156	-1.73462671159217	0.409637989771652	-7.5613871079689	-5.960671599719	3.17333426191605	4.6566792747451	12.0617941257653	11.6382893739453
"56"	3.53390148968105	1.97698252654986	-3.09474474543029	-0.635998471566528	-0.0252282641754009	-1.43566747323158	-10.4954673225898	-7.76243607999195	-2.06279107672089	-1.54110538072357	-6.57738134945055	-6.65055375290964	4.67116609585531	6.95601618530674	13.647042370088	14.0588370224016
"57"	3.64019661367844	2.58691670781386	-0.125759035943452	-0.899999126557749	-0.883409180799168	-2.89353458310967	-13.7830902224741	-12.4734837052914	1.08574175954029	-0.345597108803709	-7.36989809576929	-6.30934088977463	4.54714911787181	5.44866565839843	14.2742453532972	10.7247335211586
"58"	2.5339619716772	2.62927825959253	-0.213511395001594	-1.6810467521945	-2.72910664840761	-4.31236490700593	-11.3912542412587	-13.3335941570354	-1.69555226344535	-1.18071952656696	-5.06061568748339	-5.42490039247067	3.30363538849757	6.18993682733377	14.7993412526816	14.9258301523109
"59"	3.53390148968105	1.65445501732838	-1.33060794994302	-2.38527499234492	-2.19020284051075	-2.15176481857011	-11.3248818173313	-9.28129975528753	1.58575965092352	-0.551313969442556	-7.49771143037668	-5.27429953448874	5.05000988610966	6.66768493707567	11.792577126868	12.2964764772047
"60"	2.5339619716772	2.5574884723406	0.0454561962145063	-1.21970035115329	-1.48239468831535	-2.25656492809615	-10.8553948199623	-15.2565941927311	-1.75552655169904	0.508304261128415	-7.57571747336732	-5.84718776793538	9.44195956624534	4.140711934495	11.3604464258101	11.287593970649
"61"	0.826024117988906	1.90967173952432	0.296605795766329	-3.66811100329709	-1.91007261107237	-0.802257880600084	-14.018735877651	-13.1061839506187	-2.42531270552563	-1.00385374272021	-8.28331381358676	-4.11359959617539	4.42345702936762	4.596343185508	12.3270971511722	11.8935223468336
"62"	0.411683385223008	2.74717368218101	-1.61373165136692	-2.8819793295907	0.681158751965297	-1.16883829622976	-10.8215785858296	-10.5802245216726	-1.95733710497884	-0.956222982612632	-6.28657589818906	-6.34098819051	5.46049277894005	3.52093413205155	10.9283117431655	11.182944551036
"63"	2.5339619716772	1.24732025262487	-2.59624207499637	-0.659309587603361	-0.96769301361079	-0.0445519847655822	-10.6373715226927	-12.1244689305298	-2.21771424225832	-1.15199780692307	-7.04418042655866	-7.21783237416783	9.54162022532486	3.05232906187609	14.6081941951921	11.1088418710746
"64"	3.68758354714645	1.58106182605809	-2.71386215360575	-1.18489507594566	-0.683884615346543	-1.21087553711728	-7.60402714570476	-12.9692532111965	-1.09044321041372	-0.503217519118079	-7.01268839016695	-7.42796805765472	7.20681114680394	7.7277709832843	11.4997363861504	11.1862208380162
"65"	2.02179115789832	3.14932956675148	0.506264055720336	-0.139809228679416	0.238247184016475	-2.30477091688894	-12.8135240840491	-9.27884381118464	-0.4040152110624	-0.323316783094775	-8.54483593873787	-6.74213795252656	7.47451328685237	5.77143249019811	13.6757621670544	12.3271994964611
"66"	2.5339619716772	0.637084949062221	0.261537496627688	0.264734951440154	0.448400263916525	-2.9451429688561	-11.6028629074075	-11.809058183728	-2.29567973708913	-1.73631483971383	-7.72577477036528	-4.23915449600644	8.66475515126863	4.92819954371831	11.8044395074575	13.2653792705967
"67"	3.25948851213319	2.29705021312768	-0.668321350847315	-1.91572173369311	-3.07620046842489	-2.79099914248936	-11.3300164800515	-11.2537285201354	-0.381925226079706	0.456200157062145	-8.9370484653179	-4.93268060988133	3.87725102512166	4.83547432474785	10.1216235911131	15.6798137888428
"68"	3.62255623252432	3.18294675561825	-3.05806251748809	-0.553629792328753	-0.516056121043004	-2.06564403899126	-11.2621608794633	-13.5807155007033	-2.51138074420525	-0.736850146183215	-5.11665774749044	-3.36727437378119	5.99605729397615	4.71258544244826	13.0307983389998	14.0874128797144
"69"	1.53880973526081	1.07920949883676	-0.786108713456807	-1.23632285688003	-1.66889374763222	-2.61338496699178	-10.0729914329277	-12.2679970375244	-2.05384885743384	-0.842646148637187	-5.86877328328096	-6.58962929157748	4.80012974189901	4.91798454972741	13.1887809249085	11.1263582399318
"70"	0.779442561415467	-0.80487074505456	-2.42957190700937	-3.13587380684947	-1.18342355554258	-1.74578118259834	-9.17855442143317	-11.5162846973708	-1.91639708918378	-0.743300673672528	-7.38349413120906	-6.37085529850701	9.52644726444497	7.83531713121811	12.1930686394384	12.9298681787289
"71"	2.5339619716772	2.6706597462844	-1.09516683967175	-1.03875256436437	-1.10396679191049	-2.25694186588224	-11.5626850684315	-10.8563133133326	-2.58289424650825	-1.91951023200856	-6.94897034599621	-6.38943695410794	7.33861087763317	6.02549745077309	12.1656310056611	11.5147538769976
"72"	2.5339619716772	2.26493564913211	-2.86042670282568	-1.95580854792194	-3.15004437389117	-1.5733619712032	-10.7020140925739	-12.1311688649479	1.41640045016773	-1.19964407236876	-8.91905118470569	-4.47854225459759	8.86267053826985	6.93774815258908	11.044042758428	8.28191334882262
"73"	0.929970740944672	1.93960767395208	0.142844610079111	-1.66877161589077	-2.63091370178265	-2.73150076041531	-12.4910715253073	-8.83062231679931	-0.600796539742825	-1.39773164185046	-7.79257285663792	-3.041894785677	2.68473320570721	4.74657915101375	11.732241125939	13.4041234713183
"74"	2.5339619716772	3.56721117627288	-2.33089527110607	-1.35473556811445	-2.09105971861419	-2.39205155382479	-9.84767383514386	-14.1625061524999	-0.379495567257233	-1.10933456109371	-7.1865796565238	-5.91361552431883	8.82661724918354	7.15528066474863	11.9745877097204	13.8241477681169
"75"	3.25929910996267	2.22987277143889	-1.54511273350415	-0.829366554879044	-1.81844983200613	-1.65142911081442	-11.4648814345781	-10.1452494526588	-2.02598224323105	-0.207804820442324	-6.74768895954755	-6.71704803929624	4.01633913291628	6.58257026933456	14.5703735783866	11.0433113325672
"76"	2.63416716155313	2.40378882389481	0.265477241232243	-4.09478548524369	0.270837344798826	-2.94099054821736	-12.3585535364828	-10.3951116662573	-0.547714609988348	-1.41871693694013	-6.45023916878089	-4.01164958852162	3.26309846909421	5.76818021990768	15.4142630863258	11.8710864969819
"77"	1.35066375024191	2.75306105649636	-3.11618536629723	-2.20923070351454	-0.23889071181673	-1.7728109161636	-11.1317740616382	-10.8923345662405	0.0161176621597188	-1.88727565529184	-6.66670548510716	-4.64689887847553	5.23574313451355	4.00500708192988	14.0713117980506	12.7863108470479
"78"	3.20373123886641	2.8330556892599	-1.61050610010664	-1.68040435579082	0.290566909992321	-1.16459810127241	-11.5176340581207	-8.75601876845737	0.858033899313275	-0.516835371134328	-8.30549892808747	-6.45768963000177	4.32496513306597	4.78433559763324	11.3831560994602	13.4830317244051
"79"	3.25929910996267	3.33518736237313	0.0718775376349214	-0.964304349326491	-0.516056121042995	-1.29017648970314	-12.2284588307614	-11.586853128777	-0.19147304702453	0.169695613824478	-6.42455543951039	-6.29943035925681	3.93903669782942	3.96059796049731	13.8687754445265	10.8694406823899
"80"	3.62255623252432	3.3248267506855	-0.0768288341439723	-1.54800391753555	-1.28236860610458	-1.71120785096306	-10.1295370343864	-8.80173616125732	0.443514578973331	-0.824988368912052	-6.30807915351086	-5.40576104364827	8.58183577809825	8.68266696729912	13.2911071272491	15.6200067361997
"81"	2.5339619716772	1.93781166454763	-0.598818380655118	-0.28571525582526	-2.11892991354742	-1.21312512553753	-10.4600118307353	-10.6646429225279	-2.12860357033694	-0.619920337775917	-8.49880591017039	-4.93995075604344	8.44807632770143	4.73883531284427	11.8063755142987	12.7678941705406
"82"	1.74147216236367	2.15791016887268	-1.92633210123202	-3.99788790346191	-1.0194855703339	-0.452092018817312	-11.2754949986048	-12.8133605402082	-1.37676693671291	-0.439109323198172	-8.15404111414866	-5.24499161218265	9.13856920884771	6.93991122879173	13.4413824366967	11.0179698167243
"83"	3.72552284306842	2.35431097432806	-2.51891076060163	-1.30782521023157	-1.84201730578678	-1.48285689843991	-12.0537010282665	-12.634354826099	0.101881973473872	-0.402546086060438	-7.15807496695399	-4.89599215571629	9.40685084703167	6.90381599997523	13.4117704431221	14.9149355841055
"84"	2.64483265678518	1.1339089463527	0.107466928271933	-1.95906293613301	0.704134426138288	-0.268789276810259	-8.95772858620921	-12.5522989287273	-1.61350810502361	-0.481373888962571	-7.80285103573038	-5.69448764343318	3.56299113244425	6.0191138778085	12.1415131874549	14.107050013028
"85"	1.26820464110755	1.96731593456068	-1.80301633997455	-1.29152702887112	-2.41335025435411	-1.54145904561792	-13.3418619010195	-11.3225052092613	-1.22305879830312	-2.01415914158129	-7.67087588928563	-4.64712990112626	8.56474201508017	7.39510832549443	15.9476004722388	14.6458634200335
"86"	3.48396882062719	2.27038877826519	0.334356233162172	-1.63453256602383	-2.94126932430424	-0.696419197691133	-8.70570080962224	-10.3905042543502	0.136788982673714	-0.000366295937057002	-4.93619068670817	-6.68427757440452	5.12504164210507	4.13873716179626	12.8239297985542	14.3463061991719
"87"	3.54750892234678	1.77565699657286	-2.94728537549513	-2.05111355703935	-1.49793691882871	-0.449252090696383	-12.0752727174158	-14.4588154228602	-1.25834134885949	0.262210427406605	-6.07063515613539	-4.45356081802825	3.55440886233653	5.00310264121268	13.6639693414829	12.7806329382355
"88"	0.544822164592993	2.50013961381858	-0.181244622343676	-0.131549603683638	-1.88772441405552	-2.58320685837514	-9.02536245505143	-12.3833482408947	0.360827747714229	-1.13210101147694	-7.38685586012926	-6.30738754677355	4.56683023358413	4.52612576415529	12.4104969489245	11.4391537350068
"89"	3.69405698806467	3.42629949697633	-2.7674350409852	0.0259074244633368	-2.15631726681302	-2.34469215578419	-9.18244737329582	-9.99712232428252	-0.403885606036395	-0.362687332209376	-6.42298361135247	-4.67970806411325	6.13267784670814	5.64515492073798	13.6433755444342	11.274296482841
"90"	2.16448971064073	3.54357417575194	-2.72634899641529	-1.31806563575926	0.66228222885189	-1.42660543818559	-10.6174479310814	-13.4024157087216	-0.597290483935162	0.135017910281676	-8.39751400192914	-5.75762845086433	7.95385638306282	6.47442660372993	13.5786198551202	10.964336431212
"91"	2.74669587304158	2.93707748702159	-0.181244622343676	-0.210339869729616	0.187414817130892	-2.18011302248867	-14.8382839300728	-11.0999859150724	-0.491554328381003	-1.21426032247541	-6.33361359365853	-4.17359888404268	3.72805255179723	3.62604393266092	11.9033190489527	13.5543011675896
"92"	1.26820464110755	2.75042425384284	0.498141249437883	-1.42691502025432	-0.841585456592464	-2.3506475488193	-9.96336719156763	-13.8111567007065	-0.4131015328931	-0.529627897004283	-7.04869259594176	-5.27352995054207	7.17023995528957	6.58586783224197	13.7079635132904	10.1336035637978
"93"	3.68758354714644	1.14828381288876	0.144640631756318	-1.55245627970714	-2.01079187615428	-2.6050975600636	-11.6578319531857	-10.7383191658124	0.591158163597205	-0.996981666867362	-7.69340517237332	-5.11061739627077	9.59885719766667	7.97094718342359	12.6239469789906	14.300883694462
"94"	0.779442561415467	2.40295918241463	-0.0172085486316058	-1.73112353046787	-3.57737785032422	-3.26497806007834	-10.3904937823373	-11.953214311995	0.813727983564372	-0.54924091822427	-8.61552550304548	-6.88997894478556	9.73542496160185	3.13551238809483	13.9554512983943	14.4756737485709
"95"	3.14309539413041	2.65361782082508	-0.289186805079157	-1.53654090334019	-2.2075233422252	0.167422277475013	-14.0191520015657	-11.8381546984326	0.270277098118929	-1.0188101239344	-7.68838225811021	-5.01492089199483	4.13108111293832	5.36660156793767	11.1249860459712	12.591864599834
"96"	3.70761124860684	2.9227336564965	-2.26170316052646	-1.6667558033056	-0.65521252443392	-0.675450214862322	-8.40797300472857	-8.80288952785781	-2.94816080424897	-0.871069548809937	-7.10463618213686	-5.23310258415682	6.04999580083576	5.81929585729381	13.0129860736095	12.6054021696661
"97"	1.53123624372172	2.15761310191704	-0.631338392343994	-1.06105757246069	0.824676929297827	-1.01268034341287	-9.91821301424877	-11.7118753922627	-1.74895521737925	-0.796496366889854	-7.3702740564556	-4.8280326941737	8.81318628669615	6.91106966226994	11.3033554695247	13.0439941278282
"98"	3.69405698806467	1.97588701559907	-0.882573173876686	0.365066733510294	-3.47525048957698	-1.89272355846309	-14.4742892978701	-9.58006513417816	-2.28923146529076	-3.04816275986784	-6.56081983203266	-6.2978865404614	3.32026233315673	3.30185955503601	12.2614740934899	12.2703664317487
"99"	3.25929910996267	2.4826867617232	-1.43256980580614	-1.0691381583471	-1.00866580883842	0.817714780132226	-11.2564890099239	-13.4400926269014	-2.65409644464057	-0.866880353047234	-6.06179361688014	-4.16038457665942	8.6478655901366	6.23885814584849	14.7716555840681	13.5099068777172
"100"	2.8803367386609	2.36687065408628	-2.92721141486342	-1.99874521175284	-0.744219714568022	-2.10775036006591	-14.7451123338723	-10.7690705119782	-0.111508709788274	-0.104501740051299	-7.4893736962391	-2.49345939416951	4.04845195983743	5.43826889697754	11.7958156380852	14.8474047812481
"101"	3.53390148968105	2.03666698431677	-0.668321350847318	-1.19415009652204	0.118855832902341	-4.06607007503248	-12.3428326669021	-11.9123989673697	-0.417414445852051	-0.172075615244893	-7.00193970540011	-6.95824936966426	8.66662429979708	4.57250362222438	13.9947625594417	14.3480554932538
"102"	2.5339619716772	3.86016496218969	-0.776571652611303	-1.20520995462623	-1.0304207659861	-2.44609279325376	-8.57865371133226	-10.4196013834158	-0.442857139122651	0.289947619571867	-7.92634253450207	-5.06987886211473	5.32872300512531	4.90798106113282	11.6360913354898	15.8284509214265
"103"	3.69405698806467	1.28650781396379	-1.64442326895316	-1.24144998926353	-1.20674496521374	-2.13102513806975	-12.4089549137687	-9.92309579081666	-0.484567414071551	-1.56761233557041	-6.2319639602849	-6.73836840567611	8.952755410505	5.91133416966749	17.4999246152953	11.8853506745381
"104"	2.5339619716772	1.54450400300454	0.412057301859518	-1.05779406262181	-0.618628369842126	-1.68021273681222	-10.2686394671178	-9.69369686814135	-0.223563901002692	-0.730150016829094	-7.51126583124698	-3.99056289336251	6.26375369223171	6.26752608095311	10.228024313518	11.2658878201482
"105"	1.42750795655348	1.06397492074613	-0.831601985456398	-1.69780932798239	-3.71330202682251	-2.15910709176485	-9.39810852359201	-9.23718123321353	0.783564498394717	-1.00195518554264	-8.19205258447243	-5.51203998061214	6.55906540927766	3.558707381052	12.3383258916048	13.658001566781
"106"	1.71468434781152	2.29764013741176	0.547194686094846	-1.48495386055184	0.211632411322844	-0.761002837941596	-11.4971815951051	-9.75594750458695	-0.600524356650202	0.370230817603435	-6.94431756274369	-5.59753220409414	3.930155407637	4.19622748182283	12.0821646316892	9.92275891118703
"107"	1.78236386472476	2.10598073539127	0.72807759456972	-1.40873727057986	0.0575264803737047	-2.36152581683524	-11.4478702982992	-14.4807709981025	-2.16896109072508	-0.147510962367843	-6.39789610902315	-5.91740073203458	8.58704063530388	5.68294025303361	10.7120778899529	12.3786615958058
"108"	3.68758354714645	1.16770893111217	0.291509529588264	-0.804721169501063	-3.47155275704572	-2.38209404879862	-11.5652373920721	-13.7319251441351	-0.428343773603102	1.06520495721257	-7.12495114665249	-6.44404011445055	7.42064472137707	5.31156825726363	12.0243813303648	11.2572451514383
"109"	3.12316354786935	2.23515860480649	0.119538871358467	-1.83737760128632	-1.81335112389667	-3.35517497714816	-11.4739572646043	-12.8297148304202	1.12478460320302	-1.20447281332457	-6.32478164322823	-5.20543757979106	6.37934415083834	4.14327963853733	11.2863172944987	10.3490020646226
"110"	2.93619282165895	2.55551328145865	-2.15072330845356	-0.21879706674197	-3.47429345413804	-3.02975898414723	-11.1648453539229	-12.3422475580954	-1.19311708486531	-0.984704663762538	-6.55407460039658	-5.0160666367123	4.62744923932749	5.49646084768735	13.2091478189018	15.3703510810656
"111"	3.25929910996267	3.31247886912177	0.189942683207957	0.0335158379747611	-3.09085538982947	-2.28536656295493	-9.05296180518708	-13.5106720593863	-0.815319496638423	-0.929863518455782	-7.72238240310682	-5.39901424590781	2.9890116129812	4.32074336786591	13.1789248984315	11.8068497028523
"112"	1.28134568107049	1.72535629333821	-2.88807835887794	-1.19324155675664	-0.415958917018132	-3.32022581257254	-10.0261281861744	-13.4727170548747	-2.26840416012514	0.716689769794167	-7.25505687440756	-5.27613826256746	5.47822626528311	4.3263141930157	12.3416818535433	10.9937141752304
"113"	3.43133568163517	4.49418812845269	0.150991389615794	-0.925242927001999	-0.316724917206061	-1.80169875283916	-8.7658877388731	-9.93765074696663	-0.0357767780594883	1.38462483497029	-7.42975150538465	-5.94580421845892	7.92594471388991	6.53802890289717	10.5912103793407	13.1690462631483
"114"	3.46575017126375	1.58780604939679	-2.62360424595939	-2.72719367190861	-0.88313573451036	-1.15172303937491	-9.87658651230338	-10.4286966830611	-1.77988527751435	1.46496261761908	-6.51141160250307	-6.9382153698399	6.40659205808871	4.39310095057211	15.2983037824971	11.3446552950739
"115"	3.127200690307	2.13380088090742	-2.51891076060163	-0.789643731479936	-3.55794344545613	-0.927605097603215	-12.7441017747038	-13.2570010251502	-0.644522869082052	-0.325840990331067	-5.77624841818548	-4.59930994889593	8.73654339623625	6.36648792024706	13.2139834473717	9.80716071036273
"116"	2.40911780886205	2.67811845311128	-1.31875412632739	-1.05895093024231	-2.69350486194257	-2.53854878920361	-10.6155991003822	-10.2809700895704	-1.62937165195893	-0.351699636030264	-7.80321054923393	-6.20914991506499	4.6420175278823	6.31173346478259	14.1669017726574	12.7822474334066
"117"	2.88267764084082	2.04308554094621	-1.11470323887642	-1.55739465872568	-0.770405854493405	-0.967263271839206	-11.267203905017	-12.2607048990542	-1.65284815659429	-2.089849672681	-6.64955819770412	-3.93539868732026	8.11183021714961	5.71851325096345	10.7837483923256	15.1490397604404
"118"	3.46575017126375	2.22731520618163	-3.43776504314415	-1.01805366726955	0.387035797493602	-3.19965526700071	-11.6540511591792	-10.4557893807602	-1.33705527320259	0.618605776454753	-8.81330726153596	-6.94146878266824	7.09091054686015	5.2890489444718	14.1047727382127	11.4833145901663
"119"	1.69488342336227	1.25018539754655	-2.45784883743943	-1.04342398596033	-0.177801907549708	-2.17635437651352	-11.7541256315061	-13.3701637909315	0.0122097222438658	0.314010074895714	-7.15633604922748	-6.42390685735645	5.44597701214416	4.60702337407756	10.6946795754454	10.7896435720038
"120"	2.88267764084082	1.56445645513774	-0.786108713456803	-0.292745398880264	-1.48222224313472	-3.10366779996279	-10.3505153276383	-10.9002806813608	-2.02984337065674	-0.771683907343684	-7.23999097869305	-4.9731281553119	4.26148145063357	7.03598091142254	10.0339933319582	10.1751042223569
"121"	2.5339619716772	2.06732105738787	-2.68973283244147	-0.439456340453511	-0.381625652818976	-2.97575893730551	-14.2810895777653	-9.28591295959941	-2.36733383205736	-0.126776202157635	-7.3085394390681	-6.39497786435384	4.53232100626626	8.25406105520435	11.9667972277	13.1778935390898
"122"	1.53123624372173	2.24501555216262	-0.0189554775437231	-0.507680884395505	-2.17271402000504	-1.68141136520119	-11.4978993094734	-8.57074804693581	-1.59208537452458	0.500930847054139	-6.26231142975894	-4.58871287910753	3.29165993763303	4.00837255083582	14.0335604225009	11.0966001577334
"123"	3.46575017126375	1.24621231068359	-3.3073658422292	-0.710980175196438	-2.30008649146091	-3.1432885882356	-8.36828058393002	-10.1580648070183	-1.15379485485032	-1.227857976	-8.05074917146987	-3.68167051520809	2.53840307802165	4.72513377549755	13.8717603271439	10.7828078360157
"124"	1.26820464110755	1.81556965844002	0.0657211952558807	-0.833312631616854	-1.5150339082324	-1.30396600789471	-10.4414122746913	-13.312238496739	-2.92037204338694	-0.387234121132526	-6.59246485325579	-4.57423162485149	9.37952255167125	3.21857968569242	15.2706243996479	10.4883286254784
"125"	0.951025693378164	2.55492895090878	-3.34677222630719	-1.71597761607062	0.627776576578928	-0.821381049076478	-12.903190792914	-13.4843480259848	-1.72717002585788	-1.4401199002129	-8.08312503146407	-5.82272407491223	4.37855061804782	4.40998792696243	10.7589572417349	12.2130157898126
"126"	2.5339619716772	0.76681418911203	0.378445121056237	0.333310655193132	0.206913338600279	-0.682770929370052	-12.8430302427893	-10.4528770719891	-0.34398038579691	-1.33340987484184	-6.91977045833504	-5.87534325944428	4.35139411079308	5.83643307939011	13.7262251808814	11.1843309129181
"127"	2.93619282165895	1.13449194109923	-1.29121426757749	-0.580439227779	-2.20752334222519	-1.69304756246948	-12.0844685037257	-9.44257621938453	-0.626509506862963	-2.76511317246039	-8.50608649827075	-4.85639323048562	9.71326850177681	4.96065235737003	13.6184235676237	12.4884960628901
"128"	3.20373123886641	2.68059386434607	-3.62216419304573	-1.88148266014848	-3.07765846788495	0.419084803079205	-9.59193262074112	-11.202135964945	-1.2207927207559	-1.56947551709343	-7.53204733630054	-5.60835461474161	8.39184062515834	6.19912280267044	13.2193457747494	14.408175500248
"129"	3.25929910996267	1.87867457834925	0.498141249437883	-3.07494577648277	-0.415958917018154	-1.06577148974526	-8.34512556126452	-10.6139377909804	-0.443225992300624	-2.47825968190136	-8.54986342425976	-7.19635240794305	3.70704222516639	6.3187771545345	13.6045632601221	10.6743978593835
"130"	2.5339619716772	1.0785648949089	-2.82344812562889	-0.974021705074915	-3.54487620524726	-3.08144848294868	-13.1515175053385	-10.2033308479515	-0.0803155485262091	-0.667856118468565	-6.51536735126313	-4.02447858083831	9.07933163549344	5.14066804119641	15.2576821047425	12.6485980154936
"131"	2.5339619716772	2.76799940040896	-1.53160298099251	-2.93182278862371	-1.52273504368331	-2.23388161322461	-7.86417741687449	-10.9011761910823	1.95263036460052	-1.92172472488075	-8.21192025566496	-4.59830222506687	3.59753022765908	8.022508709442	15.4499267989429	13.1345527319458
"132"	3.48396882062719	1.34120280537083	-0.0538080506111549	-1.03665648312022	-1.51841554248538	-1.93259358673586	-10.7879836068525	-7.89695098744023	0.955108081044459	-1.95631543327892	-4.92831735896375	-6.57753799902061	2.62056842977453	5.2322027011488	11.5697104162915	10.4759193332239
"133"	2.35814652331022	1.65521329299974	-2.31925014695288	-2.82854245864862	-2.24332919970005	-1.11457303598139	-11.7437899747595	-10.5805868976543	-1.77562221278342	-1.43866312054668	-6.99941938686765	-6.0787865432724	3.38968288061019	6.33979024899792	14.4275075851573	14.1126112016737
"134"	1.22721089176565	2.0429740127986	0.296605795766329	-3.21697730462082	-0.274269400090571	-0.780200313142818	-10.116636514971	-12.9810150138804	0.159277033650848	-0.139228303765933	-3.69198308193704	-6.03959326764049	3.47628585310834	4.85898600082981	13.8886179004149	12.6179493758155
"135"	3.15769947318908	2.32669865162249	0.113741975582335	-1.11603318045685	0.306394163258399	-2.27272286265857	-11.7490925215383	-10.5475940382765	-1.9707493937975	-1.14288091916874	-6.77045525803309	-4.41671986690845	3.49516939977979	6.47156792258006	12.3746141977971	14.2183854214958
"136"	3.68758354714644	1.78354312863961	-0.492209936837277	-1.33194534978381	-1.17932221218309	-2.6552809363121	-10.5767414748705	-11.6001285335393	-3.16410386609548	-1.20582112733061	-6.66667360491268	-6.77038729036259	7.44809466011814	7.22969699540835	14.0352617277676	11.2360312018769
"137"	1.49815544563014	1.54817125302018	-2.5422571124293	-2.0856636709363	0.131906863592844	-3.92458077540117	-10.4443088503546	-12.74849180166	-1.88858540582291	-0.0632038822947401	-6.00583316484165	-5.89937198393331	9.65380253025133	4.03526293014188	15.3086406030298	9.54776043629534
"138"	1.49815544563014	0.680817314229422	-2.94728537549513	-0.471192715336563	0.194636564707272	-2.52967497149363	-11.4100991001252	-12.4270725357343	-0.229527335614911	0.831180392753204	-8.24997513899373	-8.03827777942837	5.43477051986177	6.04130581239122	13.2427708839351	13.2313308528439
"139"	0.745754865391192	1.7016770683506	0.231922182660654	-2.74238790713174	-1.14033461747161	-1.36108740281012	-9.30060923186552	-10.6962328202603	-0.875981946797462	-0.0768365320589413	-7.36999274574319	-4.64582121232501	3.08759668607544	5.33559722062295	15.5867408933863	11.8020408698736
"140"	2.81374517414273	2.84003662896972	-0.67055580751249	-1.65575121301403	-0.997748083547672	-3.32686182682081	-11.0352138351931	-11.4696179909393	-2.35774403620641	0.55451411126836	-7.36179867264419	-6.57482655254033	3.27945946694763	4.99764512248795	13.4682984515742	12.6102301213116
"141"	1.93255647088118	0.475689233241003	-2.73561688322727	-0.0435874007422186	0.364739946045203	-1.18438843869417	-12.6989965335506	-13.9435826573051	-0.927153081731165	0.55651067561717	-5.01546514692512	-5.42380964029834	8.99032282635713	4.75877496503921	14.7306189745187	10.9257094988772
"142"	3.70761124860684	2.11511023903325	-0.555498048821178	-1.83222136441724	-1.42042899384913	-2.14382721417186	-9.82775332428375	-10.6639724193119	-0.350005215907654	-0.799317387325391	-8.42463537573397	-4.55897567807828	4.09333550387256	3.52948014634696	14.8541235390948	11.782902208662
"143"	1.74147216236367	1.47261241986761	0.195263434232077	-1.79601286444011	0.762004955570958	-1.5079691119717	-10.8375840149151	-10.2569342407857	0.205666812246227	-0.991669149496813	-6.06983105278127	-3.4743292280949	8.37640786733899	4.65823892890315	14.6347436943852	11.8570238434679
"144"	3.4978742282212	2.57700880628685	0.340884827394653	-0.544674692213119	-2.66996274969615	-1.06749702433752	-10.2296024998555	-13.3307178160055	-1.37871157394262	-0.546949047579446	-7.15766505875157	-3.68719076413922	3.44702974894893	7.30700100494679	12.0574783345908	12.4304065729686
"145"	2.5339619716772	2.34416740003885	-2.27926740236996	-1.17313351117487	-0.198465661007261	-2.11126258124289	-10.9950810838637	-11.8672053954198	0.973085838815661	-1.2453153660444	-6.91147072429427	-5.61406135760623	3.34730276794235	4.96242304874977	13.4752590535359	10.1051742253146
"146"	2.13100584917902	2.43043134818784	-0.934747828021295	-1.20360863547465	-1.93612749335032	-1.41089494542068	-11.3587587304141	-11.5846982802509	-0.457955022568514	-1.97549716623791	-6.32948825515002	-5.11757970917977	5.85439583427606	6.62235969270166	11.4025982187521	11.9944873189675
"147"	1.26820464110755	3.16642062514437	-2.28551320177448	-1.75553428958014	0.33425707629375	-0.221004187371694	-12.2076762793331	-9.94085381246688	-3.51016899852573	-0.791493863191282	-6.09437874437721	-5.7289736939631	7.49675772709182	6.37409354187758	13.4452087624897	13.7420280091535
"148"	1.26820464110755	2.55536723376617	-1.75559427597118	-0.0496045077276547	-1.63854272124253	0.418328687698927	-13.9933048734309	-10.5249194031893	0.376602062288928	-0.486927596401811	-5.9636401790455	-6.95646583830121	5.18066649607224	6.30635500399067	12.5434618156975	10.3319642247416
"149"	1.49815544563014	2.08524379324745	-2.31925014695288	-2.25682751742332	-0.0674687371157523	-1.66472891177297	-13.4979379433699	-12.2996884377539	-0.137203045803341	-0.833205933076516	-8.19068988766246	-5.08116877548217	8.41295180992286	3.86736377627754	15.5212449177958	13.3301292313403
"150"	2.74669587304158	1.07867696953406	-2.62283159007177	-0.112281857027267	-1.82331066776638	-2.43428215210426	-11.1478722909741	-11.5700192286801	-0.942489350354252	-0.968361180953067	-7.59645308884323	-5.34781616875995	10.4003331942988	4.08229840456405	10.2969235387513	10.2088134092638
"151"	1.22721089176565	2.3442117276254	-1.5418865332937	-1.43432525215761	-1.29720234413485	-0.435921837541311	-10.7145955522829	-12.667387600238	-0.888238656400813	-0.364560182705759	-7.41117725588311	-6.08027758908687	9.08603698715258	6.90416328006547	13.2702010922053	12.6267398191351
"152"	0.85985332126607	1.30729306676492	-2.94728537549513	-1.95976443476068	0.508334663069303	-2.40452186057654	-7.86698035302249	-13.0552626279298	0.368381201263307	-3.45462464790046	-8.57438852419053	-6.38160248230485	4.00223418312673	6.23204890056825	11.0576096253368	14.6884060431638
"153"	1.42750795655349	1.77482065150053	0.497719574410279	0.42513277565476	-0.894587034013163	-0.314472104470592	-13.9540464247367	-7.76506936850114	-2.37279641513727	-0.322220045665588	-7.5984807767177	-5.39820315231791	3.73063392640042	5.71946214310351	16.4760103914661	12.232037944734
"154"	1.42750795655349	1.84298008757006	0.300249585247835	-1.70276438035875	-2.11176686876146	-2.2506391017903	-14.0207468281524	-9.91088353787592	0.448108996803743	-1.10655591840379	-8.14941225119458	-6.2345731155506	6.59601061688906	6.00822095157291	16.5567916086389	13.9448827719788
"155"	2.80207833051768	2.21632223210475	-0.720841487470729	-0.860426947354907	-1.6642157508076	-2.13036291107848	-9.87205065244047	-12.6765892843664	0.516808704207366	-1.79628368795846	-7.79307558105324	-4.82885513364348	8.61813384998269	6.02581834959582	11.9000820151275	11.931739086898
"156"	3.69405698806467	2.14276679429832	0.72807759456972	-0.753540948376776	-1.18902445712774	-1.37278601807515	-13.2827218418206	-10.2143158413767	-1.706872124889	0.206325791284679	-7.47288138893978	-4.16230865322421	3.29398252917923	5.81119279274058	10.6471375427956	15.2686284874579
"157"	3.64166751133955	1.76275796029982	-0.990759811889009	-0.868376217458219	-1.1881645165264	-0.659587341352533	-12.8597450891148	-9.2157566877433	1.52914725141772	-0.276399378934718	-6.7634081900283	-3.63333748618305	2.44995912154744	4.47583280575918	12.7534632923122	11.46775207948
"158"	3.07691234035889	2.22429000270423	0.169134067624947	-1.33080957253448	-1.77513544432693	-1.16670505269471	-12.4320766827243	-10.9391647364084	-0.939308397219634	-0.29045183621113	-8.16896700218886	-5.912044637171	9.50076148504758	4.31261957757572	16.8172829633787	14.8456221108788
"159"	1.69488342336227	1.19615512797646	0.300249585247835	-2.27556189998092	-2.5549492106404	-1.96412378227926	-12.071963177293	-15.8992083127771	-0.616779982627362	-1.25426283463353	-5.79289920275013	-5.94816843270922	4.41244532059744	4.95792585333152	10.4679882118941	13.3652651948443
"160"	2.80207833051768	1.91379000605789	-2.66018291312268	-0.776527008214114	-2.319299047326	-1.55337779496993	-11.3229236481233	-10.6090915617155	0.802841579757178	-1.79618568611468	-7.1440776916684	-5.90809707138821	8.92717045555942	6.08058951993329	12.9216930729654	11.4041689853833
"161"	1.53924058543611	1.73791562276041	-1.39638120450619	0.234864241869699	-0.0208565926211759	-2.19371357279249	-12.7455998070962	-12.1933971437611	-1.76671874327897	-1.40219898029046	-7.91639617895439	-5.84133510755502	4.5121201717401	6.73344024804683	12.5920555161143	10.3785206364541
"162"	2.9320178209243	1.25710127419991	0.490607755120909	-3.38904892258818	-0.580906726937521	-2.56746680953419	-11.5827979442104	-9.57327295716273	-0.234288919817428	-1.42417036179315	-7.53398545628714	-6.5942453142203	8.26231616420506	5.49795926124708	12.5407411657874	12.6569068883113
"163"	1.65958833433676	2.32409118469187	-2.79558328182883	-1.68145212852693	-1.35298099512787	-1.04993620527543	-14.1899974794799	-13.701054346875	-0.807633761841248	-0.977694517892625	-7.25516511404115	-4.98509482519437	3.32723994036979	4.84129719288057	13.0038440778773	12.9167063284406
"164"	1.69488342336227	1.14258608416767	0.296605795766329	-1.47500248268104	0.508334663069284	-1.16744321857639	-9.64739357945245	-10.671275434703	-2.36718749171046	-1.59341793661325	-6.74642687373135	-6.20751875437005	8.81441762793848	6.31523093389974	13.4097074590099	12.7898153876938
"165"	3.0489684365811	2.80223820728476	-1.43138601376352	-2.4357671146476	-1.05159324203478	-2.38697514395586	-11.2225602594323	-9.78136831398678	-2.22501196510329	-1.42565740983517	-7.56187548271192	-7.25422521354125	9.33907809616473	7.13038943903216	14.0219602534476	10.3659867159428
"166"	1.09941027613563	2.32552686121196	0.732391209613182	-3.38131948892116	-2.22372226970972	-1.93472711348732	-11.2188551534061	-10.3474556686895	-2.55836236711175	0.221986262481735	-6.36171197228018	-4.0376086261798	10.128621665056	6.95066633969179	15.1013538827081	11.2592060601633
"167"	2.93619282165895	2.66907227668662	-0.388781220481338	-0.295785901760973	-3.09068406998098	-1.27317531911696	-9.35747976279703	-10.580397539387	-0.203789194906805	-1.10201267796188	-6.24714092405864	-4.10916589906528	6.55017293039524	7.12026656390045	10.8389800700224	12.6268896288237
"168"	0.779442561415463	1.95359765831402	-1.6092422118548	-0.940106616540729	-3.16248290261229	-0.720695788819387	-12.8098925332892	-12.6794130210073	1.06196196000474	0.0469060500246959	-6.41001890512884	-6.45358815003789	3.86603836247144	7.17000916996549	14.1360439869301	10.571107096029
"169"	2.5339619716772	1.49982278508998	-1.80503095151027	-2.70647393688327	-0.436514431165833	0.217841985643262	-9.08864395452577	-10.1160571981931	1.62226785855151	-2.1727329603014	-7.95233625105869	-7.51650423502928	2.79605698633788	5.68667270021847	13.1990524142734	11.7069051674494
"170"	1.42750795655349	2.56030202866108	-1.87203189865311	-0.250949643538167	-2.04688258075049	-2.97207073181933	-10.9029060491255	-12.1460786825513	-1.25875844618618	-0.808016441383216	-7.33725025663456	-6.28445166232766	5.48227768979933	7.66167332831334	16.7008640878443	10.242238868101
"171"	3.31365130505178	0.977882604234591	-0.627927607799857	-1.64714380707071	-2.29923754677002	-0.807031809056542	-11.4251720557792	-9.9675384238539	-0.603331082286749	-0.431091964324656	-8.88269329119093	-5.10984874946225	5.87366775310884	8.07405355812626	15.8144743294756	11.5734550123164
"172"	2.5339619716772	0.466588869463548	-3.10882466495422	-2.08054352294508	-0.0249123669762552	-3.28903989076798	-12.0443023761046	-13.4943424489633	0.130464745578994	0.203731578207779	-7.10275599186308	-6.99157931387321	8.80144802604849	7.37510591339336	15.3620697655211	14.2364583789738
"173"	1.22721089176565	0.0739878212371954	0.676402525748545	-1.3583451962808	-3.28616295574133	-1.18384786751836	-10.2132114647722	-11.8781406877146	-1.44980317124128	0.334021355339797	-5.8779315068892	-5.27721759903196	5.51294778618447	5.33607673855596	10.2958621467842	12.4180643349704
"174"	1.53123624372172	1.15126913497901	0.10162685872342	-4.54153630756135	0.762004955570958	-1.23369454992405	-12.0086895595365	-11.8096126072033	-1.96060532207178	-0.70169043278802	-7.45391998140514	-7.60310870640135	5.53819598371977	5.20315392889139	15.5345619444785	10.9735068678868
"175"	1.42750795655348	2.70147244979734	-1.81550286669673	-2.41323008423403	1.22135608051057	-2.15952670384668	-12.3127179282655	-12.7076455833751	0.225913600422996	-1.17561726276329	-8.28335903620457	-4.97680979368152	8.45714479647536	7.0860873563458	15.0726404262454	13.8848762912065
"176"	2.5339619716772	1.2151365734028	-2.23021189710757	-1.58686681930747	0.578006350412533	-1.5011592168801	-12.1560366271888	-9.57410902512525	-1.19434938969411	-3.06414264776212	-6.77186543058407	-4.95750115746969	8.81699213421322	4.36122739826105	15.3967385498546	13.3937009453207
"177"	2.74669587304158	2.23668922611654	0.262595715138497	-0.421964204328141	0.194636564707276	-1.59298335760108	-10.6647729415678	-12.3094980648516	0.0416674799176683	-0.958055192934888	-7.92239296212646	-7.73370498452203	4.02851658046764	5.29632416144588	13.3158148020603	14.1274052386155
"178"	1.26820464110755	1.74985143252309	0.142844610079111	-1.13989696592559	-0.608271166967598	-0.80633919023062	-11.4878243187448	-13.7703057020226	-0.275657415230479	0.715339423782132	-7.99065681024904	-5.48037829279125	5.4735247658268	7.24382655653823	9.74032897252947	12.093552817605
"179"	3.69405698806467	1.45951735647328	-0.192434315746874	-0.783531686870925	-0.317873546361342	-1.39376351624338	-13.0474906716495	-9.73169765446176	-1.19090940701272	-0.824287306812956	-7.30608013799995	-5.62851371178208	8.55972566228053	4.25411107369582	13.6220983171561	13.7848020146597
"180"	3.72552284306841	2.48949292524297	-2.29514540121303	-0.605643631296754	-1.77569484516454	-0.89685831524387	-8.64878942566301	-12.6416061806194	-1.76659942955472	-0.699351701423995	-8.87588031989879	-5.35573774949728	3.64538306272417	6.78001942757916	11.379742829334	13.7521700462883
"181"	1.69488342336228	1.12018080015204	-0.60302914302583	-0.47814197194259	-1.7277932877684	-2.04648507476908	-13.4910649171042	-11.0678178320574	-1.04993152366164	-0.588166383505653	-7.67683546687181	-4.36066067256854	9.28094547983274	7.10166402062966	14.4162466278158	11.0131531681165
"182"	1.26820464110755	3.15631713203868	-1.00873201032887	-1.39918415222795	-2.57911638036022	-3.28195954785317	-14.7141409769098	-12.2774494422378	-2.06425416784551	-0.964464775180981	-6.2551319252548	-4.34376709307275	3.5017280472116	5.67755041034857	12.9591809861805	11.0568175628045
"183"	1.25839115026524	4.2573811223366	-0.275309467934097	-0.873443188310849	0.334257076293744	-2.28894771035681	-10.1454951156065	-11.5951866199165	-2.1996213084384	0.690517747960869	-8.25712675793369	-5.34208232618075	9.33988322622781	5.55154895355291	12.3198024414363	12.143056503775
"184"	3.14929980112654	1.77576256097198	-2.79872357408067	-2.06164424610373	-0.346546772966882	-1.53628872874273	-10.1636998946261	-12.0870057803654	-2.49046791584949	-0.938332177004655	-6.72472688829926	-7.67206013145993	4.13108111293835	6.47336487027763	11.8159010412241	13.8395787039714
"185"	2.87322671475016	1.24469911607063	-2.53006907533214	-5.08970609334634	-1.65814959771735	-2.53099314593435	-12.0675808447483	-8.75288765969205	-0.81722631704509	-0.522212273682706	-7.27336809361718	-4.36229861864873	8.49580622643989	5.34807174439723	11.0912355715596	11.6499636273225
"186"	3.68758354714644	1.30975616625852	-0.609498328474909	-1.12607331168242	-0.0378388570792788	-1.42214649586226	-11.0060728424366	-9.92015163237829	0.613518390031764	-1.47664438373782	-5.36099164219734	-4.60893728502676	3.48503054658655	5.1328241012	13.7778705926805	13.2282942922677
"187"	3.53390148968105	1.92219093858138	-1.00228053435551	-0.0986736565644737	-0.0444150973486742	-0.127565126367751	-13.5113406584468	-11.6094230498164	-0.518984926253754	-0.504215752299527	-6.37000913594662	-5.16733328968629	6.64178841989113	4.3101355079003	10.8072392258838	14.1811277911352
"188"	3.70761124860684	3.57815141401944	0.406598605495798	-1.47196641005065	-0.0884250148194852	-2.82281765066834	-12.0220613842397	-11.4411779307552	-2.58745303334707	-0.572786091409221	-6.95080836489805	-3.65962366460703	7.99025405301053	6.57491326803916	12.6669792193213	13.8496668515774
"189"	1.35066375024191	1.16178149704575	-2.89025039286619	-1.45471692412246	1.47832912770617	0.734329018565998	-11.5069730548179	-9.57875905116208	-1.21762305124087	-0.923127985554126	-8.47555526206508	-5.59878897299962	4.84975909678172	5.44262575959771	13.1314540991496	11.5182043128184
"190"	1.26820464110755	2.64367177612828	-0.205421685153191	-0.356250558193789	-0.889571859954643	-2.83957799437839	-8.491480958257	-12.0910677993904	-1.72714622045567	-0.132598545097905	-6.76181040872768	-2.26060566223448	5.79752308228251	5.35775415539538	13.0017286656039	15.6522859742144
"191"	1.26820464110755	2.82437653727305	0.199020190298929	-0.571551600885442	-3.62324459825656	-2.46446078289908	-11.3446992115984	-9.77838929773102	-2.35522096205313	0.406427267494113	-6.79922690356652	-6.35389984232482	2.83112292476081	5.73862776834986	9.49764353299776	12.4253490257017
"192"	1.22721089176565	1.13489238904756	-0.592632405001531	-0.628466425834709	-0.73657836461054	-1.88407915782016	-11.5786569345749	-13.6780588347835	0.08919755749763	-0.168503358931945	-5.67903446740317	-6.25517908801465	8.65909440709495	6.75123347219805	15.6485332331116	11.4334009216987
"193"	2.76965984924329	2.93923129921639	-1.1230095081827	0.0422679275045844	-0.116832237978361	-1.80103576190417	-10.4573757161488	-11.4859334287177	-0.733366262627646	-2.49140309586078	-7.96713500058195	-6.23097961329016	4.99884972974683	4.99014774853119	12.678081322148	10.6001980575475
"194"	3.25929910996267	2.3043832807535	0.66836839043944	-1.61807854241045	-0.116832237978355	-1.74641512055424	-8.29386142043255	-9.03734993518977	-1.6680237206441	-0.362998649590463	-6.03176435120077	-4.59459264673906	2.82439224143574	3.46643608917973	13.7660802800393	11.5796483303742
"195"	0.85985332126607	1.13648745668858	-0.0183589284488177	-2.63324113726481	0.277063509623699	-3.16132935788699	-9.04233144865663	-12.0119084051109	0.81770057869133	-0.44432797664455	-6.47176194102805	-5.1324878368032	3.86426715238069	6.62623422641964	14.5582715862285	12.4420798456942
"196"	1.09941027613563	2.48217990397667	-3.55570209704646	-1.32849873584517	-1.88322557685214	-2.83251819656942	-9.60041135820991	-11.6971612938915	-1.5510274511949	-1.78146008968461	-5.89169485857123	-8.06456012547542	9.31502229381538	5.01626657510776	13.3121120628346	12.0920288773202
"197"	1.28134568107049	1.70460455966109	-1.72430195381728	-1.2181508879991	-0.100074635366822	-2.29020272407322	-9.5963365645651	-11.7701197681524	-2.42017939517229	0.548496890605157	-5.77168577522315	-5.05338130554768	6.19576127556888	5.09241160372391	9.55661728629367	13.8781018436239
"198"	3.69405698806467	2.30901880152555	-2.60304786168285	-2.02842003776446	-3.62324459825656	-2.47738890302961	-11.1944535320254	-11.2775928559871	-1.42637193344111	0.274840563998382	-7.49584781296798	-5.88783214983195	10.0553264411426	7.04364785646333	12.3699396949	11.4822595958948
"199"	2.1652882584534	1.18401870646766	-2.52569695852311	-1.39100934266413	-2.28368420602902	-0.507002967379806	-12.502335273373	-11.5586701931016	-2.10515606090573	0.893923752353188	-8.91009905931563	-6.22978429401329	4.53608741679092	3.88289297051027	9.45306702672955	14.0940925723997
"200"	3.15769947318908	0.838703473434963	-1.45967238851852	-2.24475278808173	-0.352002447569457	-2.75933901293221	-12.0167855657274	-11.1906613192378	-1.12913964018218	-0.983445429955306	-7.02988417984202	-6.96229694485581	4.37018168970524	4.66051931028566	11.1198611882182	9.65497408287104
"201"	3.53390148968105	0.567960662926939	-2.32536492139854	0.815219511684472	-2.41335025435408	-0.146988324588722	-8.57213138404763	-13.816175738984	-1.90098271324518	-1.06719678448882	-8.23293522134853	-4.66014355846289	3.68446286837883	4.92015811581597	10.7637990630801	15.9629992127636
"202"	1.74147216236367	2.52137677926262	-0.447310762738851	-0.75248042396683	-0.547327864280642	0.443020505174451	-12.3265145944225	-12.5123797733809	0.351775274998007	-0.00457772711627046	-8.19885711967932	-5.34943747033015	5.2976842620868	4.03350632576194	11.9218555559321	11.3048070666676
"203"	3.48396882062719	1.67362707701664	-1.75559427597118	-0.117654214627514	-0.664091430184238	-1.62376270164071	-12.2760749452533	-11.5633666747044	0.682156927601805	-1.19453718127924	-7.3367678747964	-5.73072802228037	8.04218862547314	4.90923443654725	11.5146156261055	14.5922226099748
"204"	2.5339619716772	3.25183790156907	0.142844610079111	-2.22997875133899	-1.27577653091321	-0.460378506917308	-10.8648399841853	-11.0707183914681	-2.54739526940377	-1.35388954589659	-6.83168687384819	-7.02643111838221	6.18406518574138	5.46697300901528	12.2812287328526	13.5763449146126
"205"	1.53123624372172	2.56302663307666	-2.72920403648862	-1.74351874203752	0.0338936811363181	-1.80254083757504	-7.9818966200656	-12.5571982865034	-2.64615048551629	-1.28446211852264	-6.98557673729015	-4.66813861635349	5.88208531188011	5.24915141880441	10.8988375564835	12.7026702792248
"206"	3.48396882062719	2.83133132081538	-1.17454352805706	-3.38138480351686	-0.833265675838593	-3.00309307982601	-10.8985987807784	-11.8157853183449	1.38038084853135	-1.17322225955975	-5.54507245796639	-5.85907637379508	3.1171673095114	4.28260633427544	12.5321775394078	13.8576664623342
"207"	1.22721089176565	1.68257660421117	-2.94728537549513	-1.5524983251755	-1.90780801827709	-1.38348421474278	-13.1147868596953	-10.492412911892	-0.706596122257771	-0.706273665595099	-8.69047169931481	-5.44146348540002	5.57620139200661	3.90435096261182	15.8724706293018	14.0936022266117
"208"	0.85985332126607	2.65625445944491	0.66836839043944	-0.747904443617673	-2.88853351427847	-0.687548559778115	-10.5293431023349	-11.9628532438214	1.53504544108913	-0.617499745072229	-6.25472500413152	-4.21168617361331	8.91666813107311	7.04543718185411	9.75482139464997	10.6715004476502
"209"	3.46575017126375	1.98840959199617	0.72807759456972	-2.49652547458974	1.10400966584284	-2.70707304587494	-10.6159422329848	-13.0935625470219	0.314278844995227	-0.785863770300103	-7.68352717381655	-7.60683011699709	6.39547057214277	5.23660686787607	14.6374415043546	10.3821865897867
"210"	3.70761124860684	3.42576065228748	0.130509694398357	0.0703260637713521	-0.102498704278204	-1.79722809168414	-8.29307693664849	-12.7274186045078	1.42082929787351	-2.08164326034855	-7.05808232759319	-4.4426580250473	3.03661189070452	6.18285649270824	14.6755579149491	10.2858739361434
"211"	2.17914209598734	0.964819420507553	-0.883565861220707	-0.142976598946806	-0.352002447569454	-1.24216277532747	-10.4240767286525	-12.5753816962089	-0.197376745622348	0.855552394073728	-7.27842414967189	-5.35182127975822	4.75549908248828	6.65961709593315	15.7356204502461	10.9390940046151
"212"	3.68758354714644	2.63339922305358	-1.05121073096121	-1.35705409613255	-1.4479313087441	-1.88252975874762	-10.6648101384744	-13.2337141542065	-0.597665515097134	0.416891126230254	-6.59052041470412	-5.07747972151936	7.06999927027738	5.48367657514915	13.0061727418804	11.3037749595135
"213"	3.37813349552731	1.72819906314717	-2.85388551668909	-0.981135091586449	-1.13576580326818	-2.93485021269128	-8.18690059999077	-12.9236537903205	-0.354769652218979	-2.13589562439146	-9.1550641019674	-6.93246855680451	7.66774126150058	6.05460873598472	12.6448417363827	12.0969632935257
"214"	3.69405698806467	2.92677991913702	0.340884827394653	-1.68221446173912	-0.964436343277507	-0.794724803693753	-8.94338597147796	-13.4092447104698	-0.504507674992387	0.215135695927656	-6.38894880114391	-4.40413047475544	5.43195765446443	8.19683002767746	13.6141371118629	9.99874584920526
"215"	2.51739454275518	1.64836548819983	-0.965474610881689	-2.54661824261306	-1.01421189580837	-1.75967285942583	-12.3476061251126	-11.8360259207156	-1.50014463885582	-1.78024865605454	-7.68165016815474	-6.68814580572965	4.20220848854487	7.58257815695503	10.2539561313453	9.09193562325464
"216"	3.25929910996267	1.07846968005747	-2.71194232117797	-1.75198726914131	-1.03726695463841	-2.56010803559811	-11.0449165694856	-11.1498452193892	-1.53690149081093	-1.65729799492633	-6.27883180415642	-5.65998572728062	8.43937142169699	5.01610083050101	13.5415867874648	11.6324030786153
"217"	0.555332345974031	1.8330198078619	-2.32454790911864	0.318822807451904	-0.751204166947776	-2.49622227950713	-13.4892592252164	-11.4295210153341	-0.665343284765957	-1.44107883671235	-5.63120140995967	-5.72868354252224	4.81302158768922	4.59717370449288	9.8816768220212	10.6713290706172
"218"	2.5339619716772	1.52218364066271	-0.849686569847632	-1.18601288687456	-3.20389116171133	-2.01189369886292	-11.5142391059449	-9.78680743801749	-2.73426410586308	-0.243449381321562	-7.56041276428407	-4.57143499827125	8.54793569146393	3.76299126303021	13.735816681204	10.4726015454762
"219"	3.127200690307	2.14504830641478	-1.04865380001268	-1.26880440787471	-3.07706883828599	-1.91510573858461	-12.9776124030474	-9.90061894326508	-0.969589348691306	-0.745509413772025	-7.38782132214753	-4.8850838433585	8.78619035686734	4.72081707001654	12.1687282401063	12.1857926353286
"220"	3.72552284306841	2.73868152040242	0.348700886319975	-1.14586353300182	0.448400263916525	-1.11210158492323	-10.8556573259279	-11.4743606023122	-1.45249054735714	-0.662204548872905	-8.13979287728529	-4.8256948548256	4.90360157605528	7.6405886450416	13.3730635036041	11.0695645338202
"221"	3.70306201768058	1.89106663284585	0.0718775376349214	-0.438715731514172	-0.280017422075504	-3.10982205083998	-11.3173569942119	-11.4548336720167	0.19876447533062	-0.19426050892694	-7.44005360806449	-5.31923138747957	7.73629595327	6.35236806353823	14.7736303178674	13.7944164728218
"222"	1.26820464110755	3.13267545796667	-3.3043922974532	-1.17071710468567	-2.02496685539863	-0.396648115350475	-13.3113022803952	-9.750875863741	-1.02435781102855	-0.909924425519075	-7.13900935233256	-5.3688603944518	3.82287304326468	5.15722856713306	11.1229409530865	11.6906485979995
"223"	1.35066375024192	2.52063584395845	0.42320482540088	-0.751117874050995	-1.1264887708587	-0.639769340958178	-13.6192926982059	-9.24899620674955	-0.37323525296968	-0.969029700584994	-6.21678839204306	-6.49374045800675	9.12468610894804	6.29475490983543	11.4797933868957	15.5737893105576
"224"	0.951025693378164	1.98884643296595	0.378445121056239	-0.305323931442543	-3.43092537166375	-3.06339868377064	-10.2059761908809	-11.7544288103015	-0.794713870226889	-0.472621156919113	-5.89047493611021	-5.37125725534398	9.89943531842375	5.99960656096543	12.8976871196331	11.795602240186
"225"	3.68758354714644	0.776695197364087	0.67640252574855	-2.11800756652048	-3.34319610821581	-1.78207024340275	-13.5018170297078	-10.0358256965419	-1.47897885687473	1.21999399222795	-6.35202719357633	-5.97082389681995	4.27286140135169	5.9157890743053	10.7452578798533	14.6505975119955
"226"	2.02179115789832	3.47627168682001	0.72807759456972	-2.44562138805734	-1.65837772001451	-1.97287215963414	-8.11683736693902	-10.325607181065	0.405379217843465	-1.57318471899991	-6.5205129869637	-6.77094980750704	7.95057327750914	8.69228761574362	10.074419050389	11.684380203736
"227"	-0.372460467046985	2.83400426766455	0.395496779611995	-3.56358222153229	-0.921168913490945	-2.47101105608935	-11.3514813518735	-12.3937573983263	-1.62044319917429	-2.06441160935233	-5.7681096772622	-5.4206575449667	5.7210654767804	6.89618948463816	11.9599892425117	13.2474359028767
"228"	1.09941027613563	1.20817208670352	0.340884827394653	2.00460526804208	-1.70007269397858	-1.62151444913799	-8.9286423147866	-10.3444475012819	0.895612895389248	-0.142568852853383	-7.65352771836914	-5.76678734513906	6.53667717815639	6.51232305138521	10.7153745407211	12.7552253647386
"229"	2.5339619716772	2.72959883081009	0.144640631756321	-1.12803009915867	-2.25322183198675	-0.592102028968385	-8.73236490237669	-12.5841615800342	-0.664657337190863	-0.899345572512802	-7.41225998780653	-6.34762736572254	8.65237641516435	5.1674259353172	13.663785631443	11.8577316726722
"230"	3.70761124860684	0.851987539252363	-2.85502951103748	-0.684385580688646	-2.7217729235172	-1.74129319518403	-14.076075762495	-12.9834560570976	-2.47096351171467	-0.532642960804605	-7.42625308847708	-5.35811508469615	7.84662648394159	6.6043165708325	12.7930696575131	13.542542019838
"231"	1.53123624372172	2.51507771291599	0.300249585247835	-2.08925924453831	-2.92901084375193	-1.18577729034507	-10.863771361542	-11.0756837017664	-1.07144384873473	0.639091754404157	-7.1252782980342	-7.12020306305821	4.95470667028686	6.54107210063438	15.460623584731	12.7801076305073
"232"	3.07448193652606	1.44223434246321	0.67640252574855	-1.1865436992753	-1.80375690729073	-2.28732600150208	-11.4287119131736	-12.4064479225222	-0.0304807366010351	0.189305708880716	-8.23572351474595	-6.41661548432259	6.64993573804594	4.19348973777635	13.7755877805204	12.2169568345449
"233"	1.25839115026524	1.97479308081641	-0.676413078611584	0.291762939619029	-1.29720234413484	-3.33627788445061	-10.7456241926834	-12.2063252017496	-2.38527246316881	-1.3495584068242	-7.85237871983071	-5.54167616039433	7.37591833785847	6.18315208294967	14.0888570950338	12.5392976691684
"234"	3.69405698806467	0.313735852754777	-0.592632405001531	-1.63884713436491	-2.21360985536955	-0.876528035751305	-12.6789362137638	-10.6504034406336	1.24612654990006	-0.869411880966707	-7.35573746464558	-4.60517751605603	3.81526229425255	4.00500708192988	11.7153838938719	11.5939476357967
"235"	-0.226495565199287	1.53313229582795	-0.181244622343676	-2.66653620393901	-0.102364794072813	-2.23063154254498	-10.4070656617339	-10.0810878699098	-0.230532565928201	-0.408968012526412	-4.42588299771537	-7.37356870655766	4.04497077175472	6.11787723600459	8.84243627850733	10.516633036431
"236"	3.07448193652606	0.645009679986548	-1.30161849485641	-0.387083151427557	0.696515204349958	-0.884329332730022	-9.58195751742454	-10.4861635058056	-0.625562967834149	1.11104525596371	-7.59505613187604	-5.83999543700721	5.79274359572155	4.28410088313723	16.3426071133882	14.0303455701969
"237"	1.81927462318871	2.66578503869647	0.163955755814018	-1.32093597000899	-1.8463636026599	-0.319505979745076	-11.1099726424006	-13.1251195655946	0.389121606304424	-0.817710044414932	-7.96870700315123	-5.42495881005507	8.69373903934676	8.16452660752214	13.2620467320811	12.2467699571009
"238"	3.72552284306842	2.63590294691647	0.315141458591741	-2.03311959212837	-1.87843668478171	-0.961054567114326	-11.0686432507971	-12.645573479424	-1.71028409556524	-0.296027386167289	-7.84022286145899	-6.53601915115049	8.05923944493516	5.01944143819285	9.8604273077036	10.0067744038646
"239"	3.64019661367845	2.81077957398919	-1.44590233786675	-1.36352985254728	-1.9451058217844	-2.28403082901098	-12.9206774200411	-11.3823361259387	-0.696412955784273	-0.0682289115859166	-7.0931031321088	-5.29958373317014	6.43475071794662	5.86768563576099	13.2900475097318	13.4894863527028
"240"	2.93619282165895	1.22937337411406	-2.99021439640438	-0.580148377679879	0.282207931901662	-2.97002665474446	-8.79234229278605	-11.6151945642872	-0.952465298201571	-2.09165421731757	-6.84542596492387	-6.08185438535332	8.50837704740463	6.43390757731652	15.0503880451556	12.61277983527
"241"	3.53390148968105	2.75605703923313	0.395496779611995	-2.63823872868165	-2.15051585216227	-1.49743004093589	-12.0910386204725	-10.6710873339894	-0.995994035016158	-0.869492017154176	-6.48121587273397	-5.82720513706027	8.44288284657877	8.08384071753795	13.8284312765824	14.3634864959427
"242"	2.91847085802888	2.36807684254773	-2.20328655344304	-2.91881731805486	-0.334895948975959	-2.01848889912389	-11.6910159937371	-11.3342324311915	-2.11206442200655	0.754306383663428	-7.55624839484952	-5.81162692875589	6.4713941892517	4.53048613669538	13.3522342073982	14.2978044903789
"243"	1.28134568107049	2.66643081607921	-1.54808136227115	0.144906439559258	-1.6343285356336	-0.477832484770696	-9.41119876282015	-7.65009793383303	-1.62231977646764	-1.11606229928348	-7.14976411782447	-6.12476454218984	4.02334609862033	6.68185809497109	10.8890873053753	15.8514920201211
"244"	0.577993841975381	1.99897600991599	-2.72634899641529	-1.52770851304728	-0.0192587212308899	-2.88501996928249	-11.0462393935461	-12.9561953878487	-1.2210783734491	-1.03885045175444	-5.61318955425848	-5.38996159355188	3.35200105961834	6.67134995231042	13.8257140097875	12.6269477404916
"245"	2.89582043741268	1.82227355212663	-2.79558328182883	-0.685743331806297	-2.22059497990133	-1.90524492339225	-11.6741508614546	-10.0170494868346	1.08718313061538	-1.8294957748528	-7.06830760636756	-5.82282824496562	6.42393070798576	5.46567147444814	11.1424975130782	12.2303954887908
"246"	2.5339619716772	2.97394414951423	-2.07308167282415	-1.51325018879143	-1.56054526311751	-1.98976223100837	-10.5124880838544	-7.6572347496601	1.25003269185358	-0.3878455702824	-8.49650631547547	-5.71230860626083	9.40072237489301	3.63743879680975	11.4072796306492	11.7373321443256
"247"	2.77887336722046	2.76168349899445	-0.492209936837279	-3.69170698942787	-1.69415026724334	-1.22485996355465	-9.77395833573985	-10.7034692744503	0.930702259463038	0.652860216972106	-8.03156392847469	-4.28512022679979	3.91953850380212	4.0599408702408	11.9751899553481	10.6139174489171
"248"	3.69405698806467	1.81839027528885	0.291509529588271	-1.81319601398938	-1.66286530871373	-2.74911424507237	-13.796299270175	-11.7990272969266	0.184600400456284	-1.33456924496937	-7.9221353271125	-3.14074225254905	4.55966706746246	7.19062769969976	12.619098864672	14.7149347920658
"249"	1.53123624372172	2.14369318220289	0.406598605495794	-1.50796759833449	-0.655212524433933	-2.40657288734634	-12.3906720224145	-9.23858224920786	-2.47217327640445	-1.05990415871391	-5.5767169302481	-4.72545165084505	9.41390738815296	6.08156804382729	13.919533629433	13.9209594411343
"250"	1.69488342336227	1.84345653516165	-1.12045377524449	-1.79524921551229	-0.793126294379563	0.0797762527082475	-9.24603924323103	-13.3088189677396	-2.43642372980734	-0.043437973384164	-5.17510603549656	-5.69789812088307	9.94163721584516	7.12648834281288	13.040647202571	14.023097251733
"251"	2.96077905224282	2.59896322734922	-0.567070590187133	-1.32939449218767	-0.864461548823182	-2.55691272317201	-12.8169901428435	-11.7642784920053	-0.52961830332129	1.01370615326961	-6.99236765535654	-5.9544461081624	8.36790507789673	6.4033976938441	14.1252049519893	13.1508418157201
"252"	1.69064373982094	2.43815686486207	-1.53276392683002	-2.89915413815145	-0.34517738025883	-2.13922875789141	-11.8330480799205	-14.844944746459	-2.0788466903726	-0.564457319887411	-8.43106916092074	-4.2964644565726	4.59443436714055	5.88301373232067	12.9093747006137	10.8345142068565
"253"	1.22721089176565	2.91428163256494	0.334356233162172	-0.863344618372358	0.779370159334519	-1.96388157219902	-9.45950089252816	-9.97767371453747	-0.432884441511289	-1.88166115781917	-7.88528467731631	-4.94359199044631	3.94214954258899	4.48475464691723	9.70626766171819	10.3060693370836
"254"	3.62255623252432	0.500496251564751	0.340884827394662	-0.981926625620314	-0.65521252443393	-2.66001988548001	-13.4889320201207	-8.98432675486178	-1.89458182915642	-1.00161614844533	-7.86174730198634	-6.29475025709211	4.97168157580527	7.40693875649924	14.2264198995118	10.9158499382802
"255"	3.46575017126375	2.00005622927683	-0.965153928899863	-1.86793484360416	0.0916414616786465	-3.06094234035119	-10.5921336611757	-11.4377555568784	-1.9308931393757	-0.689859507674326	-7.56016394416172	-6.04941912075814	9.67117067252115	6.13718138376102	13.5632560480257	12.5335675685515
"256"	1.53123624372172	3.1510146920156	-2.47760932058562	-1.90689817002949	0.747583748631595	-1.34726378845646	-8.91938955770811	-10.7728235972047	-1.49390652263902	-0.0791041704742924	-5.47002768195023	-3.77985656413488	8.77734969438135	4.41986449835236	12.8129847813618	13.3777580858613
"257"	1.26820464110755	1.89594409569893	-2.89025039286619	0.604333917019742	-0.322805822629997	-2.41083098064822	-13.0593142394838	-11.3467954211538	-0.514781586024142	-1.6647399866518	-7.55546091670578	-5.5662692825089	6.00142665540496	3.81857847611146	13.8509987566491	10.6960754213506
"258"	2.7787732410454	3.09822517158631	0.395496779611995	-1.24907098071327	0.577881111087388	-2.02667400412868	-9.06742256652102	-14.6807927448796	-2.74594284024735	-1.51748270724908	-7.14782992874291	-6.98467867326968	5.16108191561081	4.25201894604508	14.1277081781196	13.8778079526489
"259"	3.62255623252432	1.73200507498497	0.0763470666027169	0.0163422761201207	0.980061637721226	-1.54167558438329	-10.2841277937534	-13.2824367065497	-1.07862760998323	-1.29616287163022	-5.75272343884872	-5.13413953339136	4.63559203439337	6.77102880785132	16.3300744615812	12.3161801297357
"260"	3.62255623252432	1.966321542229	-0.77884633179993	-0.863925768382033	0.044349728621835	-1.06905976330592	-10.6762820214303	-9.74089103612735	-0.444765190272761	-1.01984390749526	-5.72323617275825	-6.68748609571909	5.5193173022663	4.62559258959712	12.5535247253613	12.3453680267202
"261"	1.56506547751884	2.29194471383434	0.66836839043944	-0.614107855630216	-1.68407476327672	-1.3385592469994	-11.1987571084053	-14.3599115090262	-1.43406336789929	-1.00588973906074	-6.83670769177581	-5.38803720911969	6.88480177779384	6.89581513448454	15.6163165686709	15.100325441862
"262"	3.69405698806467	3.5050628219447	-1.53432747746778	-0.247971059666484	0.739454144094709	-2.25088784266248	-14.5790800657793	-12.3763015631121	-0.712271907678566	-0.132327420749227	-6.92172623855598	-5.27758835678919	10.1328953244306	6.00128858271363	15.2873383397621	12.3152376725686
"263"	0.467109602223086	2.44594399235581	-2.29514540121302	-1.45503176494747	-0.181899081424734	-3.46012694371932	-9.85590392489209	-14.8958705056244	-1.062464042301	1.56032873842982	-7.18774546051369	-7.2244867298992	4.87264706849138	4.69071953015642	8.99263916994676	10.7923470914581
"264"	2.5339619716772	1.84127069734126	-0.0118445156848714	-0.954190064737987	-2.66461729926455	-3.53115216780309	-9.73351741456094	-10.4424691208457	-0.539065968223451	-0.134873187766199	-6.40339317011023	-6.17881664278828	6.29396451143239	3.97724366055425	13.3638820902885	13.5544452071508
"265"	3.53390148968105	4.37007449669944	-0.938435703983098	-0.80526829111171	-3.3098784742307	-1.3957122191384	-10.6042061156275	-10.6360872433934	-1.75783068936417	-1.32534923556553	-6.98054703564254	-5.82956335061866	4.1399674325544	5.9285700467637	10.6485852633779	9.63057954717129
"266"	3.21184797941574	3.3624763364531	-1.31875412632739	-1.78461858016586	-2.03552879641176	-0.471376404030062	-13.6448260965035	-9.68554125307689	-1.78142340656121	-0.634639724383923	-8.70288087198837	-5.7238704286744	8.72799017449226	7.15483518199083	12.1790003008394	11.5677146261297
"267"	1.62061078763076	2.07133598457008	-0.959831969002862	-0.405424318068532	-0.879515687020543	-0.822796683016691	-11.3574665903547	-12.9544915375062	0.359566236637397	-0.473181630034022	-7.07360224449445	-6.50929422440901	9.71498023629895	2.75395850238979	14.4140045436226	12.7346110026878
"268"	1.53123624372172	2.06279919916357	-2.44855061539424	-1.14385122946532	-0.323646698051061	-1.3712729181848	-12.1984447523216	-13.0142393534961	-1.58224604079809	-0.892076528370959	-6.34656007920452	-5.90496974022033	6.58899574888663	5.6097575214157	10.9795697033881	13.948036590273
"269"	1.65958833433676	2.59455433390177	-2.67797103292623	-0.514475860962089	-1.33271944620116	-2.53408690498987	-8.11176641532269	-11.5503122034358	-2.07353334097697	-0.947087684519823	-7.74785743579853	-5.64667503335766	5.51579522478809	3.90250247143942	11.0817484680492	13.0093707402989
"270"	1.28134568107049	1.72824640907036	-1.67709033293849	-0.373831419665168	-0.927699353180325	-1.09751366864475	-14.7828244750286	-10.6141788528778	1.20586762787081	-0.351824227044408	-6.95309969296745	-4.9600819349744	3.22658259238177	3.96045831394245	10.1487948964929	13.2043929222384
"271"	3.15769947318908	2.93751469896813	-1.00385353354443	-0.682764738273674	-0.136314198481387	-2.46356918209629	-10.9780532396335	-12.0936100477262	-0.666910753096232	-1.08464412485585	-6.06742383074391	-4.89581473493262	9.56793243093084	4.49892800008454	11.7244336534654	13.9950263120865
"272"	-0.226495565199287	3.88482746210473	0.158028348412214	-1.36905233497437	-2.19807626931393	-2.91629508342898	-11.0824903881606	-12.1543155012007	-0.626678243223274	-1.20675690687756	-7.42843290374807	-5.5489602674649	5.04757624831853	4.50543428542942	10.1028873307429	12.3039376489931
"273"	3.69405698806467	2.63682898669857	0.668368390439459	-0.578072170708121	-1.26688716856335	-1.17541566663405	-11.282807402116	-14.0564827351244	-1.97822775754172	-0.162354753153093	-9.24479900313004	-4.22887997774861	9.85370660821808	6.8447248747287	12.3500677500998	8.7827583475644
"274"	1.26820464110755	1.78555502316665	0.113741975582335	-2.69179328841315	0.320096308972655	-2.91223982193122	-10.2019925602146	-13.8907958683005	-0.824847879671006	-0.609759627007886	-7.57962740552675	-4.33286341337811	8.34432906778057	5.31514901823678	10.9272693257435	12.3747769428986
"275"	1.19846646185836	3.05647368959254	-1.29121426757748	-0.747233576656585	0.12448232165498	0.0221751495305806	-14.5284817412555	-12.1071451133276	0.0951964646881293	-0.576149685921683	-6.65682344275324	-6.16854848040332	2.67961982617596	5.62931612470072	9.31598150748333	11.0539254323073
"276"	3.72552284306841	2.02828434387636	0.291509529588271	-1.03821090335231	-1.6366009321352	-1.53251425082967	-13.8950742546742	-10.6509253967027	-1.30192158382156	1.49487085582283	-8.4580777589592	-4.28071933129671	9.38435070450878	5.8828278037952	12.7469328058888	12.0385204411976
"277"	3.68758354714644	2.39082403614592	-2.7934234923209	-0.993354067392302	-1.90832381715522	-2.58816615837911	-11.8272672095129	-12.1285336235731	-1.89533532850613	-1.85462152354241	-6.25381986074821	-5.80723368899614	6.15428362356169	5.29021275242195	12.4567271237954	14.8197201385374
"278"	3.69405698806467	1.86523656583117	0.342396442383654	-2.19516002213773	-2.85195148868741	-2.57922463982826	-10.0753740919022	-14.4369652771093	0.609386316414131	-0.489794697581859	-7.91625547738944	-6.82894985071592	4.66208786697468	4.90693538658382	12.4436634967037	12.0088240665105
"279"	3.62255623252432	2.31013781834814	0.195263434232076	-1.79342985070307	-1.00236206780606	-2.92348305365527	-8.07150211655526	-14.1745455795658	-1.90350580799358	-2.1835456732403	-7.59070429562659	-6.59511702892851	3.60277183445239	6.22793323751508	10.739620953633	13.0793316387819
"280"	3.70761124860684	2.73687056448364	-1.11930733926773	-0.45548293774601	-1.5605452631175	-3.7107836959611	-11.1438894121937	-9.85251226574064	-2.03471809990267	-0.602678947002988	-7.37066809615424	-4.90584239080482	5.23749570563076	6.44516930181378	13.4287998455255	10.3590214723742
"281"	0.632413614486087	1.88509205489818	-2.40295430403865	-2.50504985702109	-0.993395212220162	-2.93242039393253	-9.64191375383463	-12.7688340234111	-2.51425042546498	-0.419588063240979	-8.16981937265961	-5.76873261671213	6.87008541406356	6.07525090985017	14.835170499505	12.1881006343643
"282"	1.48926697380616	1.64123018228704	0.142844610079111	-1.35757967556857	-1.91010855835445	-0.467273153800539	-9.75474965791611	-8.17340638216167	-0.705170174155048	-3.08508496200159	-6.12593228139397	-4.84664696246169	6.70192021594238	2.91451029984728	15.5283520261735	9.97604225853474
"283"	3.62255623252432	1.81852829210986	0.291784447984837	0.447431760067211	-1.27488703910198	-0.0702247718910595	-9.70951025009634	-12.3404890660188	-1.82014508585697	1.07600071915328	-6.27042962797807	-5.4355794864777	8.62744070299189	6.75470201045388	12.1675146406558	12.1707979580633
"284"	2.5339619716772	1.24933838887112	0.0231260895126483	0.159683378399171	-0.00955717039935047	-0.588491959473665	-12.6789362137638	-8.37170543020442	1.01846331907439	-0.108314576825742	-7.6707121192945	-3.31469896047765	6.45200381306142	5.85101545738108	10.069053855719	13.1492456597666
"285"	1.53123624372172	1.37796159935519	-3.3335444362344	-2.90364625827338	-1.33951422104027	-3.00597188148879	-13.7680991703631	-12.8898922507627	-0.330811203672053	-1.26918379023597	-7.71264387298187	-5.85448150387101	2.93406802839137	7.66618719579725	12.59812679464	15.1700581536056
"286"	2.44329161977238	0.0372398610940012	0.0657211952558825	-0.960334576171066	0.70413442613828	-1.67767947685231	-8.56185620291682	-12.6355726194291	0.354185760155598	-0.0456790321323512	-3.26732927785424	-4.70042087995987	7.99274722903436	6.67642453840484	12.9592811985646	10.0689868513262
"287"	3.70761124860684	2.58341860170035	-1.6092422118548	-2.50634380343645	-1.68407476327673	-3.18269299038028	-10.9191681566643	-9.23142967915417	-1.66872230093726	-0.0746455038044802	-5.63022752608518	-6.70358672608056	9.69743794671695	7.32853229050319	16.3265633367059	10.6648505740613
"288"	3.127200690307	1.80644627008987	-2.27926740236996	-2.02976113325193	1.0733462655637	-0.319806713371493	-14.687582687364	-11.4298728017696	-0.442857139122513	-3.01352894319521	-6.9319172542926	-4.20981979427648	3.83733955366057	4.13416117267979	13.5928360760924	10.853605391652
"289"	2.5339619716772	2.10011988746013	-2.87634533982196	-1.2997544610928	-1.21228474101159	-2.28750741392703	-10.5568683365206	-10.7885809506437	0.818893188072361	-0.89259739635718	-5.95387372217973	-5.28132027704795	4.89693048271132	9.3223646387866	12.4834221370176	12.7140332513917
"290"	1.58915648360365	0.806199584413839	0.126688779027238	-0.675018888125476	-0.712728167981156	-0.92653673904095	-12.8935465403025	-9.28488469301811	-1.81685611958474	-2.7711317289486	-6.89219242879816	-5.90210196931475	3.26931952207115	6.18983788926421	11.891251444867	13.5899218843883
"291"	3.70761124860684	1.71944843594758	-1.3541983804579	-1.45281150426822	-1.2119605747592	-2.48734508762281	-11.7687603984539	-14.1200441980619	-1.64207950101492	0.996531744324205	-8.05742245015709	-7.20976854665425	5.16458954017321	3.93185130540555	14.6769120715787	15.2381806248866
"292"	3.46575017126375	1.38886584191735	-1.61050610010664	-1.46543689620806	0.13190686359283	-0.275498638981212	-7.67031960503344	-9.18470946696168	1.03718561995151	0.118631062191282	-7.74519543510919	-7.2489848509773	4.48683599848101	5.34764254698763	14.809105793638	12.4333861701481
"293"	3.20881234489573	2.13536200065287	0.378445121056237	-1.45482057862866	-1.05597353256552	-2.7395658167218	-11.8116795432917	-13.1094107639073	-1.38977156978201	0.539403089466083	-8.12853657347623	-5.6338644756132	5.48243821237065	8.03508082735372	11.5979935549	13.4704520206293
"294"	0.411683385223013	1.66202992263647	-1.6084745186492	-0.0954940765149371	-1.40570542921185	-0.371348257565146	-9.1271658249036	-10.7868794936121	1.21602957662411	0.607516944563358	-6.5454228153276	-5.27651951648107	10.2498228511327	6.27376618381491	15.2709608124664	13.2143889582468
"295"	3.48396882062719	0.948146813989192	0.498141249437883	-0.166105831137108	-1.20434571698549	-0.385817055816163	-12.4136848014367	-12.6550581207873	-1.82629855055196	-0.50151437485924	-7.04642767430343	-6.69743760921361	4.56102646468518	5.07509338774619	14.8616191380171	9.79460171470545
"296"	2.68444242761198	2.50602163470026	0.66836839043944	-0.53823157193978	-1.65518532165527	-1.54547700461067	-7.6953313514764	-11.2561611868909	-1.41907147324911	-1.35469241272198	-8.44434669184898	-4.67535523262631	5.26677497139695	5.95101443029124	11.904732607156	11.1285159100031
"297"	2.5339619716772	1.25787734287356	-1.2565271214688	-1.08977945747356	-1.8144784628946	-1.30660536416193	-11.7825462033066	-10.4852174363277	-2.33548620184522	0.23962943113087	-6.70969174490338	-6.96730989755177	4.91621953625315	5.9501250372329	10.967127194557	14.6897505540112
"298"	1.77160960664429	1.02005435706477	-3.28300749474226	-3.4179494014886	-2.15679193035466	-1.67270434468976	-13.3597026551874	-14.0078347388192	1.10921507385582	-1.89690396764502	-6.23089835444538	-5.78337589553978	8.96803179550475	7.85114357817052	12.3013272951214	11.5677075723296
"299"	2.5339619716772	1.80350947954229	-1.2192856759155	-1.06201126020663	-0.655212524433933	-1.00218098771059	-10.9616165056911	-11.2859249953835	-2.62530657071319	0.0114154846439033	-6.1394947487036	-5.63193204728633	9.71860026211056	5.8156029043393	14.5220581594714	13.2575833597234
"300"	0.779442561415461	1.71886807859523	-0.652658507373005	-0.197381641369264	-0.415958917018161	-1.19441956444607	-8.65333225525454	-11.1736930274642	-1.350995855437	0.350604919727071	-6.27871592193361	-4.90846803420818	5.83028891867188	7.58880885720502	15.8054552658861	9.86837620985499
"301"	0.85985332126607	2.82557389621888	-0.744559455297161	-1.06205268419313	-2.07604962780615	-2.4233121874506	-11.3189153293007	-10.257604151492	0.0114978637887617	-0.0726732456225563	-5.79472934552443	-4.65109491431467	5.15265424667637	6.47029415666607	10.8425281135951	10.7679749483304
"302"	0.480479020479992	1.54918499428327	-1.49906893387536	-0.363806187711485	-2.34449094282567	-1.72138354453873	-11.9478601165502	-11.5848030159482	-0.628383175262558	-0.40954489542933	-5.58548432214193	-4.1639401786252	4.87852511618265	4.48326895151716	12.3388685248321	14.9149966822117
"303"	2.5339619716772	1.85712029032143	-2.27926740236996	-0.255044777890555	-0.867023228828612	-0.536840634204806	-11.6473498241154	-11.5677557557259	-2.16661459393763	-0.426956273254189	-6.10105311349517	-3.37573925741957	9.8468849451704	7.28449894908212	13.8103447879288	15.2023261916038
"304"	3.69405698806467	2.68026422089254	-1.18220500072881	-1.70054202875184	0.738890595895793	-0.880954385921311	-13.0234621883984	-11.0623494808275	1.22372627216156	0.812926432191611	-7.58294134860788	-4.63927887034692	3.20558603289584	4.4960273792655	13.6564009937284	11.9495294834962
"305"	3.20373123886641	1.0953397847881	-0.828460843941968	-1.06000507043076	-4.28175384469043	-1.50892275150646	-12.666555037764	-10.5963111029841	-0.0428596948502316	-3.03497906166107	-6.64650505274479	-5.65148426375181	4.16975475022583	8.17896353733733	14.7079044651171	12.364348606104
"306"	1.53123624372172	2.72710973975688	0.506264055720336	-0.300694663513034	-1.73764070426796	-1.44836488773012	-12.0962668955127	-13.9582714618122	-0.471926970890665	-1.48455118570154	-6.84279382163792	-5.10296482085497	3.58706854159312	7.95775603567871	14.1243615193746	13.8082321683666
"307"	2.5339619716772	1.94392013513711	0.66836839043944	-0.087891859114477	-2.05120468486181	-1.60509045504584	-10.0417796181177	-10.7535094133435	-0.258745281036969	0.547763216470957	-6.6759822923836	-6.45529380450893	4.11165988864378	7.33002384932813	12.8838836917273	11.7322387062003
"308"	2.74669587304158	2.46717691638301	0.490607755120916	-1.08602196041674	-0.85540635933208	-1.29777790662882	-11.3640956463826	-12.005356812339	-0.276097588852071	-0.696715513930958	-7.70127941688533	-4.07337324522422	6.49210583731684	8.46916569549451	14.3438127947247	15.1555965985361
"309"	0.599850512986528	1.29463322977721	-1.94583678638961	-2.31700934570351	-2.39674029519586	-1.45813844462445	-11.5049711568316	-10.109077216259	-1.36209766340787	-1.27268446722295	-8.4244271572006	-4.72822465949355	9.33411938145788	6.54573536119219	11.8428178827808	13.8809244212022
"310"	1.9320453041803	2.29144303267779	-1.72985032729531	-1.44517855943957	-1.40510364130614	-2.35191566135706	-10.7086053253947	-13.813828093847	-2.87425363271332	-0.472182364197074	-8.12354982043133	-5.01208056554324	9.34878865739945	4.19516853606705	13.8637875562557	11.429343541225
"311"	2.5339619716772	1.17269476397683	-0.0569798815765345	-1.52896150200847	-0.415958917018161	-3.58656250199448	-12.0237184748202	-11.5027965587057	-1.0013995467369	-0.739776724790448	-7.95837298020325	-4.28607421120037	7.5505534260003	5.63341499705601	12.5557572208964	12.1251122511393
"312"	0.411683385223013	2.36752267684019	-1.39550577743589	-2.26989453384451	-1.81844983200613	-0.81029867914556	-9.52441721448151	-11.1132837789331	-1.36721905461711	-0.335320330400824	-7.86001922499846	-5.34789163699414	3.24956249181617	5.76873667276119	11.5271157841229	9.51650549466747
"313"	1.09941027613563	3.35170961071907	0.10162685872342	-0.843081502943651	-1.84633066168554	-2.15481154569642	-13.25151909748	-9.02845873482018	-0.309350752741066	0.370953848560773	-5.28253254489748	-5.14012403014089	6.16262887849	6.47342543534401	15.4637119379314	10.355711983706
"314"	1.26820464110755	1.79340134288401	-1.06725797573441	-3.30253351324658	-2.38217718969739	-1.75027384294932	-13.6576267837097	-11.095378836331	0.0928202197559048	-0.79772765904463	-7.09166843386216	-5.7080705291066	8.88247688699646	5.82381372506516	11.2852034814282	10.6259934924186
"315"	0.411683385223013	2.17792105304443	0.395496779612012	-1.51205394891078	0.372543614770163	-0.78175904656219	-14.0345718319843	-11.1419867888511	-1.99323341367933	-1.3269775306688	-7.11196332032316	-5.50773599843361	7.70608454311895	9.09981212803318	13.0742625400639	14.4031718061084
"316"	2.16448971064073	2.63034596762811	-0.886952603443483	-1.92054697789691	0.258139997900359	-2.28849460092555	-12.8725450995203	-14.3581054486798	-0.249242200095589	-0.73642684450415	-7.25023765251715	-4.37055385694103	2.78695239623161	4.50518288176407	14.0437207353815	13.0593317974823
"317"	3.57582610810187	3.06028399270626	-2.24789797954194	-1.1776787810992	-1.20779078379243	-2.30373526422085	-14.7220397984994	-12.1809574424203	-2.26988830890965	-0.173518444011534	-6.38049508605396	-4.56737719739268	3.86033883444083	5.46481517749037	16.1788878173687	10.5694750447476
"318"	3.69405698806467	1.02153360160094	0.291509529588264	-1.52975768797603	-1.18816451652641	-1.0041065192752	-12.318464712319	-11.3653519626796	0.00455186247722939	-0.175008037104078	-5.26845414138473	-5.9235081143753	8.82501907673449	4.85356564702155	11.963617350179	11.8977827444653
"319"	3.21184797941575	1.87595320980947	-1.9932369777165	-0.902073503913554	-2.00105359947304	-1.52843833761734	-13.5220178465383	-13.5268439424193	-0.252366398703241	-0.801829652913478	-7.96738393142187	-5.80906812343055	3.849703881234	3.93906304600354	13.8410561454578	13.5436612061328
"320"	3.25929910996267	2.45042652323786	-2.66099627868273	-1.72202862323923	0.0563292536478835	-2.52082612836389	-11.4126389470351	-9.62873208103951	-2.3681949323377	-2.13371753104924	-6.3519520281122	-5.1737191144304	8.45605380857685	5.6569488963532	12.1350559638728	11.1466446506566
"321"	3.69405698806467	2.69043486671773	-0.744559455297162	-1.07270463888884	-1.52822305201274	-2.00956586631673	-11.3119289309706	-13.2237268323826	-1.5463106060304	-1.31163740043172	-7.62177004301203	-5.87493332029652	3.81522035979424	5.98611518113414	11.6972412971054	14.4069934202639
"322"	3.64166751133955	3.27258078045635	-0.998320940212095	-2.59898900261763	-0.0417744749485856	-1.55615214957541	-11.4127298148722	-10.8098050123256	-1.65757818929517	-0.643140369766891	-7.19844996284242	-3.73978089073726	10.110622100995	6.10651120985433	15.2037853652511	10.7332283007215
"323"	3.69405698806467	2.1313435507058	-2.64551406217036	-0.918350557105404	0.225999540959039	-3.55649864114688	-8.69524318124102	-11.3241762037994	-1.85264065587754	-2.47622969474343	-8.7498268435536	-5.72895161388351	7.89697212184337	5.13885549988056	12.247623819496	16.3567304354181
"324"	1.26820464110755	1.66912165796122	-1.51391347590919	-1.85239023153738	0.290566909992317	-1.8964501816647	-8.92899694951874	-12.3074283013818	-0.220289036309652	-0.628523697162415	-5.32491613557777	-3.4802080681504	8.78527216205402	3.61325686423624	11.9551867195466	11.8314705991679
"325"	3.53390148968105	1.26729486690203	-0.959831969002862	-1.5449281470625	-0.481691074545029	-0.953055188672892	-13.2629082944222	-12.1625788420112	-2.85421170024885	-1.66981590482048	-7.95665016853023	-6.0658065374394	6.55802570091539	7.2257078254917	15.9873000684994	12.4804131571917
"326"	3.68758354714645	1.99938136897166	-0.399015028685917	0.285929699488657	-0.215169614432388	-3.09884903228109	-11.0810444452277	-13.4877963092388	-1.29514213689801	-1.12375217682023	-6.0079092604061	-5.01359330043727	9.56482640778047	4.00536259906268	13.4298920967081	11.9138432942897
"327"	2.5339619716772	1.37989294515312	-1.75559427597118	-1.8468252001117	-0.786420718737712	-0.872181438435916	-8.85420787355876	-11.0994755044137	-1.9358442292505	-1.26865540556635	-6.72972894501859	-4.75642205636208	8.856038950283	6.57494262959908	13.6741846016363	11.3011130923946
"328"	1.26820464110755	2.3303447602022	0.490607755120923	-2.3739294730781	-1.63990938444079	-1.58166468892531	-13.7743177471207	-11.8788387356226	-0.373006163904765	0.359666400889208	-7.83862259047756	-4.14733464107589	6.80944201763366	5.12868945026676	10.5948933255036	14.0159416305334
"329"	3.48396882062719	1.42701617466591	-1.75559427597118	-1.84744129061621	-3.05253818884367	-2.45598064316121	-11.2691619734831	-10.2258777346247	0.678377382802849	0.528404563080284	-7.66968821547646	-6.10415655225259	2.49549529457859	7.56086296970826	14.9767436984018	12.3695368560282
"330"	3.23217767446545	2.46710464559142	0.142844610079111	-0.873748640938793	0.833780607044572	-1.20900690482117	-8.42172413521311	-12.4036852262458	-1.20109170734246	-1.17723387569963	-6.07387456193386	-4.47939371020615	3.60628199079262	4.11245971941197	11.9407345945724	12.6231388030271
"331"	2.74669587304158	2.36558167019851	0.0454561962145159	-1.87329467528728	-1.89339869217302	-2.24389904585194	-8.37845312648009	-9.91905749584701	-1.48746352256034	-1.00910015439349	-7.43234037485054	-4.21906968065564	7.84771851251995	3.66131502203882	14.2243346489607	14.3433257879055
"332"	3.53390148968105	2.47772155947172	-0.842597540998896	-0.681984865131996	-0.13536753020476	-1.19251328385041	-9.10908696508008	-10.5630142516773	-0.775187284394871	-1.26036304040802	-8.60444358897335	-6.02891526579594	4.52960796238913	5.39566954937729	14.8385679533557	12.6205109541243
"333"	1.26820464110755	2.2733437943751	-1.07254773281833	-0.915999114948777	-2.12644125467225	-2.13738949180319	-8.9968426824917	-12.2358781720214	-2.37190132632389	-2.71419098316631	-5.21979053867232	-6.27525639205369	5.07498406107279	6.17099435301455	13.484195465868	15.2151461127197
"334"	3.62255623252432	3.30836072241163	-2.88129201557365	-0.906378929168323	0.148852016238513	-1.66705503321458	-14.108663487206	-12.2052557632283	-1.84916390269978	-3.23659269245489	-6.88614426858081	-5.42734320584604	6.26045571132743	4.95686653141833	10.236001422056	10.0619990364291
"335"	1.09793957510369	2.09422751015711	0.547194686094846	-1.25705901427914	-1.29720234413485	-0.919814734900148	-13.6683882411778	-11.5126305167875	-1.7295383038829	0.117201849045639	-5.68945184692965	-6.31922706499911	8.98474497538182	4.08260327182202	14.8104673557225	11.8816308535892
"336"	2.5339619716772	2.89950530575061	0.11953887135847	-1.18145361829185	-1.67296639529645	-0.361967778660894	-12.1914221983572	-10.4057737260892	0.0484288788803278	-2.43582952445849	-6.55509628514869	-5.75204664157806	4.64682802907732	2.68630813184202	11.3162216448306	11.9718785796525
"337"	2.5339619716772	2.99524064779847	0.522444048099675	-2.78408043289362	-1.56525333475676	-0.988761195962891	-9.71929093902495	-9.92846141450993	-2.73153873791192	-1.14258787130378	-6.91843014940478	-4.19145229378609	6.73345513143485	4.5743049711965	11.9058820676989	13.9163673831524
"338"	1.65958833433676	1.68441841410591	0.668368390439451	-0.880388544371217	-3.46869219182267	-1.18883554583699	-11.3820932245836	-14.6128915501683	-1.94455553172318	-0.302009129274671	-6.95384986323192	-4.14431646312965	8.15682925643761	4.32145625338322	10.5607562316406	10.0278909206716
"339"	1.26820464110755	2.52465083654516	-1.72430195381728	-1.89753342647481	-2.03702753327317	-1.78010548984533	-10.5507959145599	-9.49607713204045	1.1648441645578	-1.09873072919847	-8.57966941090146	-3.92469877825189	3.897594590379	4.26641787827667	14.7318994886249	14.1425245823711
"340"	3.46575017126375	2.44995628336155	-1.6092422118548	-1.46527035266589	-1.36174795709297	-1.89794301607942	-10.579187430141	-13.3438386915522	0.977529190605899	0.0562592300220851	-7.75000537102366	-6.16597246524707	9.69983752595893	4.65783488150612	11.3134834603321	10.7547161371082
"341"	3.46575017126375	3.98161225375172	-1.05194197409128	-2.10094003905424	-2.4239216442241	-1.5985468625631	-12.1196068470692	-13.2313365721278	-1.52145797339215	-1.58952168452376	-8.48978106037309	-3.63327669201045	5.98173293691365	6.10019642358336	9.27124225239584	11.1073655898122
"342"	1.28134568107049	1.42331813844871	-1.69182873694527	0.0571466300956136	-3.00223099910844	-3.62517691629047	-10.6248037878334	-9.18585441990977	-2.27595206691756	-0.970222332948928	-6.25392517602285	-4.90132507077256	7.93816910728045	5.93766031885641	11.8100982759891	11.5891175491076
"343"	3.48396882062719	1.99483944826766	0.163955755814019	-0.97564399353463	-1.46820535382608	-3.09578868920095	-12.3733517408391	-10.5159717703274	0.14236392642067	-2.48217178570583	-6.20692998291898	-5.50207543311621	9.41818818166932	5.23226661848664	11.4405234657076	13.4072044685052
"344"	1.65958833433676	1.57896215756769	-1.93728910748171	-1.83944399475479	-2.24822410158364	-1.05870767210005	-12.827124826244	-11.5849114220186	-1.92994234951366	0.264481392423578	-7.32843379566949	-4.90021223127493	6.10945905260923	6.01246184261958	14.7083320768663	12.3786879498925
"345"	3.57582610810187	2.95708185376706	-1.1218047774174	-0.744358502493675	-1.07937270439469	-2.64199816141324	-11.2406068794158	-11.1066124917005	-0.447639996230081	-1.37046401453792	-8.06214713054015	-5.30442865707828	6.86147268337552	4.28345316922561	11.0377037681753	10.8458423016782
"346"	3.48396882062719	3.53544087032895	0.389907595806731	-2.6022506423031	-2.20752334222518	-3.03262365075337	-10.9417178812872	-9.53448308289262	-0.227791215262036	0.859357640371532	-6.65011312075265	-5.40171313327627	8.73652320717648	3.5985278041412	14.01181238862	14.1773620831522
"347"	1.22721089176565	2.38135175005566	-0.275309467934097	-0.613789774439032	0.626127146091232	-2.69089286409825	-9.74904218661547	-10.9624742161632	-0.524982085516348	-1.04683741988585	-7.12336569953512	-4.64091434784743	3.18066811191617	6.97377944877887	11.1905028210495	13.6270859500262
"348"	3.46575017126375	1.99283658364988	-1.86992407745918	-2.71487614134166	-1.83573617340377	-1.73343858387922	-11.8383407318115	-12.1921167948528	-2.50943339051621	-1.21136044920706	-6.20101659559757	-5.5983786351883	6.30774120726145	4.93439535620823	14.6971184594744	14.5072196067187
"349"	2.25127576686787	1.71362589093484	-1.18769115774357	-2.04515827380152	-1.99196890496541	-1.99605011813809	-8.43364150023914	-13.4137656906061	-1.76584232935521	0.694984901399524	-6.80687930532828	-5.70318346394761	3.4730054587212	7.64562254389474	16.289231811492	11.4267771133377
"350"	2.74669587304158	1.4378872460604	-1.22271627371947	-1.67505435269294	-2.09908784345385	-0.463477258151612	-11.2374235749443	-11.6993895327797	2.34025388354875	0.0608185998856119	-6.96447755080426	-5.20956349795164	9.9414054430189	4.71978339451335	12.6243653472357	15.839684699873
"351"	3.21184797941574	2.86507577994689	-2.43904070474064	0.118015105282064	-2.75458971419879	-0.330973760169039	-8.35800429800051	-11.3050207439087	-1.33289634422946	-0.783655946297662	-8.50302481952198	-4.99138329721231	4.55480095774974	6.72021181762165	12.4461077759425	13.5642440083608
"352"	1.06956593187701	1.55667143843181	-0.797126374647035	-0.904031086865518	0.62612714609122	-2.77042967210608	-9.16296085700094	-11.0375780773596	-1.58582300788112	-0.733291069075785	-7.74047967018216	-5.90634629439766	6.89351721988546	6.36806372115124	11.354869119852	12.2684233774076
"353"	2.5137510696409	2.94251692195236	0.406598605495794	-0.99868860206659	-3.08174926012854	-2.07013233166276	-11.2817100857463	-11.0706394138581	0.603895239846312	-0.674857223471983	-6.40306756721044	-6.02693938981501	9.48179194859989	5.05778601576871	11.1425755584224	15.0663119192268
"354"	2.5339619716772	1.01531439992511	0.67640252574855	-1.71335390945446	-1.77645940031749	-3.22371797777884	-7.96964449261465	-9.90978875278381	0.105730147475025	-0.911049305999813	-5.81476741083468	-4.49339401041199	2.79875384018648	7.10648518001613	12.0731367494821	15.0764466678236
"355"	0.577993841975375	1.65863048544579	0.541756234329616	0.653164962755272	-1.09544355899198	-1.51692678019756	-9.54946856543981	-12.0477378554084	-1.228620488291	-1.56502571470632	-6.93729739914084	-3.91782383956653	4.69325464687961	5.41501132258109	15.3287825653615	15.9859155581557
"356"	2.40911780886205	2.1489747147352	0.66836839043944	-1.88902687140932	-3.56069794178432	-2.31375660317172	-7.76585005525946	-12.587178885201	-0.162040750248563	0.240181655674752	-7.33678719925684	-7.07250613060195	7.92779507990087	6.8614620874971	12.7854897966406	10.0889119490556
"357"	3.04759832715263	0.432887648180437	-1.69287519832099	-1.15187283484407	-1.62537923722537	-0.691016534343654	-7.66840281025687	-13.0767395477395	-2.2028415920106	0.241944874352853	-4.72078136147552	-3.84599779528783	7.14622924974287	4.15752706978542	14.9300219245912	10.9988051218806
"358"	1.26820464110755	3.03235095388905	-1.69182873694527	-1.56300868636709	0.00592539568619229	-1.21001926908348	-13.3176188900242	-12.4998446994381	-1.56345750966503	0.931815405377893	-7.69620432172934	-5.4085328169276	5.50877117620641	4.97842949183916	12.5934915452094	14.1818183929769
"359"	3.57582610810188	2.69907085371733	0.406598605495798	-0.522630916970451	0.626127146091226	-2.41111797020841	-11.6279153757579	-13.4170972733974	1.61916531515134	-0.413083475093363	-6.51080111100819	-4.64812336414167	7.70198152642225	5.42996848960981	11.4648264894906	11.7752776275826
"360"	2.5339619716772	1.3034917166946	-1.01031124745269	-3.49543344473559	-0.148950877362126	-2.05417107167868	-10.0931945516496	-12.1202091219715	0.0942103055568419	-0.127300360797706	-6.81328892878566	-4.77778616265688	5.56020241053989	6.70670051631846	12.9427045086733	10.4932570118397
"361"	0.467109602223086	2.45284871785737	-0.167463875262486	-2.78327757698051	-1.65814959771738	-1.24820577626441	-11.6599308936145	-11.3342509261138	1.28007637322358	0.809602205896672	-8.08325031143382	-6.45716782436876	3.93522706109571	7.86778467700266	10.8689477150448	12.8991004694801
"362"	3.14929980112654	3.04193019434513	-2.04000164588077	-0.263428842692564	-1.51507026433166	-2.21060664025805	-11.9907691417901	-10.8985639968343	-2.94598210168747	-1.38624508850738	-8.12859718035101	-2.9355872108598	9.6530899284769	4.17142281338362	12.6507883786729	13.5441220788479
"363"	0.951025693378164	2.24427369546323	-0.997440982534974	-1.80373494935104	-0.664091430184266	-2.67222354371505	-11.5784968151334	-11.579721142578	-0.296357114740102	-0.992180735615144	-8.48111305983379	-6.47387195805022	8.33770218840348	5.26054749502287	15.0166047991032	13.1576630546607
"364"	3.0807109034577	2.26367542183137	0.340884827394653	-0.262434943646836	-1.7614169090994	-2.80480205310299	-10.2397222314036	-10.8000768113489	-0.908188318050067	-1.08166594018202	-6.47116981003875	-6.23325869031131	5.55174668957359	5.18059659902104	13.4263108715233	12.6668929729714
"365"	3.62255623252432	2.97172873558229	-2.71104853426407	-1.45325413022187	-1.17096744981324	-0.275226569279673	-9.74850899431734	-11.501696901256	0.784348745571303	0.2614713224854	-7.18946282863223	-5.94933907305771	9.08747408361328	6.53511908201324	11.844300551422	11.6672383847849
"366"	3.21184797941574	2.0231391459989	-1.41823680362456	-1.06883779707007	-1.47909833611017	-1.49605111314809	-11.780178472059	-9.70090605981085	0.923715806599689	0.8542018058927	-8.63754376089915	-5.65875478082534	6.84142485459992	6.19122374716486	14.5065622084121	12.1714315470417
"367"	1.9320453041803	2.30206455465092	-2.92721141486345	-1.01058266055246	0.185284504167981	-2.28153160946626	-10.8324793572744	-11.7218315784242	0.322003944456404	-2.19532310028104	-8.01211233930354	-5.9132590299512	4.60276036512464	6.12615349691579	14.1906095471712	11.1828903918896
"368"	2.81374517414273	2.05848541784323	0.728077594569726	-1.25002992867481	-1.9451058217844	-3.34585581783094	-11.7560644744078	-12.9249278218421	0.915042923600599	0.348895908173907	-7.82118027930098	-3.49007370274869	7.94776485381743	4.61857212863543	10.3036547273481	12.044057961643
"369"	1.65958833433676	2.39717557258008	-1.33060794994301	-0.967842503858505	0.116107106679033	-2.10153156253956	-14.4770467853449	-12.6065826008695	-1.64304332821082	0.00597354187764521	-7.77656635644887	-7.29629667098871	4.8270454424789	6.41335843363695	11.4201148418384	11.6349872546282
"370"	0.326024672448886	1.1946728403243	0.340884827394653	-2.80146234713339	-0.226443116670203	-3.80387346086937	-11.5203750145021	-14.4106615936767	-3.12240929756345	0.20714633123161	-8.1779810230039	-6.0616057600256	8.33160193467181	5.01942115941285	16.1667156552191	12.0380379496363
"371"	2.74669587304158	2.46511459975065	-1.3955057774359	0.808367425988472	0.100160208692302	-0.42220978607835	-13.3583253121141	-11.5192380555221	-1.36940834393932	-1.29423197725661	-8.6229715021682	-5.8609431589629	5.09931254692152	5.90008621575569	9.31801225577073	16.6045485541007
"372"	3.48396882062719	3.813651417602	-0.598818380655118	-1.61510281917674	-1.83669549657409	-0.779333970337205	-9.84166504750478	-12.0510408879425	-2.14144034503237	0.843194961661745	-4.52083987302386	-5.80584755626018	7.80458091452579	6.40385565079808	12.5678311543795	11.7331558195577
"373"	1.53123624372172	1.32353106381035	-2.94728537549513	-0.718714863258347	0.439942248338605	-3.1346618276822	-13.6416031822762	-12.2619119606065	-2.63295753246683	1.55017571444946	-7.46587182957071	-4.3367349306925	4.31632627819025	7.91695379705614	15.4306591099466	14.9025308644223
"374"	1.28134568107049	1.3508724909992	0.406598605495791	-2.42399852971391	-0.100074635366822	-1.39495630410524	-12.0939583992707	-13.5951706041687	-2.26119217301223	-0.0592019358438655	-8.29329337405653	-5.14653319767728	9.80684714551573	5.86646157945161	12.6103100848467	14.7585529007107
"375"	3.62255623252432	6.04046963937673	-0.765668230413982	-2.38163497597587	-2.01701953343598	-2.22133925506346	-11.3446992115984	-10.109934825046	-2.06425416784552	-0.191707944528941	-6.76677680242402	-7.23343803619059	3.13768125382331	6.8226110160516	14.5051498236377	12.7946058414796
"376"	3.69405698806467	1.48684434857854	-1.25662188937729	-2.04684877136016	-1.2412286731745	-0.187897904419041	-8.70929540760123	-11.6252073041658	-1.50879215287398	-1.25570578316352	-8.38141044327931	-6.72546268943094	5.59724870292795	7.35454364574106	16.3736297315629	10.5436200302057
"377"	1.69488342336227	2.04073053661966	-2.61142163016845	-0.770629344818167	-0.713677086523832	-3.03020592135746	-10.0885016346407	-9.57560201200025	0.25205666141361	-0.924138263627154	-6.97323444317548	-4.52495306983906	4.21253228301643	5.86566093137807	13.18605443307	14.4234991464373
"378"	1.63478276357674	2.07544517821386	0.395496779611995	0.0825703738811174	-0.935146215718405	-1.41523190543095	-9.81155248159061	-12.9215207754355	0.884073011561074	-1.21896156810509	-7.31713367009672	-5.02650045463746	9.48907922200248	6.16758320428633	15.6219314210889	12.0593933470697
"379"	1.42750795655349	3.6616615826051	-1.05521394827552	-2.31986386521505	-3.2808233387125	-2.3943373960758	-13.2976192523083	-11.2550670261714	-3.295698163739	0.0370737648074235	-6.58923268545942	-4.71712087876501	8.607397244125	4.02951047359236	12.5124872911038	15.0553436820339
"380"	1.57125711289175	2.77905338839703	0.406598605495798	-0.908118033367447	-3.26194160474698	-2.68702221891031	-14.1080850501227	-10.0003313004253	-0.314099359192358	-2.38731635976709	-8.12966438984522	-5.69670005824151	4.27207665361042	4.38905377998192	12.5883944139764	11.1176129603384
"381"	3.46575017126376	0.602274897654083	-3.17517810055183	-2.03801920373556	-1.66971751933429	-2.62794716453111	-12.0341202167199	-9.18812815544421	0.711178761741164	-0.424344159332237	-3.89031459901007	-4.94545861858496	8.81364343282585	4.16448325712194	11.3170069702994	14.2910800749831
"382"	1.28134568107049	0.756314988908149	0.66836839043944	-1.77847052231238	0.0083986724885187	-1.49269221745597	-10.4191951610917	-10.207479592859	0.119854716894559	1.09222197471236	-6.14121273618685	-3.13030516689148	3.31970201564881	5.06138183243184	13.1174504931631	11.884280809152
"383"	-0.372460467046985	0.51921630296742	-0.953728639704285	-1.32518668283071	0.013180136204165	-0.889993036869416	-9.22915375824476	-10.3606444544971	-1.41798792174609	-1.45499931050768	-7.62901473459528	-7.77791837351316	3.50461136177026	3.58628576191403	10.992466923685	11.7337625571258
"384"	3.07448193652606	3.00446379654698	-0.705216520824165	-1.98342250083607	0.448400263916531	-0.97731452986221	-10.8077752958692	-10.5166875605821	-1.55788267578022	-0.651461382190131	-6.34663346376825	-4.63795147619504	8.55072057240827	5.39068178673788	12.5304855320541	11.3858846500414
"385"	0.300089102958539	3.11363317853886	-1.50009299789709	-1.73700013830192	-2.34152725597989	-2.13330165357083	-12.417938700573	-8.82065483894453	-1.84368631513924	-1.05641531261322	-7.7773792484399	-6.93158529713378	4.27500002656238	6.97990699801524	15.6759718798053	9.22631423419302
"386"	3.14309539413041	1.78680294593222	-1.92597712641972	-2.99163544669822	-1.01368777804575	-1.10490086218368	-11.9419950529161	-11.9479048934628	-0.848449059674237	-1.9958041029964	-8.30742316938317	-4.63012616963146	5.920468670306	4.38682060942295	14.2185745075317	12.7484778661126
"387"	2.5339619716772	1.77346002112698	0.506264055720341	-2.09100061276548	-0.116832237978355	-1.28319216434354	-10.4097990634287	-10.5117788084535	-2.68010963253829	0.980828741786277	-6.54585403207345	-6.63113291104093	4.43696447550679	7.27620588973693	12.2023557994463	11.2748942675497
"388"	3.127200690307	2.60243570720197	0.73239120961319	-1.81831277920305	-1.77513544432696	-2.69604040102085	-10.8685305867245	-9.95405888348321	-0.341128865802175	-1.90108426622638	-7.32644958732833	-4.94722229141827	3.78410853088035	7.49122435765635	14.1094883463675	10.3437226237982
"389"	2.5339619716772	2.42546642986954	0.406598605495798	-3.70620766685598	-2.5300231752348	-2.22607725119167	-14.4428052845909	-12.759137206735	-0.210221562978969	-1.08276674582365	-8.52992266076489	-5.6747403058388	8.26604538454385	6.70421815497596	12.9792903001497	13.4602529798617
"390"	1.71074327922796	2.51956693191397	0.66836839043944	-1.16543671090743	-2.10480009345732	-1.34699770028881	-10.7892187445925	-11.9909384986574	-2.03926655248191	-1.44884508526614	-8.02129859015104	-7.49310417005957	7.56964113320002	5.86957837816602	14.7855915401177	11.5433177001194
"391"	1.71468434781152	1.87622168056433	0.66836839043944	-1.0533900597325	-2.01653607444131	-2.78235619780438	-11.4508209815723	-9.65165597061316	0.263719890066116	-1.63039999252521	-6.29007751866903	-4.44840122965033	2.97032185229498	7.37938073884055	12.4850975992901	9.48099632856842
"392"	3.48396882062719	2.72891927331696	0.490607755120909	-3.18671975997537	-2.10248899666665	-3.63960570586434	-13.3698018635437	-10.5209105342148	-1.94131952630447	-1.92400054860451	-8.38813626746122	-5.55373629383579	5.15065035201346	4.49418757745668	15.5833271607124	11.7981979163464
"393"	0.467109602223086	2.47340684474499	0.164054702382771	-0.452884293313229	-2.25334172678798	-1.67603041642737	-10.8585580143337	-10.1950678956709	-0.562160624179962	-2.24794027823582	-7.24091819873562	-6.50068916707412	6.68379622131454	5.90248622059635	9.73899000376345	14.1852897564039
"394"	2.5339619716772	1.30805453950132	-2.39452457954098	0.863419188782316	-1.48832091173867	-2.06662192819605	-11.1461372332203	-10.7190194061367	-1.52347880647349	-2.48632280571305	-9.1827318468526	-4.13669902002311	5.33598363048344	3.70684799033351	13.2173475217359	13.1012428967434
"395"	3.62255623252432	1.25787970768754	-3.05806251748808	-2.51480987007495	-0.417127711311828	-2.13859555125436	-10.3325424250789	-13.3643908474345	-2.80919072628252	0.579213984572982	-7.96652944997043	-5.4598260849399	8.84157256156645	5.57664428252005	10.2381243388385	13.4543515992398
"396"	0.826024117988904	2.65722510287809	0.334356233162186	-1.22629179306588	-0.116832237978351	-3.19825105997375	-10.4582712327915	-12.7623312520807	-2.60248443912654	-0.733982325168339	-5.91722855351848	-3.53466591331359	9.05882273805469	6.01548592825815	13.348704487431	12.3065997331437
"397"	3.23217767446545	0.987043376053075	-0.744559455297161	-0.956723472315481	-0.687023260668805	-1.05089641263064	-11.2228376835122	-9.73015892216894	-1.67151912336077	1.49229000490049	-7.4734461699533	-6.92084404166098	6.14658526130483	5.55578086826864	13.741791355321	13.8031309166962
"398"	2.74669587304158	3.19304193680843	-0.638660209183885	-0.797709304386321	0.496547250198767	-0.948064081862428	-10.7660920770257	-9.76891586932534	-1.21011584526999	0.0563438662377499	-7.12219790028793	-3.96638272075329	4.18396072706951	8.36570785228047	8.50850108148069	13.5047873060955
"399"	1.53123624372172	1.33736902209878	-1.7186890613304	-3.20025750459983	-1.4785841408016	-2.39643471011301	-10.3608563720104	-12.9801757751098	-1.96427288113957	0.733579358171302	-6.65392079658712	-4.82267180995396	6.81861723896638	3.20954166001318	14.0292785085574	10.7128675308698
"400"	2.5137510696409	2.43106214460188	-0.181244622343676	-0.0399153811931534	-1.77569484516454	-1.0032902439627	-11.2848596098166	-9.57104847436882	-2.72077629483244	-0.137480409189974	-7.37151230638026	-8.05273998634416	5.0875954827779	4.91299976338507	10.9580752156251	14.9047928381991
"401"	3.07448193652606	2.3383726351408	-0.514643886920637	-0.0182307332445334	-1.04539056053639	-1.83566006324781	-10.2552233126663	-12.2168002724063	-1.61173702514121	-1.14075501119457	-6.23745182641323	-6.77380032116931	3.38969680952374	6.00540609991242	11.2614641086699	11.0113365926994
"402"	3.04759832715263	0.959373783309742	-2.89025039286619	-0.337913406907462	-2.22199121326866	-1.18408898886165	-13.1977036818713	-10.7327282793594	-1.75137488368876	-3.29497207561713	-8.23012934634798	-4.69671192054087	3.33973940916273	3.77958267899411	13.630789038797	12.5499996500453
"403"	3.14929980112654	3.0157413685152	-0.661516738928072	-0.180360635303938	-1.4617179003909	-1.95834764678523	-10.0608126358882	-11.2970720982203	0.722615919517907	-0.630608706175593	-8.74744084601065	-6.24504064870728	8.22384763529553	6.52609241389404	13.8504605219123	13.6921897202108
"404"	1.71468434781152	1.88756942500427	-0.0768288341439723	-0.382231556986725	-0.100074635366794	-2.69717318553382	-12.894964777053	-13.2185188576995	-0.398605396245232	-2.35998771651319	-8.5156585496595	-5.76783351605227	5.76655763585905	4.3311233094694	13.7537639285337	11.8575779878792
"405"	3.37813349552731	2.59811679892273	-2.36124843619432	-1.04977179833065	-0.705119899169765	-1.60755159599315	-13.2020456128697	-12.76957548597	0.865167003391612	-0.380042635181247	-5.70926801203252	-7.33317393923383	8.73382122440955	4.36680930143423	9.59757396348525	12.1685434043921
"406"	3.68758354714644	1.69660343510209	0.585728136560543	-0.790515448295967	-2.44253722870443	-2.22012890348025	-12.5337084621564	-9.38547106645295	0.564640434758068	-0.841624714936704	-7.70572582862367	-4.1037588078937	8.48092731057958	5.73142133980449	13.6549765914443	10.5101055674503
"407"	3.25929910996267	0.703502301819268	0.358432465629368	-0.589988741103367	-2.92901084375195	-2.09518648372061	-12.7262618869482	-10.3972464895961	-1.74107214675978	0.766413508002716	-6.84929995934912	-5.92315614052342	3.25467495859006	5.68429194374805	10.043538136151	10.6149315377274
"408"	0.951025693378164	2.40908001528982	0.116334722016241	0.0903163235875035	-0.45845499426264	0.0206404629229495	-11.0118134060227	-13.4719429081731	-2.97728268365211	-0.40373783140151	-7.317416523287	-3.47969701878144	8.11227586579563	3.95317969246242	16.4732777058705	8.98444771694204
"409"	3.127200690307	2.62736737785831	0.261979711514872	-0.942236961745415	-2.05435447974668	-2.16419955170692	-14.6788926470198	-13.4146419909016	-2.22371341100474	-1.57940150558908	-7.41083252077859	-6.26486350659115	6.05508561567102	5.56668819253897	11.9994534354748	13.644811230507
"410"	3.48396882062719	2.31634401472277	-2.54415027013586	-1.84442436119681	-1.190341682063	-1.77366044353193	-10.5914481181198	-10.0390862163764	-1.85805200141344	-0.436361134655567	-7.90643147791011	-6.02869089212491	2.72992092062248	3.66073990824355	14.5563245623401	12.1033120734548
"411"	2.76965984924329	2.39157083984869	-2.76743504098519	-2.05655259138233	-0.197235670874281	-2.56117178992697	-12.2056648265379	-13.0922455791475	-1.40523158767921	-0.196938855751664	-8.68297269123691	-5.75455846023918	3.91430633409854	4.41521143879243	12.2407993839171	13.9180834258754
"412"	1.57125711289174	2.68224253513158	0.412057301859518	-1.42153671147508	-2.09592574557605	-1.6242215479974	-12.2227804345588	-11.0253752879663	-0.0415503882336367	0.0899791633350284	-8.34719856571752	-4.63905769845296	8.89532222438472	5.97327304054843	13.0816478784915	10.6340259937583
"413"	3.53390148968105	2.38381459757368	-0.650027788988047	-1.10453068605119	0.676581145892222	-2.07911464673232	-13.1777218915397	-11.4267914483208	-3.13792106193743	0.868967618762694	-6.96531066869806	-5.16357821200396	3.00269214562722	4.60539568501448	10.5332575891827	12.3361645320296
"414"	3.3781334955273	1.9181466270299	-2.51891076060163	-0.868940942180777	-0.340282585548101	-3.0563156817134	-12.0080309127944	-10.0778247442785	-0.0873616434649157	-1.45484907607563	-7.85625799295275	-6.95508187601426	5.56508603216818	3.20447315103172	12.7213517113893	14.8742894232517
"415"	2.5339619716772	4.03425706916177	-2.71540383086878	-2.53204637423295	-2.87897592652331	-1.0062556732961	-11.1013622223558	-9.22053278784249	0.767094483850285	-0.879252344287002	-7.19299797833179	-5.20667154148685	3.17216919924102	4.7192446044392	15.2339634196723	10.3030148808856
"416"	2.9320178209243	2.69501604705862	-0.880708737319711	-2.39987708824746	-1.37306938965797	-2.49321859719964	-8.38253258470116	-10.3798696291779	1.27988734011305	0.210040755865507	-7.44912349301945	-4.98145865742748	4.7136151164534	4.58160332445696	12.4086002209694	14.0638700668697
"417"	3.35131703410987	3.22464648015995	-1.06228047021566	-0.273373214062068	-3.62324459825657	-1.89630438042156	-13.4189239233421	-12.3856143511824	-0.843904459502742	-1.95034317856216	-7.31215453963524	-5.56887716068059	6.43098148731185	5.21317646751648	12.7559649327091	11.669341375093
"418"	3.48396882062719	1.46413831773415	-1.10581275924975	-1.85213914853951	-0.355705562441324	-4.29603589739049	-12.1905008127592	-11.2609305778684	0.183356016219235	-0.532325376702691	-7.98345303452864	-5.38085954974435	9.13881504600979	4.96448510349145	12.5060734213081	12.0430096267437
"419"	2.96188451772182	1.29411705623248	-1.41309222369532	-1.37460233931625	-2.2126217867442	-1.8970868713091	-10.8384121678435	-12.1977744290711	-2.81181965749439	-1.60261539952656	-5.46607771388829	-6.2909925703139	7.79812998523192	5.27761848245224	9.82934430538154	12.9460710787746
"420"	1.93255647088117	2.17944898985475	-2.8743117617165	-0.901065404617991	-1.10620864074974	-3.00643194203705	-8.72746146117113	-10.7050378408696	-1.65462370261536	-1.32848881938185	-6.72422489871437	-5.6627320217741	5.50557477352196	4.59281422006091	10.7759456488947	12.9597772596973
"421"	3.53390148968105	2.00355834971956	-0.0768288341439723	-2.17852814723407	-1.88880274108732	-1.02155030157039	-13.4492855148064	-10.5193080296338	0.14131357696856	-0.912105944332321	-7.46110569433652	-5.3653688297481	5.98155125510526	6.61522738789774	10.025728023812	11.6301829324414
"422"	2.5339619716772	1.43834485512114	-0.866123296803389	-0.776907520240014	-2.72177292351724	-1.80738929747259	-14.0012900719051	-11.1645105606467	0.0519871401239236	-2.11278150967693	-7.61500735464726	-6.06193130541708	7.73405498437431	5.03934677709569	9.21167292925373	10.3285713479262
"423"	1.63478276357674	2.17621373115734	-2.08839836827576	-0.579870920235922	-3.10300625205754	-2.16542691957189	-11.4353160557702	-8.68584051023302	-0.874793005955301	-1.63574927651337	-7.96029006555976	-4.85877807676523	5.12515757515822	3.29279460619379	13.0952238958965	15.7646257096256
"424"	3.15769947318908	1.41165269607657	0.24234226196681	-0.917322531540904	-3.0463651307429	-0.440918844449921	-10.1014400871344	-12.8150019078127	0.622023163780088	-0.561991782612454	-6.3799675158307	-6.84811065730272	9.69342738389967	6.20603318788855	10.8546202656472	14.6333953353095
"425"	0.342047281722361	1.43450111366639	-0.0934409789242961	-0.774112036719502	-1.6440442137374	-1.62284256303207	-9.42487177349548	-10.6777306012243	-0.277338208730195	0.269507956179086	-5.83656984083365	-6.29605628667274	4.12339786785451	4.86287135148533	10.1261272363759	13.5542744582944
"426"	1.69488342336227	2.41758522666472	-3.30736584222919	-1.02821885398444	0.075781013860926	-1.19844737965803	-10.5818666700948	-9.68266153577528	-1.42867390099647	1.63571946604031	-5.61156179270338	-5.41993427422771	9.60388583516721	4.71921002315314	15.1707601737849	12.8725619394988
"427"	2.5339619716772	1.73678853997597	-2.27926740236996	-0.927773483753853	-2.30007630819844	-2.48114058152667	-10.5987234960612	-13.2675894616531	-1.68592979026094	0.505908860106266	-8.91345764544906	-8.84655120631124	5.16155952153194	6.82096420857974	10.7422723417975	15.4978859326252
"428"	1.86549920366476	2.51026240636941	-0.819708350167947	0.219961982941057	-0.100074635366822	-0.144665697802006	-11.4800144629953	-10.7470529083309	-2.11436500794396	0.48534170049573	-7.99023552268228	-4.74300790965028	7.19916275994009	5.59882608357749	13.8454879700477	12.6141196925337
"429"	1.28520416507381	2.1885219952065	0.342396442383649	-1.55176495988955	-0.869402787224924	-0.8724811650321	-10.3211408738593	-10.5109471402879	-0.207191535912677	-2.25974585882793	-8.6423106235802	-4.88134233378288	4.9806909223818	8.31208696304055	12.3645310195088	12.3901207966775
"430"	3.23217767446545	0.835914287932097	-1.91810933441729	-2.35033786331017	-0.0888109424971275	-1.63744035644478	-11.6376180765368	-11.4383815150164	0.0453579085495062	-1.55161464547665	-9.05176741521432	-5.40827368330623	8.57798414039733	4.56805631436901	14.9248928973586	12.508740516056
"431"	3.25929910996267	2.45391945007192	-2.40175275034821	0.358925063941503	-1.31931584709353	-1.14405695598387	-8.80173154813764	-12.0510506646672	0.974527318839249	-1.15480949625643	-7.52613865964882	-4.51934908989752	3.0926552876646	4.51872896310047	14.0093338495106	13.4094922845106
"432"	1.78236386472476	1.1709552707694	0.10162685872342	-1.56893904470912	-3.15273368892309	-4.23412992252197	-10.2829862238494	-9.21597162575126	-0.503948882511409	-1.20490471859595	-7.97976940293875	-6.01952918973893	8.74307825839163	5.25891470166952	12.2919515555491	11.0641982840639
"433"	3.69405698806467	1.98156684652585	-0.398141230792731	-2.1704571715738	0.150671990158893	-1.5704657963995	-10.241161717722	-8.75427678199684	-1.37778881046622	0.495092349645704	-8.20724561018219	-5.22346237643781	2.77503662772941	5.428218841899	10.6843158538515	10.8428786799785
"434"	-0.226495565199287	1.40776285872006	-2.12190144531016	-0.390621080382271	-1.62233708201351	-0.596011558995135	-11.1201782651145	-10.3782289047673	-2.03730820100605	0.927368845006929	-7.91230190023911	-6.44667212442251	6.29494266730967	5.25234833856803	14.5356035117619	10.6552605125146
"435"	2.5339619716772	2.84231337421239	-0.929356483181655	-1.62345761457627	0.163630919456298	-0.252437271476596	-9.74835675096295	-11.0579748131596	-0.0510710222332897	-1.72166647709454	-8.38413958208836	-6.79205359742989	3.38721514806262	6.923800971049	12.6458192273556	14.696787561256
"436"	3.48396882062719	0.949316540758862	0.757012295606178	-0.160857332494349	-0.0143792785866648	-0.992250734289074	-12.5340430181832	-11.1377823091855	-1.65572776946231	-0.974480037800615	-6.51294349390656	-4.79890159896621	8.69695771905359	8.67149094811864	11.1146085033214	12.8293437165204
"437"	3.68758354714645	1.1301592402402	-2.80797770015919	-0.54188541604156	-1.50055214266	-2.25012134096449	-14.4590081359261	-12.4537790799793	-1.45936050542255	-1.65157099462124	-6.77250986915227	-5.79614715626815	3.4051371319846	5.79075012054503	12.0639515837399	10.2301065115731
"438"	0.240641233980339	2.25490273911206	0.163955755814016	-1.50718747927903	-1.54713450890392	-2.67820454307843	-11.6964052424939	-10.5536073804533	-0.69957394567501	-1.27365299152786	-6.79289718786382	-5.72869738369141	8.57978175091	4.4955021117556	14.6262524174884	11.3166538751237
"439"	3.20373123886641	2.61116168641467	-1.55487182745285	-0.958879737366066	-2.35462066163087	-1.32712225178545	-11.3251690885253	-13.5464672807156	-1.31215530054819	-1.59669925642085	-6.97391805989539	-3.79387705593694	6.29310875558034	4.91772336550346	12.0985101009304	12.7485742905528
"440"	3.46575017126375	2.27941067791	-2.62360424595939	-1.1870031484389	-0.482785789719492	-1.22820112032892	-13.6479092580806	-10.8137391887165	-0.66368472935592	1.23472775690741	-7.22140410350881	-4.65433221042206	3.02205394356144	6.92092818206988	11.3437633364776	11.7940971966686
"441"	2.5339619716772	1.79932404148596	-3.04455351320646	-0.711159715064678	-1.7493094280776	-1.85341608722031	-11.5940456960172	-12.678967314635	-2.71174584270651	-1.44717117589984	-6.506424216455	-5.28532059554242	5.84588215458957	7.22790982833456	12.2318918492821	11.6141999136651
"442"	3.68758354714644	1.91270412515592	0.340884827394653	-1.45125738165524	-2.0623937997106	-0.900372722826087	-13.6716597641172	-10.1098255954414	0.934060342619819	-1.10802654665071	-7.8946421746162	-5.70167701395272	3.6997139914889	5.26385836518689	12.5399783478442	14.2465002798229
"443"	1.22721089176565	0.184125669930169	-1.39796085720224	-0.627077385323572	0.696515204349948	-2.79220942018631	-10.4416145639609	-9.46907831963848	-1.72110534291383	0.427382240327695	-9.0179191012005	-6.42163288800657	3.58672093359727	4.98713718024346	11.9727066521085	13.1577390725967
"444"	2.81330726557684	2.57261714178729	0.334356233162186	-0.166383587645321	-2.68187219767758	-3.01774525136599	-11.1991091874873	-8.02125789823109	0.791211243468432	-2.03309738708368	-8.1457162222807	-5.71439822108866	9.59464286102082	5.10684811171632	13.9893528952332	13.4610912576876
"445"	1.26820464110755	2.29192258145694	-1.60650359259263	-1.89936578002725	0.220779761091114	-1.96402156041467	-11.8715606560714	-12.7410869450941	1.09461557205436	-1.81774119917984	-8.69514595397231	-5.89386347546351	3.9352999848004	4.53074847148937	12.5746832786142	14.4625825932366
"446"	3.33611491552334	2.11530029245332	-0.388171209525839	-2.05275436137732	-3.29659700998512	-1.63281032577671	-13.7597144422727	-11.4146894636304	0.768677380250052	-0.97507614803519	-9.01846731111125	-6.59009422028114	4.2414286755938	6.80844790134812	12.3118942584828	11.1259446840617
"447"	3.25929910996267	1.78725222577318	-1.27645588412338	-2.33882641250586	-2.95063391661508	-2.29179715109497	-11.3356641238547	-13.2784855897299	0.074910016253017	-0.880388051607047	-6.4996567325359	-4.70921619247926	9.16452850741842	6.69486551078076	11.0695485751403	12.3874645233568
"448"	3.62255623252432	1.41600571368886	0.541756234329622	-2.69788504746525	-0.982345793043651	-3.76039964831238	-8.09032068406573	-9.25521752140154	-1.93521016494388	0.997460173584304	-7.25141969706212	-5.5404780056224	3.96501252043396	7.50613465623103	13.3757225573201	11.1144066751115
"449"	1.28520416507381	0.786480475292807	-0.0118445156848695	-1.25352067660722	-1.73588402780745	-2.43244392084091	-8.19832435839822	-12.3259973445232	-0.981255012408347	-0.702929721556473	-6.66165072036678	-4.66488252961354	4.91768779852818	6.41721653604099	15.3079594017559	10.4264052829414
"450"	3.15769947318908	3.41748862722997	0.732391209613195	0.14563354146398	0.113815155904944	-0.844542615538701	-12.0776706660298	-11.6042830823664	-0.921297030163324	-0.913238063487896	-6.8670080886942	-5.30097186711469	8.49462233979868	6.11748943063953	14.0395587962254	10.8511035918678
"451"	2.53461344855324	0.86777948808358	-0.560925655939663	-0.131685497401759	-1.36320177018673	-2.50467981313151	-14.3535941804472	-10.5116896429549	-1.21586332083573	-2.32644461468576	-4.34746951567117	-5.67455958665716	5.36784649919915	4.55791137426357	17.1478540450355	13.5921938310093
"452"	2.93619282165895	1.92664836014375	0.188892516924752	-2.12805330095424	-2.19082066704814	-2.38357965745507	-10.5171732727002	-10.0776787588322	0.0857684726783687	-1.62575251745622	-7.54761787193359	-5.93998021629445	5.3234138388819	4.37501458015686	14.7445339975735	11.0560164154805
"453"	1.78236386472476	1.49326247965636	-1.96959144630258	-0.680969488333786	-1.31012636618735	-2.77213778592866	-12.671631483795	-10.8056675860955	0.687448013938832	0.184760620691062	-6.98388923022002	-5.75098274323467	4.52116910270785	4.50432751325332	15.0041169318285	10.3440829440474
"454"	3.62255623252432	2.13412938229449	-0.0262110976973789	-0.914402050623641	-2.03081535355404	-0.870323619858109	-13.776190624967	-11.9763041752022	-1.23259711359493	-1.60969779072744	-7.88803081490486	-5.46417103384461	4.53160711451296	4.47247530471058	14.3343534504143	12.5456382982415
"455"	1.65958833433676	0.858402367900065	-1.79179783075453	-0.199196798623634	-3.54487620524728	-0.85599614099175	-10.5878913760608	-14.1612771055491	-1.68568544892772	-0.88295981294964	-6.93975099650629	-6.69871918767876	3.93824012284297	4.74943094967899	13.6137308787222	14.7373912143667
"456"	2.96077905224282	0.781510872023384	0.195263434232076	-0.00415256316585477	-3.04087229981176	-2.59707551528729	-12.0844397979312	-9.71704422101912	-0.47573747446433	-1.90186987583196	-7.69081961672261	-4.24111435390293	2.96725299180462	5.32113126231512	11.0476675627459	11.8922300354387
"457"	3.46649272384433	2.63550248289007	-0.625971666251312	-2.27475305649633	0.282207931901656	-1.41382320829448	-14.2348336449066	-12.6510760912163	-2.28375649972457	-3.55883273065839	-6.12430682918852	-7.17363794815436	8.11733758865056	5.25025521748875	16.7620519227169	13.7768230051671
"458"	3.7030620176806	1.67351935463832	0.498141249437883	-0.756518120201928	0.294889517246355	-2.11016393353523	-10.0363962577583	-11.8292006489463	-0.0991204480353872	1.30384720848652	-7.53885550077335	-6.39724214549478	9.67655432573382	4.12471736819816	12.6273375016028	14.0927599220662
"459"	1.93255647088118	2.93892936557155	-0.880708737319711	-0.879940284848505	-1.29720234413484	-2.56975209520679	-10.6448276819042	-11.451422681244	-1.80452479691387	-0.487869675002226	-9.19843520052286	-7.05042984904861	3.06187590946876	4.87601672640633	10.14895128071	10.6607224191267
"460"	3.70761124860684	1.84273938190408	-0.915208665072397	-0.577757877792607	-0.778167751232098	-1.43442673063445	-11.4430083958664	-10.0608175387206	-0.152682883946622	0.0246032161013027	-6.84142466624459	-6.55896287943732	8.66121369098125	4.03121228167877	10.3658868343672	13.2997089041372
"461"	2.96188451772182	2.3307912717329	0.291509529588271	-0.717516399364333	-0.0758328509006713	-1.04115456583708	-10.8469766840714	-10.1700573526167	-0.602696924237913	-0.398224757981697	-7.95947258997461	-5.60675816004234	5.91741683465905	6.44389204468872	11.9272342516437	12.7044159077509
"462"	3.62255623252432	0.0404937599435719	0.07634706660272	-1.21792653250014	-3.71330202682251	-2.02687645851295	-12.7122401101977	-13.2319578783748	0.574328534738322	-0.0867872394096146	-6.4746076323584	-6.77254713172201	4.12184215711957	4.98818493427965	11.1337723364592	14.7597277491024
"463"	1.50477533572711	2.46353707018344	-0.786108713456803	-2.92161316938564	-2.94715801259225	-2.19196401844486	-12.8250047312545	-9.62090817373454	-1.92396192849546	-1.78225616004007	-6.17645261236386	-4.61819367061761	7.82054464737583	5.79589993041126	15.8452017495253	12.412101905175
"464"	3.46575017126375	2.33751973333908	0.269044661848121	-0.20659149136332	-0.382049856815336	-1.45057256773956	-11.5442607276823	-10.857096897926	0.481568139176214	-1.9248129166226	-6.85368273367146	-5.02816054402626	9.07485632385793	6.60920662928673	11.7962554619994	15.0253337175514
"465"	2.81376536857883	1.31496013872074	0.66836839043944	-0.833897249500349	-1.71236261650386	-0.933924182131352	-11.9177414634249	-10.7775443209033	-0.253533222425478	-2.35763282511035	-7.59233892030643	-6.99432363248911	9.49786320424887	5.46297210887306	12.553396569102	12.0259193091096
"466"	3.62255623252432	0.690045601888746	-1.04865380001267	-0.249248175866775	-2.23544367813166	-2.47773193878576	-10.4513767949449	-10.9107091498248	-0.757079347161146	-0.272700247380225	-5.9671143381778	-5.44112546194784	5.30194087703113	4.81606165784956	15.2565480484644	12.2619872733577
"467"	1.69488342336227	2.08680682903628	-0.284556236005319	-2.29535763606021	0.169143728043269	-3.11000361257689	-11.8546106355311	-12.3012564324582	-0.511960051977201	-2.41399764699751	-8.4343071963613	-4.92140672950248	5.15467736850202	5.56514577185584	9.86554643133336	13.305989786959
"468"	2.80207833051768	1.49081214492733	-1.45999627621274	-3.66647161773184	-0.711874101268274	-2.13638195350047	-12.4318524477099	-12.3158205670906	0.452935601929213	-1.38423620196254	-8.34156119618832	-7.33281245923767	6.08751960548962	8.44508816205507	15.7066811693262	12.8448977881296
"469"	3.46575017126375	3.82905017581522	-2.12627499139903	-2.54953254707754	-0.997748083547672	-3.8446459201344	-14.3592731675632	-11.2307008873984	-2.65641017218308	0.486507983465744	-5.91422200529543	-5.69183504461741	3.76268877306204	3.23736741158542	13.008268206866	12.6663884513037
"470"	3.72552284306842	3.63559208776634	0.222667845977125	-1.43332104932325	-2.20998738813034	-3.04133830465209	-9.04184544303146	-10.4555488704923	-2.52194659095284	-1.99374393881631	-7.26848952668441	-4.04805580540292	4.49555300211868	5.0693844163549	15.2374488399718	10.8288657647935
"471"	1.78236386472476	2.13156373270149	-2.20328655344302	-0.714626342859427	0.206913338600277	-2.14180517903055	-13.4754455415919	-9.97423610358918	-0.174917482162337	-3.20337752995077	-8.27053033648543	-5.98604042762975	4.88149312510104	8.34332401482034	13.2257103334159	10.4130591367936
"472"	3.72552284306842	2.13183628831132	-1.34037313851923	-3.15591003298024	-1.79820176108309	-0.359393861814411	-8.76859110569852	-12.9238443011146	-1.03759958767113	-0.724224631866565	-7.0606678646806	-5.82282835058744	8.09688850824683	7.09009648411149	14.1301222052584	12.1602632304282
"473"	0.467109602223086	2.23259656645446	-2.67797103292623	-0.270327458216314	-1.653254125784	-0.703819754258212	-9.69996205051629	-13.4905684326961	-1.87202607819368	-1.34529576754892	-6.51593925941876	-4.04163658993223	8.84891413005973	5.11240692691648	14.7708836388237	13.3896629566713
"474"	1.57125711289175	2.02397981690689	0.565231518730528	-1.7956524470071	0.719777972422623	-0.910893717979715	-10.9889542894293	-13.473768547323	-0.23083594375118	-1.19814219828037	-5.50544712841299	-4.11426071536683	9.82220251727032	5.34988009102792	15.6935632321165	12.7801612041954
"475"	1.26820464110755	3.55840442871641	0.164054702382778	-1.16011134878566	-2.33258330176929	-0.918830028171322	-12.4693252046034	-12.5162659954397	0.426786837732255	-1.38825318061242	-7.95738988200198	-5.86995292962478	9.84967494708668	4.81503024080217	15.1226620688307	13.514778415728
"476"	3.69405698806467	1.99391653085661	0.41205730185952	-2.0205820899306	-0.821362482193493	-1.04862732627483	-13.0014287317376	-11.1936204248785	-0.297045134024154	-0.78495952370669	-6.58215312733427	-5.98241026527279	4.34710916708217	4.41606200305062	12.0733945176973	11.2289578569079
"477"	0.326024672448886	1.83271071326823	0.339931181308549	-1.16574838332911	-1.69369237714548	-2.18589845820063	-10.0088007554126	-10.2026059429074	-1.83903697239264	-1.82515111976581	-6.43373979540259	-5.27570069072212	6.00861161840602	5.45014909090742	11.7945306541505	15.0324462875696
"478"	1.22721089176565	1.47223484867876	-2.94728537549513	-3.0289534901244	-2.98737511054488	0.728096770014297	-13.2523845633312	-10.6842710479783	-1.80454906280026	-0.615501023443435	-6.15191540589988	-5.56234747121803	5.89099357897368	4.3781747552411	11.8079601308261	14.1634022615486
"479"	1.53123624372172	1.42068795679464	-1.00089300027212	-2.53636742789379	0.931257653943339	-2.62930704592754	-10.8143637349293	-10.4530264649612	-0.280187616737492	-0.0749382713553591	-8.05398132405895	-4.4678763639181	7.48138666932545	4.07245016398826	12.1169025325786	10.6729230513816
"480"	2.02398140723055	1.77661820008959	0.72807759456972	-0.812312232274282	-1.50340599942392	-0.775166398244987	-13.0655550930019	-10.2591107146952	-2.0392308366868	-1.192068873384	-5.83561972630639	-5.40050782736643	5.06440815213813	5.94653562029119	10.4971434784042	15.064171911877
"481"	0.85985332126607	2.17974246352774	-3.06765946376384	-1.16766082651775	-1.27521304279808	-0.623372257098508	-9.92047461496092	-13.3993398327519	-1.22752626039419	-0.845528093576546	-6.90728553157098	-4.77405327518055	5.85304109828028	3.8367758058998	12.5258563022519	13.939065067382
"482"	2.40911780886205	2.39979905979725	0.130509694398359	-1.01477921708294	0.0523895957755297	-1.87489752385361	-11.2559600270564	-11.0900647256848	-0.750845321696728	0.249205314772499	-7.12343110084712	-4.58705705432242	6.91186155132762	4.5966467715258	12.1255819437555	12.7290648695806
"483"	1.65958833433676	2.74331370366792	-0.67756605373015	0.600551175787644	-1.61087691846354	-2.13278338453786	-13.2306226007887	-12.3325020154005	-2.31641069683581	0.513780248301256	-7.20518738346599	-6.69687327843482	6.51659818396455	6.60702368856026	15.5663931795525	13.4539829298989
"484"	2.5339619716772	0.605010129670669	-2.94728537549513	-2.8104803982664	-1.83849495081509	-2.86052444775463	-12.5073691932263	-10.5547821568298	-1.44605251742496	-1.45929676113397	-7.50070891906586	-5.94356825445484	5.56918079753927	4.63004509984008	13.0216941972149	14.8361422900845
"485"	2.9320178209243	3.00239354650761	-0.928599129472632	-0.577139380079384	0.256127636986969	-4.11471895440895	-10.8552095911204	-11.6894048154014	-1.54700189267987	-0.850040313432267	-7.93071870828173	-4.59915574517193	9.57490415048861	6.39655056726615	15.2408215361473	14.4690823746252
"486"	2.93619282165895	0.608481288489469	0.319828148776551	-0.433607019433933	0.453487054319897	-1.47934326178818	-10.3838598958962	-12.0680802608687	-0.284016719998695	-0.67131005532592	-7.94324641163951	-4.91428348068563	4.4351719671148	6.87357947323388	12.1582424559419	11.6671163421258
"487"	3.127200690307	2.25228895741401	0.72807759456972	0.316342634093996	-0.0164647292919732	-3.00171358774777	-10.4768398145529	-14.3748384773486	-1.29119145696165	-1.39240282532238	-8.41737417445457	-6.46374898120992	6.37495576879338	6.06568530714528	10.6377151002791	13.5273993461352
"488"	3.48396882062719	1.48161401320914	-2.58841858132128	-0.79533445134343	-3.18537159150529	-4.27608916047457	-12.5335782561894	-12.4702798986357	0.932622828350671	0.274840563998382	-6.92641604099543	-6.84885241616859	8.95538731127858	7.70511821641435	11.8189933551647	12.5098375761696
"489"	3.70761124860684	3.01064980909128	0.676402525748545	0.506462379616923	-2.38230150865308	-2.29775847885895	-8.67697889029936	-12.0790590529121	-0.945567538431622	-2.03024592877067	-6.93760843743577	-6.54338824720595	6.80465599402618	6.54868089730059	11.8836164189461	13.6259901009744
"490"	1.42750795655348	2.28307557251324	0.270897506939085	-3.16844036262075	-1.72880814061333	-1.55302105952972	-11.7734453193626	-12.973126319919	-0.371739037285772	-0.883043386153689	-7.22993778421991	-4.84123565016276	4.31545228437569	5.83568170063584	12.3285414627617	10.9805446357463
"491"	2.80207833051768	2.40517182979819	-2.94728537549513	-0.165895504416793	0.0498946855505631	-2.52317690212751	-14.6741542666179	-9.38816274599669	-1.32525077762948	-0.227226241508382	-6.14634541423045	-4.92936124938257	4.69445153271698	6.59338502783384	16.3161759299646	11.9625581093791
"492"	3.69405698806467	1.68692714078059	-2.49228637623272	-0.755143840324067	-0.35200244756948	-1.38080378394693	-10.0594155567838	-12.0385877876522	-0.355056378407167	-0.687790738211921	-7.24665669390409	-5.75791400400201	5.44910659724109	5.36758430129581	14.1130310408843	12.8010454315347
"493"	2.5339619716772	1.04438425359041	-0.514643886920637	-0.457560337868675	-0.532609810029311	-1.9679089298845	-8.71622086098014	-11.7700289051015	-2.01422763615422	-1.55922173931592	-5.94993240300974	-6.01626710759408	4.86999502882586	3.09264559887411	9.87437300753157	14.8223956128393
"494"	2.93619282165895	2.04318036977657	0.541756234329616	-0.709671764181326	0.402030862214254	-1.20372016884551	-13.6410806476071	-10.0196408261033	1.25331707771537	-0.296377324149151	-8.09949961970045	-4.46839086099028	6.15647260859549	5.02143154813651	13.72585456615	11.8562241294302
"495"	3.25929910996267	1.86216612515956	-0.729379233151374	-1.35435252607774	0.0670280220078201	-2.85381158642768	-11.7587694289991	-12.1520641698599	-2.45602786475715	0.24945079256186	-8.25795981349763	-4.46541086262429	4.47098627531674	6.91954708392319	13.4810863221426	15.411289892367
"496"	0.126929777319985	2.9105684483241	0.0176418764818784	-0.591894365787923	-1.7934068622249	-2.86896479929241	-10.5914251916954	-14.0752893263986	-0.224532883416159	0.101779966047782	-7.30637093024977	-5.54847165393951	5.93011274266492	5.06907833114229	13.1479801841582	12.3775706802401
"497"	1.58915648360365	3.44149179984899	-0.0768288341439755	-0.942362091722164	-1.66252963338243	-1.94454749159019	-12.7749128839097	-9.68689115421948	-2.68273893206888	-0.254910524783314	-6.64603628328054	-5.87519624326968	7.11321279532247	4.60030961857006	15.5848178224433	15.4650508159288
"498"	1.42750795655349	1.5125406325906	0.668368390439459	-1.84154167533393	-3.7906653835893	-2.59177157365192	-10.4999322797111	-11.7865657431481	-2.0465233092576	-0.441692420968366	-6.88079645604863	-4.53258042282819	7.93056252102529	5.88121847321357	9.93326206325925	12.971810028697
"499"	0.85985332126607	2.36218110662488	-1.06725797573441	-1.16478412621002	1.60250991433587	-1.56768973595747	-8.70814467400644	-8.89314836845094	-1.5403736881548	-0.819255490835593	-7.72693565990134	-4.02573134577435	4.28298011773151	9.56101464185722	13.1837129320738	12.8644506615807
"500"	1.22721089176565	2.8803175639947	-0.846466233010651	-1.14830193129539	-1.59540972687165	1.24511124373504	-10.3410681479905	-13.1076370274956	-1.09044321041367	-1.44000976017201	-4.25197648783383	-4.31541154692214	4.79125889014208	8.17363495317167	12.1689205773098	11.2929054022873
"501"	3.25929910996267	1.81411697253022	-0.0118445156848714	-0.183527935887138	-2.09309206864701	-0.945525377000817	-8.10509620658439	-13.3460768486164	1.05235493437844	-1.05959459610727	-8.85763846618455	-3.0964599903838	3.65370112892248	6.52288931631131	15.5491425498311	9.49339035125159
"502"	3.25929910996267	1.61474521052507	-2.71386215360575	-0.396347680109154	-0.415958917018122	-2.56029205221703	-12.9640664800092	-14.5826015544298	-1.95746596790846	-0.269991774516977	-8.56633007864586	-7.07874712164705	9.30202867180501	5.4169644538229	12.6232801544018	15.0613069712134
"503"	0.480479020479992	1.56027406298384	-2.46864679313374	-3.75986425099913	-2.25530682057594	-0.108803960715259	-9.98996177407022	-8.37470826970024	-2.50889008918943	-0.527264300125727	-7.17159182239711	-5.62562352452963	9.3321115547103	5.18445557378672	11.2262779507541	12.0755186912253
"504"	3.23217767446545	2.25084338349396	0.66836839043944	-1.1704448879025	-3.2509850806354	-1.89181818702236	-11.2933221749998	-11.8573684683948	-1.46755399024605	0.298294499626497	-7.02915942429098	-5.97187707108994	9.62810121697634	6.40506308737712	11.4418409996332	12.297897289138
"505"	3.0807109034577	2.72072773099362	-0.0118445156848865	-2.16631537266346	-1.89339869217302	-0.713263156377578	-11.1358561321737	-9.13131510991418	-1.79953115387877	-3.20187028508366	-7.22532317415861	-5.29388091927727	3.53278911347903	5.3970143161686	11.0421339394886	15.2853321481219
"506"	1.42750795655349	2.66468945973865	0.296605795766329	-1.64617515561265	-0.355705562441335	-1.68669447391862	-11.977441816785	-12.8468858129592	1.33893757855014	0.289293486659201	-7.02736917924468	-6.31868175439941	5.2507951731371	7.27916408533931	9.95339877937227	11.5003321339405
"507"	1.42750795655348	2.42418520509703	0.142844610079111	-1.27564099977356	1.3415936101445	-1.74344309410449	-12.3268715205726	-12.9910285464034	-2.54767158877736	-0.120761036136504	-6.38347072269054	-5.2851667129329	4.44730561973014	4.13782129546447	11.0236751209905	11.7257315007333
"508"	1.53123624372172	1.3622237326762	-2.51891076060163	-0.914679044378752	-2.46558594796774	-3.29188156567256	-11.1472506887537	-10.1777154611831	-1.14117240038031	-0.206368761760653	-7.3179710033061	-5.38406398372597	9.54076062235797	4.29917534235781	11.0092127100869	14.4765158194736
"509"	3.68758354714645	1.65824469780647	0.071877537634923	-2.01458435479731	0.579949339377059	-1.85654859713177	-14.3723515589862	-10.7403888731515	0.0727008914799163	-1.13568309449967	-7.80035223894708	-4.67142947198977	8.48327867024853	7.44977451655381	12.4855594090446	15.5429745572243
"510"	1.69488342336227	1.95683958149302	-1.11470323887642	-2.85638402125672	-0.668431769475472	-0.405650660626691	-7.77883135374699	-11.811505992633	-2.20139008994351	-0.0584823649817154	-7.84046023583409	-4.77805380700815	2.79579908574062	6.09278756182212	12.8461227154983	14.9367846851384
"511"	-0.372460467046985	1.44099887866981	-3.39587214347244	-1.17921539650252	-2.49280188828142	-2.70390242953667	-13.7477012131828	-12.2896266550694	0.163860410401267	0.410147697115689	-6.83461602154174	-4.41107699280906	5.83036001496007	4.93848158197581	12.6770318858127	11.9380618617775
"512"	2.35814652331022	3.01274384618728	0.0393922063842556	-1.43958558805981	-0.455693104767565	-0.751077344668135	-10.4766675438915	-11.1192632577603	-3.31013383405149	-2.4335880905248	-8.20261783613774	-4.11434332968631	9.12658975454898	8.38175611531378	14.3994228582878	11.9958832810285
"513"	1.05104259834954	2.6251132807623	-2.94728537549513	-1.45290282708533	0.113815155904936	-1.64418688786071	-11.0507565739435	-12.3199561294123	-1.10295288102456	0.161473291349205	-6.20662400316099	-5.71792496223468	8.72089436692977	4.56059692284791	15.2170622177636	13.2397899484646
"514"	3.69405698806467	0.941746654709246	-2.82060349617419	-2.62154942296302	-0.454901134613677	-2.66214095215173	-12.7788300474485	-12.5830478172169	1.69651997773534	0.383500509574129	-7.97730574406316	-3.74470780236001	4.80489382185332	6.24557379753177	12.7417059871221	14.4104852605435
"515"	2.80207833051768	2.15362627458562	0.0763470666027169	-2.28456766658123	-1.88322557685213	-1.41629451712087	-9.92432690124072	-12.326347848847	-2.54519870837526	0.863128009586046	-8.42980977706238	-7.19810255488007	4.33419686114349	3.77264659895416	12.5496221090191	12.0855145728279
"516"	3.70761124860684	3.37492039072617	0.296605795766325	-1.41400518609971	-1.26521933565952	-1.22278761190269	-8.7941428590985	-11.9380561324402	-0.678511666078891	-1.26092118797522	-7.82680069753606	-5.5359655447097	8.28775723810553	6.07880717286489	12.9030553258358	11.1316914666332
"517"	2.5339619716772	1.64498442835324	0.498141249437883	-2.14429314209245	-2.22228258483968	-0.625333801096243	-14.3890772079395	-11.3006526805422	1.29451526995219	-0.123282950119338	-5.63446356211479	-3.52225558726675	3.35728867713289	6.12902925319758	13.8051117533507	10.1159212507575
"518"	3.70761124860684	2.01124056621841	-0.705216520824165	-1.24701664204836	-0.3557055624413	-1.43808582019551	-8.41145103782555	-10.9709200023101	-1.18956637587942	-0.171115634904297	-6.29847119444182	-7.42856852395108	8.01078119051562	6.29858930040484	11.6027289423894	14.9704119168254
"519"	2.5339619716772	0.393269987574961	-1.03643003433354	-1.31469838340908	0.12448232165498	-0.720343943294583	-10.7714487850795	-11.547781171716	-2.8422910285357	-1.63682194987762	-7.18004214408269	-6.39545124233996	5.30182698416507	6.3219359176385	15.5592542949017	11.4623408605787
"520"	3.70761124860684	1.27163888560805	-3.12334074687385	-1.34686999420467	-3.16248290261231	-1.49300158487849	-8.64476793785073	-11.5080312199451	-1.05043405331826	0.526104400338278	-6.29007945519892	-5.53482029950321	4.73206002184015	3.93397230752143	12.8287508712005	13.2387854864193
"521"	1.26820464110755	2.85065833987936	-2.26170316052647	-1.63076357584446	-0.642995497538976	-1.63495199615376	-12.5575590812275	-12.0602146729413	-0.617221573624214	-0.150378361225971	-8.40392436895602	-5.65006859749664	6.95701321032026	5.49983238932533	10.9184502777506	13.6201937220126
"522"	3.68758354714644	1.3157558279146	-2.61317171491937	-1.33974488649105	-0.989562567471509	-1.11524107346438	-13.7169921925279	-8.41478445653151	-1.14563055840047	1.54333503009264	-6.67957700066373	-4.16443059209381	5.72402906489453	5.68764684166351	14.6344805989314	10.551152994087
"523"	2.93619282165895	1.44301308377567	0.116334722016241	-2.21161780746504	0.306394163258406	-1.31525775908277	-13.2563743296796	-10.5501115810918	-0.00199325998180992	0.0737972153643485	-8.3104786243775	-5.49126771585878	6.27749264204904	4.56943590734012	12.0641616987967	14.7014885165305
"524"	2.5339619716772	1.81462028359646	-0.527239733859084	-1.76937089711533	-1.1953287304157	-1.9479838920255	-9.01250784458573	-14.8448458656459	-1.75363671767995	-0.200852471746001	-6.99346796681343	-4.50032637295942	2.92316989172178	4.64874493871927	10.5908965144502	11.9909880328823
"525"	1.65958833433676	2.65991864195937	-0.0568344017524501	-1.07412460404699	-1.99196890496539	-2.2399099294381	-11.3569823478867	-9.87591424387813	-0.329335913967423	-1.11799925605885	-6.9429734211899	-5.76516615502098	3.40942624918461	7.09188786652235	10.3485925585554	13.3895063648422
"526"	3.38916191636461	2.6452654062588	-0.398141230792734	-1.04153464235909	-0.22261261840675	-1.21784215942623	-11.6794828703442	-12.5160254626768	-2.75060424933574	-0.839717701884542	-7.363615492662	-7.8111373287654	9.02689480039667	5.55302197638913	13.0096223159574	8.01037880206395
"527"	2.9320178209243	1.51892317599128	-2.8902503928662	-1.36312140286305	-0.225839410037226	-2.69282719402904	-11.885530883662	-13.6835233244745	1.14531955017471	-2.18714202842746	-7.30905345990663	-6.90497778936786	9.07209009922401	7.60358314816018	14.2182057750716	11.607780400356
"528"	2.96188451772182	2.755757856592	-1.80503095151027	-1.31921747650432	0.627193718184792	-0.944842874358161	-12.1209869604143	-11.5529280926967	0.0630681997946054	-0.373691353669727	-7.16704306378225	-6.88804273799931	6.61324412022867	3.93312562057715	13.6195809580927	12.361862555432
"529"	3.127200690307	2.8572353296325	-1.72430195381728	-1.70354581603267	-2.263589783083	-2.71895485899316	-7.92079275590806	-14.1664853419089	-0.961732914634505	-1.37683075541954	-5.9540057053848	-5.61843145294443	5.73804814998512	6.14694110001768	13.6757984039775	11.084858906026
"530"	2.81374517414273	1.21508336418564	-1.23551449114215	-1.36420797299782	-1.70000194968101	-3.74180500657071	-11.3568234962577	-10.0151167558213	-2.10005022928452	-0.230160208366794	-8.84482227441962	-5.22747711957672	3.0249978239912	6.03036908606274	13.0122126118879	12.4201156438062
"531"	0.544822164592993	1.41922624478409	0.67640252574855	-0.550239576473616	-2.09105971861418	-1.97632212879788	-10.3233286291208	-10.8263480996038	0.967265506569473	-1.18605800878873	-6.56282063250777	-3.55619693748738	7.7590766529297	5.14188545468476	14.009313152535	9.88526018300907
"532"	1.9320453041803	3.10890417774698	-2.49251881291848	-1.04927779023994	-1.53106291525369	-2.42760110701287	-11.1273977482106	-9.49276202114584	-1.617639020812	-1.39909094116823	-8.65279707894237	-2.48230216262483	7.87384543267174	6.04276317409026	9.88235464281408	14.4443090454151
"533"	3.64571386237161	3.43158893220941	-1.96959144630258	-2.44120345227668	-0.0888109424971482	-3.54542425738406	-12.0679804064934	-13.099824548078	0.275693963074399	0.058196543282219	-7.95646798326255	-4.98470531698688	3.91091160368589	3.65552429301457	11.43668786579	11.5773526425415
"534"	1.78236386472476	3.21607292735311	0.296605795766329	-0.840087062308032	0.334257076293744	-0.632658493951954	-9.49866247128897	-7.0352205881882	1.94680655788217	0.0286780180613387	-6.80692466233525	-5.32059159528749	7.77410985631456	3.3721601509114	11.6129548972203	11.3399067296086
"535"	3.25929910996267	1.46088532574543	-1.01174704783473	-1.63373882920788	0.104341435581256	-1.40453308895035	-13.7537550466588	-9.36008188007391	-1.62630022718434	-1.32967781651779	-8.3162139790803	-6.91477835438888	9.14252790266216	4.19909914941355	11.4348524334659	9.0108267061144
"536"	1.63478276357674	1.76101953637443	0.757012295606178	-1.09962022739504	0.468824004112594	-2.41702504679434	-13.8807090694828	-10.101531175582	-1.40887252681537	-0.428693269688881	-8.51860666469701	-5.06255186355739	9.98323064203247	6.52579353098503	14.6980497123548	12.2537530365325
"537"	3.68758354714645	0.740143894998636	-1.64442326895316	-1.85735545661534	-0.153010945570955	-1.74204102233854	-11.8838151277217	-13.9047977091583	-1.38927918329178	-0.175319885516781	-7.90781297623915	-5.29796528837292	5.82674450008176	3.74878243288784	12.5046000873759	12.9741208699311
"538"	3.23217767446545	1.03339892365542	-1.61700719102372	-0.871608098986796	-2.46558594796774	-1.41586373136167	-10.8501531603368	-10.6235820768758	0.0071792959239171	-0.822412431222979	-5.85490807407349	-6.66057645713992	7.39699570652049	7.22528786903759	10.0266256476766	10.4240357809957
"539"	1.53123624372173	1.89813618762135	0.300249585247852	-0.423720371597848	-0.0888109424971444	-2.33936718994272	-12.604133650568	-13.2797859661803	-2.60196670560287	-2.32496214408273	-8.20693323483712	-7.11722070717232	5.69035001394816	4.40503077208866	10.9533852601578	10.7481952690797
"540"	2.81330726557683	2.70263370860367	0.199020190298922	-1.68522070844891	-0.381625652818956	-1.43307091465168	-10.1174122334481	-10.6679833400808	-0.186078626480789	-0.80174921136467	-6.01760366080153	-4.82332781415002	9.3160584827533	2.07265771909369	12.9042351319116	15.3698311631448
"541"	1.26820464110755	2.58134466638929	-2.40545609210132	-1.22329500301742	-1.29720234413485	-2.18356279780282	-14.8646675505737	-14.2242873668671	-1.57608716639549	-1.79834088464449	-6.72487369501451	-5.77155624129327	6.06641893713364	6.31660492216677	10.387212297002	12.3609307023896
"542"	3.20373123886641	1.43985738697507	-2.71194232117797	-0.719743276154606	-0.606121135031612	-1.77744180227955	-11.9721584168049	-9.64192099586305	-2.23873875966123	-0.880074400304011	-7.33931249261944	-5.61953914716049	8.82468855277215	6.19865464741242	16.4707069323839	13.1385551170364
"543"	2.68692883325272	2.37357055340789	0.158298310295061	-0.887009297056492	0.681158751965297	-3.68430709467006	-13.7740403400653	-11.1278696604206	-0.440408833639527	0.0506481489174955	-7.69463348476426	-4.99025024512238	8.92464331351021	5.82054612935692	13.9736635996334	14.6255251528154
"544"	2.74669587304158	1.20342349709087	0.334356233162172	-1.51504354379628	-1.93849688407703	-1.22900958523149	-13.4021823375423	-12.8242157150481	-1.66672975102032	-0.0083038259092192	-6.4061883166791	-6.49019705093142	9.72314462556129	4.47930145967604	11.6775487633278	9.78077128794312
"545"	3.48396882062719	2.47486969310206	-0.275309467934095	-1.7492148805065	-0.645229469007	-5.00728663016822	-10.8443405503862	-12.0038886648825	-0.609667135802392	0.157469684221945	-6.34842522425768	-4.71979970297344	7.98818742819506	6.28634181421652	10.1101358605369	12.0421519449991
"546"	3.20373123886641	3.35472404075336	-2.17158276105797	-0.665089672538891	-1.59053913959265	-2.89733727021627	-10.883522036486	-13.3214688045153	-0.593417629866506	0.109327820567925	-7.81994894469358	-4.8734173500856	9.18032829456538	4.64796534105471	14.0174253519153	13.0221133546387
"547"	1.26820464110755	2.83772561038369	-0.388781220481335	-4.17276429616767	-0.456427599790962	-1.63317178319199	-10.039347101222	-10.904902423722	-0.20587777089131	-0.930685612970109	-7.68727557009541	-6.11490555359794	2.61134386127694	6.45557654318533	13.5911397067842	16.4062433364361
"548"	1.86549920366476	1.57051157833304	-1.00655974879324	-0.813727419323119	0.211632411322848	-1.9998391279253	-8.66827842476548	-12.584474766402	0.322817906171864	0.0412406802231131	-5.46715610564655	-3.9147230757859	9.7563803766952	6.64076027298047	12.6486548691137	9.8640069307731
"549"	3.04759832715263	2.28105753109098	-0.560939022438587	-0.775878312030755	0.125699744237455	-3.44253895615394	-11.6917121310023	-12.2191586330917	1.20337643400022	-1.62533088502468	-7.57745458003311	-5.95204686892558	9.04099328544011	4.43031210472847	14.3133607300067	11.7277659426277
"550"	3.04759832715263	1.8969972723906	0.72807759456972	-1.20665124038843	-1.24791203786022	-1.76126595854673	-12.6552761254815	-15.2749827955014	-0.743894656772375	0.0672294111319919	-7.78936837894009	-4.98603124565247	9.52076902588691	9.69212796938195	11.705695377534	12.1776589179348
"551"	3.68758354714644	3.00267014158926	-1.12045377524448	0.699959441428221	-2.02037511413461	-2.56186671803048	-10.5744506748274	-11.0141127146692	-1.56320398881809	-0.828012263709289	-8.27487743060763	-7.11804312497744	9.65309906313974	4.8947665713287	13.0814285684293	13.3975166256668
"552"	1.42750795655349	0.822843006993512	-1.61050610010664	-0.885411117354915	-3.56069794178432	-0.15697378592896	-11.9142971508282	-11.7258753084182	-1.42381428303633	-2.20064488096717	-6.92282163960368	-5.25121707590287	3.36797775285375	4.06122634672916	13.7335453934651	13.3154031525849
"553"	3.62255623252431	1.61093011227743	0.66836839043944	-2.84162139952289	-3.02247036508405	-1.83870798146664	-9.59434012306292	-14.5710167095185	-2.45773668841053	-0.629021896694332	-8.47422918230516	-6.89407352201406	6.22979187170335	4.27755142513074	14.5337087412937	13.0634806437123
"554"	3.72552284306842	1.72595610264531	0.72807759456972	-0.588974960699848	-1.99679064217918	-2.39554713824627	-9.20264890385622	-11.9914285031156	0.922990137263743	-0.459468876550758	-7.1800654828897	-5.48998658443472	9.93946765350251	4.582710032839	13.0749504171034	13.3601911036372
"555"	3.48396882062719	2.76647326921021	-1.91456166875279	-3.25640736306604	-1.89710001355779	-2.52644221950959	-10.260873677748	-10.0735548461971	-1.32044865042418	-0.568969499192596	-6.29125601400524	-4.01693073821902	7.99736170289017	4.59075559360538	11.4969997510973	12.6823122769865
"556"	3.15769947318908	2.03288401339123	-2.20474178361128	-0.807803961195122	-2.77693177907841	-2.07559086539315	-12.0224036067211	-12.9394234232807	0.240022626715982	-1.56832003718762	-6.59222939283752	-4.16522222377761	7.14469205686389	4.65570451481496	15.6000910783211	11.8752829482591
"557"	3.72552284306841	3.04930980495099	-1.06725797573441	-1.34184309150882	-0.735646277044372	-1.43292975513861	-13.1894339324517	-11.1047343263107	-0.79593054472721	-1.15933663344382	-8.45752105628861	-6.05417821534659	4.63914048318944	5.70068658256748	11.7943366760476	14.2494736269882
"558"	3.68758354714645	1.19945937568264	-1.17187250530108	-0.29661223090233	0.156468641463997	-0.525909901207231	-11.3639882820973	-11.7889001176459	-0.363117889280954	-1.34224871536742	-6.38841614640019	-8.45880111839837	5.32618525684482	8.50756717778175	13.4369155045605	14.1344808490472
"559"	2.96188451772182	2.25271000303042	-1.73054930957938	-2.22139105143354	-1.03790750939594	-2.17021321846417	-10.9842529330259	-10.6854485192466	-0.129479447499672	-1.68822285918519	-5.12782712567324	-5.39414615008063	5.08568876899535	7.05093917172601	13.3626908940405	14.9286128464977
"560"	3.70761124860684	1.16075647972471	-1.3030268568286	-1.75947235297806	-1.75103306864325	-2.10363581059837	-12.8579329334221	-11.3662007782773	1.29700315274063	-1.21036932548191	-7.28331935993534	-3.74581883470541	5.05804956823489	4.83306779486172	11.0274282869991	12.0874080795127
"561"	1.65958833433676	1.39819092426444	-0.0189554775437231	-1.25646478726762	1.47832912770617	-2.97797127591393	-12.3866634883161	-11.0356614760956	-1.75084762619218	-0.261747097090535	-7.37675085241626	-5.27202039697119	3.88024121144471	3.75993568626725	14.5986669768787	12.0143365522105
"562"	3.25929910996267	1.63414450966848	-2.42171892954041	-1.87679980647575	0.43261735755575	-2.47557824685138	-10.4671665776074	-12.0209043532875	-2.86976539427599	-1.08829660131748	-7.62857219540523	-5.27894738835791	6.30034014429255	6.53623736195195	15.0428249107797	13.4446427289551
"563"	3.57582610810187	2.64826717411421	-0.0189554775437231	-0.921718741085169	-1.23785278770325	-0.367355224317485	-9.93849770530061	-12.7528779737732	-1.30998442200716	-1.07851159149166	-7.58266059760914	-4.24927651419774	9.03345503226427	8.18488780283295	11.2260165270685	10.7407674818275
"564"	0.85985332126607	1.16357539399006	-0.465989351876425	-0.962157857142002	-2.72177292351723	-2.21734814432463	-10.8779390530307	-11.6087245902621	1.94180960935913	0.0379075056229231	-7.2608371404143	-6.36239636512734	8.82866949113738	6.82454914576145	11.2193241255635	13.198609610993
"565"	1.28134568107049	0.636064977927534	-0.0623798496476728	-1.57686182424479	-2.49277161434173	-1.01400906299706	-10.1280521875158	-14.0756101777122	-0.573044273329461	-0.664950868767747	-7.28899415621109	-4.9893014263246	8.74154613648951	4.58660730303939	14.5865121971954	11.4016140520318
"566"	2.5339619716772	2.71875302368103	-2.72920403648862	-0.108300897415805	0.307491554030934	-1.17205187920067	-10.3206451948645	-11.963949341855	-2.09707514349292	-1.13522594379214	-9.09014272499104	-5.45444184961252	4.24701466334618	6.74222783313922	12.9715880370198	14.366187702838
"567"	1.65958833433676	2.26884450002567	-0.289186805079157	-1.67176001455438	-2.5978524434592	-2.28430006309134	-12.553102355768	-11.8566794271522	0.486510347382591	0.938991958333355	-6.72660977041998	-5.63440929628467	5.20514303304091	5.23610510715662	12.7263773732899	11.443745538279
"568"	2.5339619716772	1.82343454115649	-1.26787557970609	-1.66133574865632	-2.08291410072245	-2.48088364903648	-11.8053540947483	-8.96695279261676	-1.76694085131821	-0.943417451681159	-7.0666107977989	-4.43252479615821	6.04478070181698	5.69335837629028	13.3491477480271	9.98767529883598
"569"	1.53123624372172	1.86203439766426	0.25827452901045	-2.14583543208325	-0.655212524433926	-0.385393199800535	-11.265873565311	-10.1381624675247	-0.929261932520227	-1.83628425454964	-7.63978846024703	-5.47306532051236	4.16137534128384	5.05313291763962	14.4388590854549	14.3520182470919
"570"	3.70761124860684	1.33314520436401	-0.546141777082569	-0.971905169050562	-0.0343288557711672	-1.27995000025811	-13.3048742492337	-12.8690761796458	-2.60367339736292	-0.410038174870869	-6.66672426558844	-5.60754672537603	9.18095002366848	8.01998127728731	10.8974480387854	10.6639470189502
"571"	1.28134568107049	1.83463703101057	0.142844610079111	-0.0695872705442897	-0.116832237978365	0.21171947833516	-13.3298813308578	-14.1868671873833	-2.20220572723745	-1.04152405785981	-7.12486755122149	-5.07191901436758	5.55570185886547	6.02181156433218	15.386387450705	12.9420302509569
"572"	1.26820464110755	1.84637402633194	0.334356233162172	-2.36779360680274	-2.01134943603445	-0.526338785087575	-10.8312265864717	-13.6904425865081	1.64744581196821	-2.29979118674227	-7.28824451325959	-6.96176129764051	10.1839693681291	6.79891715945619	11.5163949463155	12.4205683483784
"573"	0.599850512986524	2.04959433946455	-1.7740150384404	-1.54547147927515	-2.72177292351724	-2.99383465204253	-11.2228376835122	-10.6662509194266	-2.75774518060324	1.02279549519818	-7.20886281818192	-6.9708728653657	9.75999867070628	3.94430271591492	12.6535318166639	10.8294081584186
"574"	1.22721089176565	2.51125051987057	-0.0310646001105556	-3.44454692363968	-0.0444150973486468	-2.09412247921307	-10.780501442456	-13.1050928134303	1.28246797858735	0.151044714646614	-7.66996371479995	-5.0784793813292	7.97884279303331	6.7470462427234	10.5246072727891	12.2617683181051
"575"	1.71468434781152	2.801383086497	0.497719574410284	-2.22235253972589	-3.365462551475	-1.24123915740998	-13.4178784957467	-10.1526590172381	-1.33809595852877	0.744939873540572	-8.30697898247475	-4.79641406913459	9.14909792931247	7.53696549893608	12.0080048540961	13.991538806466
"576"	1.06956593187701	1.48867157679887	0.522444048099678	-1.17022391168729	0.334257076293737	-3.45479077202332	-10.7990007192557	-10.2886055633148	-0.586867520500089	-0.11494014435135	-7.26539290238097	-6.22565815081513	6.12906892620244	5.01047252015324	12.3051639510747	12.0579002930047
"577"	1.71074327922797	1.06822098982446	-1.52587425369045	-1.31827127622314	0.597757970962061	-1.59829394379564	-11.4585031241398	-11.3529373329634	0.0749100162530669	-0.374835407569447	-5.93514532165098	-1.74780260193866	6.50461238734351	3.32946624464787	12.4093220515622	12.7347166896196
"578"	1.58915648360365	3.35632129487779	-2.62360424595939	-1.26732647825188	-2.32245927035531	-0.826095327033588	-10.4048688282038	-11.487866139604	-0.219968812473266	-0.374214046818889	-7.58170385859622	-5.07684695641507	5.83218007453195	7.19166947255237	10.5358649071895	10.1380082799263
"579"	1.26820464110755	1.57049743902154	-2.41810972551528	-2.44693440995422	-1.62233708201352	-1.20654741800593	-13.845378015669	-14.6589638668795	0.154782049948599	-0.379605430443991	-6.53237746043754	-3.70676739171866	4.35883070650608	4.76743634729163	13.1789098646277	14.9846548201743
"580"	1.26820464110755	2.08322663110426	0.300249585247835	-2.80357325663761	-1.72757682175162	-0.862357249782408	-9.12489403528435	-10.3851300686377	-1.65059509932748	-1.0329517921956	-7.08244802500418	-5.06259845558878	3.60819826203656	6.73174714694002	14.0247739360639	12.8170509201565
"581"	0.725668260983794	2.0604012060514	0.676402525748545	-0.802711136296133	-2.09105971861417	-2.26025707246345	-14.1725711261791	-12.2703494204157	-0.738067425640796	-1.45639056199288	-6.34600604095277	-5.14310709381417	9.3568624155196	6.83155353963248	12.162227889092	12.5673022629533
"582"	2.88267764084082	1.64418320206588	0.0568751792534199	-2.86466697508511	0.305216289463928	0.685411956279156	-12.5517559040364	-11.3202037047477	1.04518662383212	-0.646775941898769	-7.58644601516025	-3.08888955070631	3.74993338923663	5.06750796779447	13.8154499479676	12.8806020175431
"583"	3.70761124860684	3.37459050130268	0.07634706660272	0.140448609326575	-1.79820176108307	-1.30101553389689	-14.5951673393058	-12.3073586703988	-0.926224093497695	-2.08567546068206	-7.96145280881345	-5.11536815626384	4.36422721266163	5.6300622382635	11.4354411389508	12.8107021678886
"584"	0.951025693378164	1.43016971911891	-1.00816629952401	0.198837013079584	-0.116832237978357	-3.14441756176651	-12.1440944146971	-9.69501833276016	-1.56346579873203	-0.320447548690295	-8.36923999772398	-6.9851016899095	9.40820458229465	5.92341799257122	15.4933964766425	10.5985024489879
"585"	2.74669587304158	2.49904056679432	-3.28300749474227	-2.43149053543063	-0.0888109424971407	-1.86882822690425	-13.0828286350139	-9.79732792119222	-0.660975823456817	1.06061713519039	-7.02735948079616	-6.06931240071038	6.41770919492326	6.17982700096309	12.3020294079515	9.73358967576275
"586"	1.78236386472476	3.11703256440332	0.201933585156329	-0.015260909058606	-0.638349657770989	-1.46276047276652	-13.6949216828384	-10.3902223705119	0.153056211365963	-0.537778314458001	-8.25634430705326	-5.8277444040881	4.74636019576147	5.85785806031241	12.9331329708221	10.8630323440833
"587"	1.71074327922796	1.19436527362749	-2.25634676043512	-1.91561566322645	-3.47525048957695	-1.62021104621033	-12.1347666967873	-11.5501867523031	-1.589763986077	-0.330478796834421	-5.18593549416929	-6.19701432646486	7.32636065407493	6.00751777890576	13.572174517637	10.3125093713487
"588"	2.5339619716772	2.96659489874518	0.565231518730528	-1.11625205856518	1.22135608051057	-2.54159463290228	-12.708544660332	-11.9360881516326	-1.36149165733351	-1.10168766224817	-8.47237075074225	-7.51472958152928	4.85812055768228	6.1011987739715	12.7439446567593	12.9867973259866
"589"	3.62255623252432	1.7471549549475	-1.19653260223158	0.94721690703723	-1.98970904501057	-3.06417897674422	-8.97266314917212	-11.9219050928604	-1.0922756477447	0.546788474938251	-7.07517395745405	-7.67552949538922	5.19092257555321	6.48167838969438	13.446113732925	13.4771057859916
"590"	3.53390148968105	1.7156820164409	-1.60650359259262	-1.64065008765168	-2.47945336052545	0.426998386648418	-12.7173553768301	-12.1266066935	-0.607460452794085	-0.740780628082914	-5.64118409206131	-4.74124263930079	8.21780359589946	4.92049512448479	11.8437555459816	14.8327989396022
"591"	3.14929980112654	2.99095288838283	-1.18347292800236	-2.24599129006553	-0.0735229854813708	0.415500488234349	-8.62525099613381	-10.9184524160578	-0.773974123408161	-2.10327115389789	-6.73220315789195	-4.79790494872207	9.0903794775572	6.30173370779273	13.3806501359607	12.6343706228137
"592"	2.9320178209243	2.38032544940058	-1.39550577743589	-3.26818643468001	-0.811044149619268	-2.30034649037915	-11.6965080010318	-10.9140229907933	-0.724106024687305	0.309993205921692	-7.97106375365516	-4.65217194953276	9.1156316879774	7.142311898705	10.6743659325445	12.6911207761582
"593"	3.72552284306841	2.39571540303251	-1.99323697771649	-1.46610681972232	-2.94963687423466	-5.0840223348597	-8.41747940431929	-11.3873772703054	-0.36633792887338	-0.0641158944548738	-7.00101979181353	-5.90414208011648	4.38048729901492	6.68381068237583	10.3503419590532	12.7581395702661
"594"	2.17914209598735	1.82187375847959	-0.95372863970426	-0.422265143081177	-0.54442248570433	-1.21776622871073	-10.993551616845	-10.651724850479	-0.932522554163545	1.09864700477864	-6.19954383422204	-4.73831772864721	8.7495112066695	5.65677150979232	11.6893071090843	9.85439130126032
"595"	2.5339619716772	3.45614607267607	-0.786108713456803	-3.69057993493325	-1.93849688407703	-2.06342354818584	-10.7551813101977	-10.1692757218486	-2.53779378753923	-1.21820558967527	-6.24356584340721	-4.68574772750332	9.13507817931195	5.25519104332179	12.2950603709601	12.03620854064
"596"	2.68444242761199	2.30606471147982	0.300249585247837	-0.352318743174246	-1.1777333787396	-3.06100911216669	-12.1618326786821	-12.813452231405	0.808229599501056	-1.93519580879351	-7.62569367354783	-7.54583943956614	6.35782851357117	6.54554701617642	14.7793861378	11.9747896026455
"597"	3.20373123886641	2.50377259603512	-0.181244622343676	-2.39416100755281	-1.6346143457459	-0.787670213689062	-12.7736642456736	-13.7910223428264	-1.14919517136421	-1.0781566179622	-6.09247554857231	-5.19278344611303	8.87530620797671	5.8824826135171	13.1763435221443	14.3354512160358
"598"	3.70761124860684	1.23346214720104	-1.05616585813592	-0.854180068939718	-2.93719447262915	-1.88107213204656	-10.3999360636708	-13.2990173791683	1.59577440443015	-0.217828221181598	-5.11713178265735	-5.19555856134593	9.20484963671885	6.01280483802561	15.7170793041555	12.2129688820565
"599"	3.127200690307	1.50812022856316	0.66836839043944	-2.46775964539166	-1.88322557685213	-2.07534138483861	-11.2958607765196	-13.4756191943525	-0.922032773738723	-0.253184658128562	-8.84973693209275	-5.55915380294812	3.6081982620362	3.62326862879308	10.2527169032641	13.1406271345316
"600"	0.480479020479992	3.71984854035902	-0.992823659916545	-1.26788230475261	-2.39674029519588	-2.0370384732492	-13.9800171149823	-13.0111427704997	-1.13804877713017	-1.37900599552294	-8.84261709064659	-3.9297857353052	8.99032282635667	7.16698013132007	15.5744026244728	13.109214500056
"601"	2.01096806682561	1.17644233295232	-1.2210149565588	-1.97096381939929	-0.238890711816726	-3.07778983017413	-13.0477583441219	-12.0481572878756	-1.37647447005854	-0.356266867993174	-7.31114315907013	-5.05473768038481	3.2249382151939	7.13107336195364	13.4275293077774	13.4127138841239
"602"	1.58915648360366	2.81522218721805	0.0156647471804849	-1.10921386851433	1.47832912770619	-1.19242763402899	-11.2841631226498	-9.2606191381559	-1.251305857861	-0.712112622079774	-5.57403150493381	-7.14315358335743	8.9805435167952	7.06276212916498	11.0032650086113	13.6040829632835
"603"	2.2711859944652	1.37797954006152	0.265477241232243	-3.47184096881552	-0.346546772966882	-1.19003695784553	-12.4909517933629	-11.5619740260782	-0.641407804290916	-0.820562211192385	-7.18778923596662	-6.66395514754747	9.6452068455709	6.3749984986368	9.0103500551331	13.3003218534109
"604"	3.62255623252432	1.95507023662317	-0.388781220481339	-1.02409279855835	-1.90373156428536	-2.08454079383694	-11.8302299746247	-12.6018281764072	-0.0401464340954751	-0.746591182100054	-6.79872823891924	-5.56665544524603	5.73855966613439	4.51560850563472	13.0899454556097	10.3855929791414
"605"	2.93619282165895	2.81980867771209	-2.26170316052646	-0.332714175904159	-3.62324459825654	-1.89079183571428	-11.1461372332203	-12.870980267949	1.11451272165333	0.149332178147625	-7.74205921711085	-7.09532474955997	3.75981241003357	8.05643539871142	10.7388969616347	12.1627182639255
"606"	2.5339619716772	1.71694222307854	-2.51891076060163	-1.44418404506175	-1.72779328776841	-2.36507918918558	-14.249909716057	-13.5000548147932	-1.34952454961359	0.448418101937089	-8.20294385464921	-4.87679612813423	7.06674112041459	5.69681327697858	14.8941524798538	12.908152792958
"607"	3.46575017126375	1.12604335674053	-0.560925655939659	0.114930620444363	-0.160055676503269	-1.34268516100853	-14.0477168686795	-10.3511700630322	-0.671961761853224	-2.14612190474567	-6.90277713354786	-5.40687844683618	8.6852889791762	4.78226185913731	11.3969793919669	14.3497906707036
"608"	2.5339619716772	2.90134013982835	-2.31528441112022	-1.60047544950961	-0.0417744749485856	-1.64556358159414	-11.9870264349186	-11.8871434965108	0.606827634014155	-2.24912055657099	-7.8153291473771	-4.12106164677637	9.02190898832745	4.98318812508759	12.3144244674074	12.5396260196335
"609"	3.04759832715263	1.85127029960096	0.205371799838382	-0.423495074416739	-0.664761979897657	-1.14346895207173	-10.0075933319453	-12.4515093355561	1.80990929934974	-2.78665969984625	-6.5192340295864	-3.83958241679902	9.64859336900393	5.19660108502967	11.520390535418	13.6068837009324
"610"	3.62255623252432	2.81277949718443	-0.744559455297161	-1.63482922661924	-2.55494921064041	-0.839972595677648	-8.20130289334159	-9.77393060620507	-1.53381951999303	-0.143818119171171	-7.1930360685568	-4.8163575700418	9.95030383334445	4.12831238584634	10.7337317176499	9.02608297901863
"611"	1.22721089176565	2.65608109517342	-0.0768288341439723	-2.56922876272282	-3.2762096460089	-2.32855106503611	-10.93427610685	-12.0627556408615	1.57856648261216	-1.40124876795157	-6.48865293286142	-5.68536073333902	8.16546636002159	8.39491676565508	12.2181591737322	11.5829248901782
"612"	2.87322671475016	0.894080423658559	-1.1218047774174	-3.99414712995424	-1.97555813746676	-0.949399548929993	-10.4130007851682	-9.19532869762493	-1.16837907348004	-1.03171919207031	-6.05054144312673	-4.12934907869353	4.64988948710131	7.60312301074296	13.277196927537	12.030305720185
"613"	3.46575017126375	3.43129224889061	0.113121881499474	-1.85602745059318	0.246779938874604	-1.30921790435755	-11.0060728424366	-14.8021131465182	0.526921992086975	0.844839446482777	-5.58441248506195	-5.42808541091539	8.22889296619536	2.84272882393051	11.3929156460021	11.5647205050132
"614"	2.5339619716772	1.77145446394052	-1.57261802759736	-1.61821631748991	-0.879675531506763	-2.26124044647687	-9.04652624624422	-15.04482033909	-0.143811343483729	-1.21753385935212	-5.5750813599316	-5.02892942793132	3.42882525018108	7.97063894059692	11.5472522311776	15.5998033113071
"615"	3.46575017126375	3.49296495261884	-0.0768288341439723	-4.14055206654989	-0.0420783132458987	-0.900837190878004	-7.9452080886696	-10.2067951982791	-1.9999300055221	-0.751855127167693	-6.8181466294367	-2.99603072358386	7.42037674569018	4.97936916515304	16.1862542859355	13.4932047933931
"616"	3.68758354714645	1.53154474431644	-0.060721489357695	-1.95140943778445	1.27914844962834	-1.61669043788905	-11.8910414257555	-9.88200296519946	-2.2152988472346	-0.792646931408606	-6.63762859800175	-7.07245814369359	7.35520591692285	4.9751206351459	14.166107322951	11.9592230897116
"617"	1.26820464110755	2.50789097620805	0.340884827394668	-1.77528781371646	-2.59472397407413	-1.06770951414426	-11.2726991967744	-10.6509096357011	-1.40698235218375	-1.06996198971462	-7.07832609074965	-6.00175440383863	7.10784805356143	6.22664222218805	11.3632693528684	12.7609629157315
"618"	2.81376536857882	2.20305430595062	0.732391209613182	-0.675082475548818	-1.59989216888834	-1.22156456639485	-12.9333338065546	-11.7301621826797	-0.0755879677426403	0.275952960528992	-5.79308928713982	-5.23745173874281	8.83803478781251	7.56397521397549	12.2596325489411	10.512856393606
"619"	3.10929843959746	2.28035428184761	-2.25471004964154	-2.92746951442596	-2.16931705492102	-1.55798655970032	-10.5355063215339	-12.2068573092084	-2.53920302116419	-0.56015225422406	-6.16553094289809	-5.07331550410203	3.88543333487888	8.17856637398977	12.8268288560067	11.470762623725
"620"	1.22721089176565	2.81142703891692	-0.998320940212095	-1.15386461555732	-1.0140566949926	-1.98471097063974	-11.9190237853706	-12.1925006354153	-0.636304451412827	-2.72770830413862	-5.57296620391553	-6.09470919074109	9.66441074049837	6.39424628087066	13.7278321441662	11.8170130414837
"621"	2.5339619716772	3.63974005113876	-0.560939022438587	-1.55427169951322	-2.09105971861418	-1.36766014283032	-8.4818667883069	-9.53654414774558	0.13158011000081	-0.815817144342969	-6.4682573107541	-4.62653736514385	6.00897109741364	5.68279916427301	13.9224783793599	14.4642500737709
"622"	2.5339619716772	-0.45276654540253	0.522444048099678	0.181846317945578	-1.17870441523918	0.397628976696877	-11.6079557310115	-8.29343347436449	-2.64752505679854	-0.994744098629581	-7.75799099054546	-3.54381425192618	3.11108078628204	5.39415432208363	12.787196567442	10.6053223635204
"623"	1.71468434781152	1.08140390917607	0.547194686094846	-1.19247459392176	-0.312573386179973	-1.28578693384769	-14.4008061336432	-11.9894064507495	-0.870935973537288	-1.47195118324727	-7.92973121094979	-4.78265869669051	7.39543533419709	3.80251465066078	11.7298471948313	12.6155317928919
"624"	2.01096806682561	2.31654826143333	0.395496779611995	-1.07350540789509	-1.14937053592597	-2.30894407518973	-11.0868749343727	-9.67900296336263	-0.901457687032492	-0.378623877458953	-6.35198565886174	-5.27154679688119	3.97224762999497	5.91357123934132	13.1212588972336	14.6175333161533
"625"	0.826024117988904	2.35683262624238	-1.60650359259261	-1.82306089167689	0.597757970962064	-1.67099826676851	-9.45301709686008	-12.1708750534896	-0.844134023423187	-1.70972910358178	-5.75799841514924	-3.27010342831981	4.94349887005792	8.91827865985922	16.7203983232257	12.3456775038995
"626"	1.25839115026524	2.7873829293622	-3.41897774994251	-0.538765332179128	-0.0273923413168325	-1.9966866674969	-10.8869020252203	-11.2480483977948	-2.34078902137686	-0.996308580849159	-8.28139453764652	-5.20521772411222	5.14217021935271	6.23433091182097	11.0689943177953	12.2181959654469
"627"	0.526472102246694	1.9213081792671	-0.289186805079157	-1.93622953635062	-1.24510916819273	-2.64092106970104	-12.4494283392206	-11.108806955914	-1.9115312270654	-0.701279209801335	-6.62167004113161	-5.76723908670938	8.11559461961017	6.16913764222201	12.319427941402	9.77186906439533
"628"	2.93619282165895	2.34570572480742	-1.43138601376352	0.203811850961685	-2.15631726681302	-0.913285066142246	-11.1090318504114	-11.7419365917037	0.685109408372093	-1.46582157048533	-8.22795429510072	-3.61235185968626	5.92998489776467	4.80015895160317	12.5349288958798	13.1845169123789
"629"	3.72552284306841	2.59622016579033	0.334356233162172	-0.85260640678522	-1.83737745978881	-2.05099276271686	-8.82162716714564	-12.1049127950548	-0.107822278493213	-1.63641946670214	-6.61585000674147	-7.08657750958543	6.97356500292082	3.86091392154962	11.8016476613433	12.5679375099514
"630"	1.16570736609683	2.60232407401659	-2.61394087788477	-0.820382769781433	-1.09069129894194	-2.40202994077129	-12.1940646342925	-11.4360632318341	-0.32716176586753	0.728967017330088	-7.72489538240485	-6.10414273500058	3.96728864050622	5.23165845581455	13.8472718440908	11.6721871570105
"631"	0.300089102958539	0.96145253733504	-2.05028972704979	-3.66536951683778	0.696515204349958	-2.82591651438952	-12.2738451996614	-12.4403179020828	-2.74653646675654	-0.210953708929843	-6.11094676016707	-6.64959127401495	8.9340876189386	7.83759971389029	13.4899103726472	11.5006702585413
"632"	2.74669587304158	2.04619711179668	-1.69182873694528	-0.631438926909735	0.286921177708004	-1.99348714539994	-10.6306083412507	-12.2558492303139	-1.84026453562758	-0.204273851582257	-5.54562576934894	-6.12734621926471	8.88381634232741	6.01562439357104	16.3794840889565	11.0488500552977
"633"	3.70761124860684	1.60937947842603	-3.42825276273699	-1.16049484906666	-1.6616429476315	-1.14706450604552	-12.5430106444178	-10.7778659267081	-1.98247742551527	-4.17758538913946	-7.85317888010409	-6.25596472973932	3.43160719257479	6.2214988322486	14.0289156612508	12.7972547592729
"634"	1.57125711289174	2.30609415500466	-0.769665408119929	-0.0740409724828784	0.457662316124211	-0.278704740193587	-10.4120613069462	-9.82833543706039	-0.289783749448105	-2.37022146305083	-8.59773201039984	-4.02145518534889	7.67541135049779	6.59485529725787	14.5684742768295	11.403380162743
"635"	3.62255623252432	1.9331922714155	0.164054702382778	-0.819975186310925	0.420950940200251	-2.35927646704273	-9.63343396981121	-11.4904268480849	-0.680335602971799	-2.25124020275722	-7.73720714145576	-5.94468062382928	8.59317959669318	7.22972475822689	11.4968119345581	10.8940755674321
"636"	3.69405698806467	2.7914492605813	-0.292261474818287	-2.77131759203986	-1.84201730578677	-3.54241951623723	-10.3485850028883	-11.2133107440682	-0.170561966269149	-0.526317450611793	-6.91299980604074	-7.78777087736652	5.05570318255382	6.86778345648061	11.4962558885896	12.0049678265911
"637"	1.78236386472476	2.15696619721111	-0.381556511389218	-1.13700204422458	-0.571314227625944	-2.18772119384831	-14.4950793554565	-9.42782043261212	-1.07659037532058	-0.753306693120617	-7.87478467369441	-3.72695447765244	4.81484364452986	5.93623094883283	15.1144086626479	9.36272142724401
"638"	3.68758354714644	2.68620940482852	-0.891916909441247	-1.5604478322137	-1.93612749335032	-0.696100036865632	-12.187673082614	-8.54052538403116	-1.29083145172813	-0.282053575555757	-8.48013343916182	-6.02109858131197	5.15120124683223	5.25888392847337	13.9173843925605	12.4624876706327
"639"	1.26820464110755	3.31406794703368	0.498141249437883	-1.15446907950086	-3.56428777253976	-1.8136745746693	-8.60606649241571	-11.0198636270554	-1.41142184320504	-0.864347655296707	-6.5585655126149	-5.48501044113502	7.57165092483723	5.85919784156455	11.3655795261051	11.6424613572217
"640"	3.62255623252432	0.767816799029734	-1.61348013236809	-3.09270928598069	-1.81844983200613	-1.57035177935654	-13.7253655858592	-12.5560901266664	-0.0904034113059632	0.170399978037487	-8.08306596704276	-7.38085613069231	9.00561822757412	7.05026232853417	12.8592448182671	12.1807323928202
"641"	1.74147216236367	2.37757489393667	-1.74771963985626	-2.71061250720945	-1.84201730578676	-1.51892418917093	-10.8152467691237	-11.7373048125782	0.261123411574523	-2.22738893306493	-5.80639760100192	-5.39980371385986	6.32468709409453	6.14321890905271	10.2275349674223	12.5987144604971
"642"	1.22721089176565	2.99423818749461	-2.85502951103748	-0.38397057705393	-1.13621331042355	-0.0803287557154054	-13.6921092764772	-9.23207973832419	0.279282549607283	-0.947087684519823	-8.42429235744536	-4.47457399381699	4.33498557444972	4.51115984251921	13.0841373852194	14.4196153643501
"643"	3.69405698806467	3.5085690767005	0.199020190298929	-0.183011882427249	0.22298376554766	-2.848737534059	-12.8597450891148	-12.7576964173799	0.156645707710625	0.282640747671345	-7.23719737490936	-7.46588874056854	7.7094105155744	4.56476603366174	10.2639865761898	13.5972313530685
"644"	3.04132203512244	1.46756607160225	-2.65630459950761	-2.00719918765212	-1.11340684477825	-2.6620971118587	-12.3968486833589	-15.3500403989473	-0.940968431280906	-1.42801569833215	-8.26703594003396	-5.93444402223571	3.50491330076649	6.42862677246591	15.1463976942687	12.5797325324494
"645"	3.70761124860684	2.71368818776321	-1.7243019538173	-1.00301297462025	-0.978011991592008	-1.33476965848534	-9.32913063055166	-11.3366560152756	-2.94831804752822	-1.23398494938427	-6.57918571389696	-5.78694316855417	8.61056779346039	5.91671532169155	13.9432107981703	11.804970015705
"646"	1.05104259834955	1.25566543876447	0.319828148776551	0.0926809673085216	-1.45173871878339	-1.16922359307338	-9.16296085700094	-11.2910563046538	-1.70842542610513	-0.172817092287074	-5.98604273071126	-6.08825480568938	4.32370694569035	5.95582659513675	11.2734485735208	13.7378344486727
"647"	3.48396882062719	3.22857685616914	0.11374197558235	-0.919477732026922	-2.06928846251097	-0.819670077716832	-11.0536014349384	-12.2324271348844	-0.894189167357268	0.753522775640722	-7.79513023450384	-4.67603946454164	9.85109645425666	7.48172713167587	10.9995263339145	13.0895930195697
"648"	2.5339619716772	1.97724309335892	-1.58539060122965	-3.47286918884025	-2.20461852165671	-0.445260742734577	-11.0911396743993	-12.8742179030872	-2.30316578559824	-2.84212366585763	-7.21623498030797	-5.34677104467281	9.18630072708311	6.80449697168635	9.32251376657714	14.4492354280465
"649"	2.93619282165895	2.38654885511043	-2.12519160519236	-0.74987080869866	1.07334626556371	-2.47632340336522	-10.260873677748	-14.0219076181946	0.682727563766465	0.33987571149063	-7.22681831633236	-6.86239570677796	8.67134887784188	5.4363311838488	12.2306614235865	10.6158976051457
"650"	3.46575017126375	2.34523964836816	0.300249585247835	-1.03603997915589	-3.08214960372881	-1.96329609713011	-11.3082033398046	-13.4102240470695	-2.81780319904789	-0.0636702958938203	-6.26711051616755	-3.60581948131959	8.15561111715817	5.13225180892702	12.525682039073	13.8194843762336
"651"	1.09941027613563	0.836351621748325	0.732391209613182	-1.18530531300635	1.27914844962834	-3.23619682669418	-10.7308670671663	-12.1212781807353	-1.12820140252569	-0.867258613669629	-5.93666333246838	-6.74274573432236	8.12214402360308	6.64849073830855	11.8443454389607	12.6913032049251
"652"	1.53123624372173	3.4455074590188	-2.23021189710757	0.0818299403734731	-0.0510284934588036	-0.941502422864058	-12.4026930271821	-11.9345778940503	1.61703376258532	-0.956552713554816	-8.17391760958396	-5.23540178217984	5.32758203247286	4.66256038407783	14.7732995196053	13.7302481392407
"653"	3.68758354714645	2.4281067838598	-2.63523932080326	-4.50040075303752	-0.943370235358011	-1.20972400912458	-9.29060262273488	-8.32622791812182	-0.781150756543773	-1.22545539808935	-6.01028316316628	-4.99914530963785	4.6303945154238	6.81229086209339	15.928515750002	14.8823024105484
"654"	3.14929980112654	1.86276542007902	-2.45784883743943	-1.24092344910728	-1.88772441405551	-1.68174681588292	-9.31814400429458	-12.4834044709242	0.740141991488179	-0.27123422776846	-7.25981170488736	-4.19640216290113	5.38099868247713	6.88110570748953	11.7331321547627	12.5611445584194
"655"	3.84458265812916	0.901351161399828	-2.04010913109984	-0.349399685916054	0.597757970962061	-2.45700072985855	-9.05557076640044	-9.61521852084992	0.79816660544637	-0.751846560823852	-6.11042027186994	-4.638022782279	8.29604348131809	5.98122682704083	9.06580140152919	14.8854439968702
"656"	1.78236386472476	2.03514019047968	0.72807759456972	-1.08050967028429	0.931257653943339	-1.54345252095217	-13.7265828668433	-12.1763784824351	-0.976340298784905	-0.724012697922841	-6.89329669132579	-5.50289063302769	4.29338503487691	3.4519026338076	13.9469008994833	13.1423027718621
"657"	3.14929980112654	1.5759474327234	-2.51891076060162	-0.627728277558057	-1.60731365292374	-1.02056303226733	-12.6008199498828	-10.0087334760464	1.82640851151902	-0.0125653584402325	-7.07724713359995	-5.06072591975563	4.90797514134154	4.68181612358233	14.3479439599714	12.216504192867
"658"	1.49815544563014	3.14176660412698	-0.527239733859084	-0.546708832022923	-1.49893424213925	-1.28017141222408	-11.0428902473181	-9.36726338917704	-0.336805166835885	-1.14448254402483	-6.68500452357102	-4.68704369781254	7.05586596396016	5.49966326709883	11.5357424623464	12.5553201211478
"659"	2.55856570834466	3.15819186801927	-0.213511395001592	-2.94838755830456	-0.872487463155859	-1.34081367894118	-11.6637812154593	-13.8491503397949	-0.561506200804709	1.38239222424095	-5.78414176661442	-5.64981131103955	3.61691547655956	9.79728791325935	9.38376197104173	11.1926694918278
"660"	1.26820464110755	2.8604281054324	-2.28176937077207	-1.11970962373963	-2.39152334207068	-1.92072486209232	-8.40140965133696	-12.1489898519197	0.0195035097003169	1.44642472341801	-6.79326424979486	-5.37159198705155	3.48391654713909	6.96548805346277	13.9445700890958	12.5072400591218
"661"	1.42750795655349	1.51271098824838	0.178544201505014	-1.24226420894212	0.495045949832192	-0.992165700712777	-13.2933691396184	-10.3615576350511	-1.91651236384381	-1.1848033282398	-7.95768459900904	-6.43677384822119	5.80912893289391	4.78883402582576	10.007363287541	15.1967877392825
"662"	3.25929910996267	1.81370135063722	-1.12045377524448	-0.451735996685438	-1.70294059795126	-2.58492706264617	-9.87208066303889	-13.2762456626512	-2.0829373803732	-0.850555351045911	-6.26815158568494	-5.58367004988474	2.78640020976926	6.70951784313837	12.2002462757498	10.484551785344
"663"	1.42750795655349	2.80684663225037	0.547194686094846	-2.8120511764683	0.432617357555733	-2.17608637429086	-12.8638283326427	-10.8934386461268	-1.44555859134915	-1.44951933711073	-7.3609158053724	-4.20290020385435	6.0422751375984	6.37263180026697	10.5515796693985	10.2730141282381
"664"	2.6997926496834	3.20520979855293	-1.54511273350415	-0.210585907177616	-0.821362482193495	-1.70087390268209	-10.9192271993901	-10.3014079108226	-0.269110331979407	-0.75805658296733	-5.32766600132159	-4.95473170152806	9.59889261325315	5.35575471714048	12.3498939168474	13.3254414468501
"665"	1.66722089371566	3.16905248865275	-0.697062757467412	-0.478105176015513	-3.71330202682249	-1.61570505774294	-9.75546852643019	-11.1819302794101	-2.88876395563413	-2.21530809965357	-7.70145899377251	-5.88226710119292	5.07924425748813	4.98278752626206	12.8058197206002	12.9281636188672
"666"	1.69488342336227	2.40292534482287	0.334356233162183	-2.80433894632041	0.187414817130894	-2.30632939811106	-12.1489455878631	-12.9648889527493	1.14484954955658	-0.553251959672499	-8.56302417795339	-5.33413750693881	7.91625674998237	6.43334079644859	13.5676128028525	10.7491528802358
"667"	3.23217767446545	2.906685979343	0.66836839043944	-0.108167627505664	-0.280313366703622	-1.8696917366527	-14.9213480192399	-13.5510165365294	-2.19470856858838	-1.54105874014694	-7.53098294339975	-3.54832692482134	8.00182338800294	3.18197751217741	16.1195543500336	14.4471818601906
"668"	1.26820464110755	2.83470349871553	0.395496779612012	-0.782847890941676	-2.21360985536954	-3.04410020496603	-10.0892814081978	-12.174090535701	-2.78551684307871	-0.0838821787710014	-7.44534935853632	-5.89943581923007	5.92738045605157	6.21242786796491	13.522780538925	11.4995813913014
"669"	3.78108018853302	1.72629699195247	-2.94728537549513	-1.49899755092852	-2.39596716632946	-1.00144385883362	-10.4157133189754	-13.0528650371578	0.31659199649907	-1.29584084558007	-6.55240202243935	-6.17036844347662	8.89348636731684	6.63781448197234	12.7801524772444	12.5919226872223
"670"	3.48396882062719	2.15054352651315	0.122647353390309	-2.05507882319165	-0.874741900169567	-0.091960759660454	-9.38832670135823	-13.419595658539	-1.60116812012312	-2.1712307540057	-5.80567741373333	-4.10201700979736	9.74032398768445	4.1278172592181	14.3933364746312	14.1904002306853
"671"	3.127200690307	2.29182124416268	-0.627927607799857	-0.940443506485833	-1.06977272880165	-1.66262644172899	-11.7797571785497	-11.1720668902589	0.650113161874825	-0.352267122290939	-7.11231647168193	-2.96590742721757	8.50706033436583	7.39250797913646	12.8944093948659	12.932314551509
"672"	3.46575017126375	1.37422041014834	-2.28601973441158	-0.263495620301217	-1.37096470504074	-2.70707815110848	-11.6404899602961	-8.61925686213533	0.0942103055568344	-1.56915881510671	-7.10432149966117	-5.35088008408512	9.9378257028237	7.31119198385523	11.3470613922876	17.3914923957347
"673"	2.5339619716772	1.58229495762497	0.732391209613195	-3.44252236362983	-2.11246865131609	-2.86852772999072	-13.5927579575888	-9.98441810499929	-1.29437287807607	-1.14804182937769	-8.33588388870255	-5.90794669679695	4.70819403467812	7.4386617778985	14.0196167643481	11.0736627272328
"674"	3.90378298957166	1.70574296645475	0.122647353390323	-0.220066982720384	-2.70501913467814	-0.413825756615877	-9.91455243380609	-12.9971265298299	-0.0310402823658011	-1.41408354375893	-7.02245345602833	-6.51256946288965	8.45343161745201	4.51523005745523	15.0100616891031	10.3636048465812
"675"	3.21184797941574	3.18512247497208	-1.67709033293849	-1.35347971216594	-1.36683281639436	-3.10890636375458	-12.8098925332892	-14.2084122428288	-1.61322520212285	0.364927370930366	-5.50507867661467	-3.91607064439894	5.65274614513786	5.52445168319738	10.2415561271438	14.0420678871493
"676"	1.71468434781152	0.996170939868867	0.66836839043944	-1.62288605375003	-2.26526694686789	-1.02784203249466	-13.1663665929648	-12.9097093091625	-1.74327581712897	-0.236247388420671	-7.59230762688111	-5.7103913647544	5.73464561288829	5.12967997236791	15.5910244267403	12.3016020716318
"677"	2.5339619716772	1.45518108797062	0.319828148776551	-0.793120611181109	-2.21360985536955	-1.15406591684109	-14.4676875353165	-9.35370522431507	0.810750279752237	-0.209929420798215	-6.65815432231846	-5.40530385888039	4.58209276035149	5.41550101508787	11.009110588436	11.9278896742494
"678"	3.53390148968105	2.1707702107102	0.261537496627688	-0.979095421894816	-2.56735227595199	-1.58126331268318	-12.5154949104445	-10.5743372959235	-1.6072750471205	-0.918702119289424	-6.97226864569576	-6.37968376985003	4.91617620330135	7.31526592242269	15.9550663725308	10.956363772514
"679"	1.69488342336227	2.32260746979016	-2.29514540121303	-1.65203489297802	0.723063566663515	-1.91743176251638	-11.248719603875	-12.9129938532904	0.422951211524019	-0.347474424800672	-7.01596933551993	-6.36497753700668	5.70179989901977	3.97491496068859	12.957008714141	11.4447853824804
"680"	3.68758354714644	2.10082981085487	-1.44067595697673	-1.25332389499551	0.62612714609122	-0.502862500612632	-12.2656728970897	-13.3107606145554	-1.32688646502436	-0.457033704075476	-6.64498094960887	-5.58033141493484	6.37196437068758	4.21286685336795	13.1662569183678	12.2905326170413
"681"	3.53390148968105	2.34857476917108	0.300249585247846	-1.80656871070064	-3.01200411937499	-3.18692114426338	-8.59990864565519	-13.3917372288542	-2.70025265158668	-0.449462467596814	-6.06257372540827	-5.1097589139884	4.89189398298434	4.44606895823134	11.9050623394563	12.0996649918771
"682"	3.04759832715263	0.874767849215447	-0.842597540998896	-1.05340348658725	-2.22528898242185	-2.27941058530044	-11.453310054764	-11.9693602725623	-0.554384730456205	0.0870347178708755	-6.13844319097794	-4.27222828700391	4.5023956713558	4.14527821364614	10.8605064812302	11.1758702281635
"683"	3.53390148968105	3.17246112557754	-2.7176205099944	-1.17898764743202	0.21337543591305	-1.65444573352038	-10.7916547651518	-12.9278173125397	-0.467930160421719	-2.29663492845924	-6.70334258096169	-4.80475085205298	3.58511750940497	3.91544636646817	12.8488669324731	10.2949402251041
"684"	1.26820464110755	1.53980988511319	-2.52569695852311	-0.831148700142309	0.306394163258408	-2.04093818417317	-12.5557653706802	-12.7726443606096	0.676758079370377	-0.996501121178472	-7.1974430673862	-5.66736835454419	4.01315726376192	4.65844271401405	12.7558111927466	14.4066466220739
"685"	3.62255623252432	0.932610997116141	0.0454561962145063	-2.58240271902884	0.334257076293755	-1.87049001530976	-10.2975362531552	-8.39446644361604	-1.86235173195415	-1.33768898168	-7.59317010987871	-6.99277851350672	4.00262985985289	6.36734338139919	9.79071493448096	12.782533185246
"686"	2.02296381863932	2.11365389599755	0.237422152305738	-0.995119886513213	-0.0907767886786373	-3.38345867301693	-11.8806787593475	-11.5464100562919	-0.196318821362616	0.242565379628167	-5.92098938581719	-6.38816806832681	6.15115579088845	6.97431863921406	10.7002441099045	10.8820584799455
"687"	2.5339619716772	2.88424350881172	0.0231260895126383	-1.28159368027415	-3.62224212454992	-2.68302718406695	-10.0698443731605	-12.2881361251567	-2.06169247612308	0.122156527006524	-7.64350503705647	-6.51068252863739	9.95238292769961	6.33219808185812	11.3237692208269	15.2898478390094
"688"	3.70761124860684	2.0739716545636	0.522444048099675	-0.474668632918072	-3.49814562650177	-3.04651546050628	-13.2210942282673	-11.3784953421035	-0.930428336788866	-1.08773588434393	-8.14806204451654	-5.74816751148272	8.7071207345204	5.13527053943372	14.2791413936605	16.2154804589561
"689"	1.58915648360365	2.27987657680743	0.342396442383649	-3.13576076186375	-2.45068259845439	-4.56738346214649	-13.2818341463393	-14.0831747177512	-2.37574983233645	-0.667677562076231	-5.35637506111747	-5.8262106562274	3.2533225754772	6.77537404959642	14.4074021237907	9.85117924226633
"690"	3.72552284306841	3.29557453082102	-1.06725797573441	-0.471644677857162	-0.355705562441338	-2.50282183259751	-11.585958322942	-12.4495993025776	-1.78051067157855	-1.20956495558579	-7.92246486206671	-7.66830744753818	3.96904224673515	7.35814663946784	12.7676799551569	12.959852578614
"691"	1.26820464110755	2.05507625785904	-2.45784883743944	-2.08294084085721	-0.355236646780048	-0.655600155315274	-11.2664478685881	-13.3502370200121	0.427319682405075	-0.27183849357843	-6.10347039415719	-4.85060222390676	5.280202130327	4.78083827424358	14.1934508213469	11.6880593810352
"692"	3.3781334955273	2.63210059459752	0.530235633604604	-2.37654602952277	-1.15389958843758	-2.98139425183397	-10.9866191676107	-11.3557394535499	0.183929998841367	-0.634251014022191	-7.19215895424982	-6.80449440091177	3.59033274178205	6.17413649051206	12.4841369869553	14.0272947369608
"693"	1.28134568107049	1.44361445818821	-1.82877264162352	-0.048202091096142	-1.21228474101159	-2.35381957229014	-9.23595982630166	-9.82985528825536	1.45899839422143	-2.83271871078871	-6.64197202217033	-6.22318599263856	4.59464687943017	4.25247534161837	15.2968224282921	13.4616675527037
"694"	2.74669587304158	1.67905962300314	0.340884827394653	-0.415726406184163	-3.43908004444953	-3.41497510813312	-13.3044745507223	-11.5796776301021	-2.59040913408757	0.66908297567273	-6.67594486325739	-5.41350855966186	8.79738143391887	4.93726343898749	12.425768522913	15.6399023680568
"695"	3.20373123886641	1.65824967136285	-0.478057098867705	-1.6633012081905	-1.94510582178437	-2.21885666014674	-13.3988234266609	-11.3639017023159	-0.403394730453245	0.316146751256285	-6.86967706564003	-7.16440139825966	3.63830853368347	5.53808218863239	13.1508150657856	10.499755766128
"696"	1.53123624372172	2.86531196756344	-1.56200347119508	-0.820155374868567	-0.610125485368219	-1.86803197257583	-10.5605034166779	-9.77944874008201	0.403011294187029	0.550141945085374	-7.69895853199578	-4.10063922469934	5.63789062649937	4.61183349688403	11.1776674935084	11.9885523009095
"697"	0.826024117988904	3.61190549543783	-1.56475591755827	-1.46856896913821	-2.46550546742084	-1.54837708549206	-13.4758441876156	-12.8748788672849	-0.823982885730711	-1.54621847456549	-6.51894330365223	-6.5326617037215	5.02623470655431	6.62485802545195	14.0638133020089	12.9409921586794
"698"	3.46575017126375	2.37885690059232	-0.880708737319711	-0.933886306269941	-1.24312963719372	-0.770990542020261	-12.3534476008418	-9.58411154867808	0.00322116002281459	-1.25101521084395	-7.83785762901559	-5.54544720279462	8.77259138245551	6.71943714705098	11.8797778968097	13.0729211866168
"699"	3.48396882062719	2.92039344682729	-0.860821013909978	-2.28330659210042	-2.9675526578259	-1.17675180607213	-10.6700843079947	-14.2725676772706	-0.351397217529549	-0.887838739711974	-7.16051138198382	-5.24111689177043	10.0028080223072	3.10284487135723	13.518395650047	10.8494730481098
"700"	1.49815544563014	2.18883071772634	0.454595901759743	0.677843723350549	0.508334663069284	-0.249558646661094	-8.40357758536624	-14.1579529113301	0.261123411574875	-0.676788379543078	-5.17091591197331	-6.5854105539124	4.55528045123105	6.32370831574938	16.2955493503088	13.0887875507683
"701"	3.69405698806467	1.8325270752114	0.319828148776551	-1.23719565257673	-2.45506839961998	-1.81496891610183	-11.1212429576892	-11.7895366704703	0.907000051942552	0.568246202029219	-8.54923473113744	-7.18942472539079	10.3226432666063	6.50249001913089	11.5306440893387	11.1305366010198
"702"	0.126929777319985	2.62710270214159	0.270804987242913	-0.158584702297363	-1.52632578021925	-1.42970108132292	-11.9012828620782	-11.8531113900676	-2.69787313519982	-0.365304261034257	-5.91954944551991	-7.15621574719802	3.02364575121199	5.47688603696811	13.2581180121891	10.1897146685781
"703"	0.632413614486091	2.51981677879937	-0.368205437584841	-2.1435794376431	-0.204611012971668	-1.10853847062569	-12.2020655856564	-12.446865425612	0.700291706622227	-0.357312045161915	-6.24994908398109	-5.97029678650463	7.32755054117358	5.47244919703643	12.9350170948269	14.1120550977561
"704"	3.25929910996267	1.19775346993208	-0.784665856301258	0.76747880109121	-0.598600193030547	-1.69333858684448	-11.7041086674105	-11.0002535747366	-0.186688675988699	-1.01671251342393	-6.93571141632335	-4.58173847412109	6.10173559002935	5.89315878835482	14.9244166968197	13.695823020005
"705"	2.74669587304158	2.74920220694129	-2.89025039286619	-0.625012020068876	-0.874741900169573	-2.43275646395206	-12.8385287124075	-13.0889722115121	-2.29005046568755	-1.93942886970672	-7.37139478172253	-5.67312118616737	8.43656229278498	5.73876044918586	13.8852942256596	8.92917918022181
"706"	3.46575017126375	2.06453587638036	-1.05616585813593	-2.69480098675288	-1.47811438305806	-2.63604182628126	-9.46671202040369	-14.4902692767533	-0.675125879427038	-1.70899176318381	-6.70216679269414	-6.20153392729809	10.2225284608797	6.69224328018632	11.2532435774718	11.0686693255809
"707"	2.5339619716772	1.88384299514403	-2.0406046871183	-0.215922825219903	0.442602331447399	-1.52058739317416	-9.43276719894241	-12.0923740394312	-2.03157039514288	-4.29186446624671	-8.34374056315138	-7.45500796176548	6.37686456343767	6.39581887928134	13.8225733765856	11.3548778468467
"708"	2.5339619716772	1.25554340130515	0.07634706660272	0.611795241626094	0.580605392613109	-2.19851640027197	-8.92431527616535	-11.2399344992139	-1.53525001213503	-2.13376458477315	-7.82376542613939	-7.2503660544988	4.00740167776121	6.40674966391064	11.8201777228581	10.4810003269208
"709"	1.28134568107049	3.14299016103769	0.498141249437883	-0.577159540083511	-1.83070006695155	-2.48958711964952	-11.4689065479706	-10.8239383945554	0.131580110000789	-1.31278335521506	-7.43173344693764	-4.46371010254109	7.73360194659407	5.28899341835093	14.6892280472906	10.713608237469
"710"	1.63478276357674	1.48656564398331	0.142844610079111	-0.915803733248413	-2.27290756663268	-3.02179049535935	-11.0737088763252	-11.2251151543213	-1.5002010217925	0.108751651471773	-6.22407990321933	-6.15513811832359	8.83317137354428	6.36947066378554	11.9735835338605	12.8609082398902
"711"	3.68758354714645	1.51302636887538	-1.39796085720223	-2.69820137272983	-1.17141314214445	-3.41775287349833	-8.81273866112527	-11.0337491109567	-1.63325246897435	-0.560316624264621	-7.33452826863564	-5.63151471050126	9.73883319546557	4.84814421205648	10.4147782249941	13.3051456138369
"712"	3.127200690307	1.37370938313024	-1.51458945096967	-1.61344526857209	-3.10300625205754	-2.50904797219348	-11.8570561223697	-11.9317059198357	0.0825777344271248	-1.66235815249616	-6.68641902620535	-5.54978627657728	8.39920648096282	8.45788984231877	12.5630801401898	13.1722769580392
"713"	2.74669587304158	1.68547570152488	-1.13797842185628	-3.04916644337732	-3.03601641389707	-1.29658217229662	-8.65294829542265	-11.6170640939138	-0.279570525906277	-1.11209224761831	-5.90511442157595	-5.47927794792442	3.81699237458887	5.33752767632654	14.4727051849402	13.8071961669265
"714"	1.28134568107049	1.72024950532825	0.158028348412198	-1.57019687908559	-1.90699760846689	-1.82646850674172	-12.8402326864947	-12.6223772005838	-1.68180539108037	-1.31151445287863	-6.99338513178254	-4.28160646589178	4.56691540063205	3.72147269852691	12.2559512915482	12.7610992080499
"715"	3.0807109034577	1.57904367692951	0.300249585247852	-0.0996394333827183	-0.576698273179925	-2.41629217301351	-13.3895338530494	-10.8900027165477	-1.53686210626583	-0.403639303691535	-8.54709604784053	-3.93925604257805	8.48327805265909	5.89078836109242	10.3475202369868	12.6221997776021
"716"	1.71468434781152	0.785813037724351	-0.0255610888310292	-2.62671877789384	-1.99500015744491	-1.27413955827988	-11.5763084760196	-12.6484255919352	-1.7318636720091	-0.0501642543766612	-7.17799364696374	-5.19587639267853	9.60806123668209	4.80023739331909	13.1847666030097	12.4479365365629
"717"	2.93619282165895	1.70857206772521	-0.658930899032109	0.0660057651972218	-1.98941386371558	-0.698854890809069	-11.0586230317891	-12.8182482424615	-2.09405730638486	0.0274646089036838	-6.33361359365853	-5.17656904720908	4.90083271784945	5.43243775954721	13.5890094186375	11.6559992315617
"718"	2.69979264968341	2.66629962008542	0.11374197558235	-0.531797177591201	0.211632411322844	-1.95835156126101	-9.10752420698106	-13.346788792599	1.9418096093591	-1.42946356835713	-6.51958276314121	-4.85234921159295	5.19419907092763	5.10391319022089	12.4317744499316	13.3192027148118
"719"	2.74669587304158	2.63676056833314	-1.38536183106945	-0.873871563728685	0.255952847343389	-1.41776596040468	-9.70273121281463	-10.4932251353761	-0.725027843141613	0.398292497591237	-5.29558071412912	-5.98494714269302	5.17389340245443	5.25394970734845	14.6205742630808	10.8470120448239
"720"	3.62255623252432	2.97018499250516	0.291509529588268	-2.26942604795898	-1.65634105941449	-2.23754791198093	-10.4403085397265	-12.4617292901751	-2.11052526012337	-0.556028026396358	-7.8705462539736	-4.46646333052283	9.61300654235478	6.46441710509506	12.8665530864604	9.88032893473869
"721"	3.25929910996267	3.47909417361448	-2.49251881291848	-0.699900517625219	-2.30007630819844	-2.19302681253585	-11.6853598926248	-12.8095879984279	-1.63971298330544	-2.84581383427815	-7.64995339195742	-5.28266199204105	5.40002901384927	7.46366283719501	14.7421320091532	11.9403526689117
"722"	3.127200690307	1.8701225946919	-2.78242492967823	-1.18072448925532	-1.52211144738165	-3.07344526404858	-11.959738531255	-8.78905321235005	-1.71580622446381	0.38968300959454	-8.20045241762672	-4.7688621158838	4.20249943750973	3.88121470910167	9.20537784586419	13.900007563715
"723"	2.96077905224282	1.66347493869364	-1.6092422118548	-0.83509431279399	-1.93612749335033	-2.40298807872431	-11.6013475182591	-11.2148138587716	-0.993216010443681	-0.469743555146691	-5.07434111360874	-4.13154777055006	8.63745009813171	6.99629580592982	14.353589321115	9.3536165763679
"724"	0.41168338522301	2.45386849991961	0.258274529010462	-1.69820148460607	-1.84726257631888	-1.48521630204746	-11.1841652955686	-9.28435418967039	-0.632762818376704	-1.00068520963773	-6.14617292417762	-3.96687273827743	8.80867659810642	5.67469324670783	13.1647183999696	13.2402302701762
"725"	1.26820464110755	1.48812955944147	-2.57101276690997	-1.19022247807298	-2.48197980827326	-1.63050528196852	-12.0399100710914	-12.8305863739718	-0.150152340779278	-1.54883686448808	-6.7585569447423	-3.86917275188425	2.66255320448438	7.89666067202084	13.0438120661785	9.75404229084976
"726"	3.64166751133954	3.64645173723205	-2.75584519272367	-1.33709361499626	0.971660935607751	-2.45516242603944	-10.4918064992221	-8.91339291175461	0.81812871144637	-1.88451338504702	-8.20688106992941	-7.44980761069929	2.31068555611956	5.79481656641626	14.6042204377315	14.4027543530214
"727"	3.69405698806467	2.52920457665509	-2.85114626362121	-2.35028958303576	-1.30677528936168	-1.14199114140608	-12.3850423900131	-11.0802375896316	-1.36911604171269	-2.57745001497154	-7.72896631451967	-4.13687071030689	5.56536516430366	3.20495034496177	11.8134179410902	11.8228836316974
"728"	3.48396882062719	3.082000054988	-1.53483393944504	-0.130919536754343	-0.0281300440456773	-1.97255333192242	-13.2563743296796	-13.2366859157958	-1.63117030701457	-0.577759502500681	-8.06989463108563	-7.15102214650205	7.18546555449586	4.91782871759622	12.8370305617817	15.6540278529653
"729"	2.5339619716772	2.63093009300686	-2.34426991763474	-2.09558598348033	-1.50736084459023	-2.43063756115457	-10.0745540024744	-13.1070950285628	-1.76869746202854	-1.06210934801106	-5.48435162368604	-4.68515728503723	3.26760405092757	6.50536660809082	8.97195548752293	10.1502075733721
"730"	1.42750795655348	1.94021367010729	-1.75559427597118	-1.34086245246404	-1.81798762078878	0.14167785313203	-10.1808248050649	-11.6424647534205	-1.46455852691722	0.173186819705089	-8.54685660070986	-6.33631889389148	4.94918844541472	7.04791973991683	10.2451895807136	12.0435091305749
"731"	0.826024117988904	2.07639182043176	-3.32000945008463	-1.00178142771846	-2.1212657929476	0.0404214743188778	-8.78276372067648	-10.6077771218939	0.65907186443962	-0.789788430814305	-7.64568251509211	-5.70001580070595	5.80505584756736	6.41212224243005	13.9337871535795	11.0930920843546
"732"	2.74669587304158	2.73188844417848	-1.51458945096966	-0.679625992147998	-1.75103306864327	-1.68080093586655	-11.2364542233787	-10.2489317803483	-0.748703570379578	-1.16357660105182	-7.89551436748349	-3.89398834769975	8.53518027592865	5.77460891910513	16.3241859539482	14.1802936004822
"733"	3.127200690307	1.40973787323695	-2.26048113615199	-2.46943799313435	0.723063566663513	-1.37707955293649	-13.6360435833229	-9.54202052489894	1.29451441563672	-0.686124792610879	-7.64569801651446	-4.3401452726555	4.19226941994255	4.17952416562564	14.7126159234138	11.0656306741766
"734"	2.85465821202909	1.88352671427122	-1.00655974879323	-1.16142423836459	-0.699956771198823	0.288192338687681	-12.9863311698514	-11.4073105849032	-1.63118313458341	-0.317205522012475	-4.82663252002821	-6.50155679974987	4.52043192005431	6.65126624368343	11.6524404839589	11.5759252841109
"735"	3.53390148968105	2.66326380697942	0.339931181308553	0.467388921116169	-0.415958917018147	-2.59720008230565	-11.2539504922195	-12.1752127100886	0.401206645497958	-2.35878427256737	-5.70759109597649	-4.76360951117099	2.8074032266988	4.79749768835895	14.6678217226822	13.6404253414333
"736"	1.58915648360365	2.7462162727757	-1.41309222369531	-0.425359846499913	-1.646873902757	-2.0749977537369	-13.1262302014265	-12.0223657131178	-2.792795840519	-0.466011507867171	-6.64947898484361	-4.25189499512046	5.44004862651901	5.54655857066746	11.6693964430471	12.7296555445969
"737"	2.5339619716772	1.94330823042682	-0.631338392343994	0.361800644457301	0.62612714609122	-1.44508388476716	-11.2254793433215	-12.4279717350479	-0.457074232647107	0.715817936400011	-7.6432322598893	-6.38595693377802	2.19328923326813	3.55442778035935	11.5620799265379	10.5309849919786
"738"	3.62255623252431	0.762667960295899	-1.6092422118548	-1.57057716066534	-2.34923148856186	-0.498648605620538	-11.6375738902541	-12.1195053119826	-2.06010269278693	-0.730992954930436	-4.14297243919803	-5.4306123335764	3.68788978136109	6.94011305517181	15.5441228267297	13.0487886767297
"739"	3.68758354714645	2.45475443807517	-3.38994900284766	-0.793703817734642	-0.618628369842116	-3.10548049709106	-10.9569301044158	-11.4745252700006	-1.8715437801491	-1.04888398786962	-5.51095309771478	-7.27443849823437	9.52942636262752	4.6880616109367	15.8955767113712	12.9307439095709
"740"	1.53123624372172	1.45877248426292	-2.89119722074562	0.0827274223599775	-1.36683281639436	-0.163510328862632	-8.655204055187	-10.82945386067	-0.56644927359552	-0.445457386130316	-6.28042564691648	-4.97566178456411	3.79649335592556	5.53428573097966	14.0146603077018	11.5361542959273
"741"	2.81376536857882	3.01280031707862	-0.75441818413419	-1.5750145741944	0.432617357555746	-2.14247369583021	-12.0822854813577	-15.2219631777909	-0.020543235655104	-3.08961550387269	-7.41225998780652	-7.98128992257834	5.88655765480426	4.97030995706818	14.8836614162247	11.0147133250313
"742"	1.53123624372172	3.18007482339873	0.732391209613195	-3.67806468977951	-1.37096470504074	-1.72247913848335	-8.32519206531288	-12.2364274818619	-0.870358269120739	-0.50387041208003	-7.64581962261188	-5.59368054655839	9.66625289467994	5.24822259858963	13.4683380975732	10.7152730790651
"743"	3.48396882062719	1.95224375100282	-1.97261434478048	-1.52191532917627	-0.801301759462695	0.177116597369172	-7.778831353747	-7.33343927180291	-1.76778035674902	1.08589946213776	-6.28374267187424	-5.97337586853446	4.14887347806716	6.11156507224692	14.8189809012531	12.3500876325823
"744"	1.26820464110755	2.95199840339548	-2.89996359408664	-0.86146918115323	-2.69378463400634	-1.8847548120841	-11.0603757977865	-9.99902411276993	0.0239047074561907	1.29201971754903	-7.52651877810891	-6.07967074123893	5.85319541709687	8.57392383822712	11.5395290996247	12.3451532776939
"745"	2.25127576686787	1.7468082797292	-2.73561688322728	0.183863464513553	-1.06102799725067	-1.33642003900294	-10.8312882819924	-11.9387529865325	1.74857090769223	-0.111263591755711	-5.90301140808841	-4.21860007021424	4.30045530000589	7.19436968940641	13.0265495076425	14.0391467292729
"746"	3.23217767446545	2.86609474208321	-2.53890549624025	-0.684108594299559	-1.80343098738516	-2.61078155977189	-13.3313147301497	-9.69422695196115	-0.213724528842748	0.69201547258123	-8.30198020786217	-4.26891896238823	8.27370045860522	5.38446047536109	15.0590944346342	11.9500738011757
"747"	0.826024117988904	1.12203245890832	-0.468516691432992	-1.60200647051025	-0.0657138717266294	-0.674779907055445	-13.1850273383472	-12.8305798313209	0.508726378237531	0.0874811271360985	-7.64587286143221	-4.79330547595789	4.81616685622545	6.15091747506485	13.507298026183	12.7037836902257
"748"	0.467109602223086	2.30551640521123	-1.14523698647572	-1.81530432708967	-0.0888109424971181	-1.55267966656468	-10.1367917130126	-10.2757935001802	1.28723271397405	-2.30402344059676	-6.70587673644216	-6.50325382027541	3.32441444940302	5.31201364776598	12.0168282685763	10.5496831422116
"749"	2.68444242761198	2.14935094351766	-1.01804277119911	-1.31024195462174	-1.48632455186602	-1.75803807057797	-9.49398903582634	-10.232228152163	1.33931725393855	1.9376667516925	-7.27346836523265	-5.22986797448431	5.77871518133476	5.64897456537655	13.59693890321	14.0767096345549
"750"	0.544822164592993	2.3563577806916	-2.11825892764806	-2.27118808103376	-3.15657542286558	-3.15137828196569	-11.4185661081349	-9.22155505212441	1.07190033283865	-0.752372289021425	-6.14823746270772	-5.94408672679107	4.63097194465156	5.97496463443957	13.576321325517	13.0322146697447
"751"	0.467109602223086	2.90076386446348	-1.1218047774174	-1.39504428921631	0.289450791462174	-1.35503737051064	-10.6612848931626	-10.8089615970737	-0.643151475416528	0.318962035144349	-6.60710973875756	-5.69543999489594	3.42250144283904	4.21762361206467	15.2586100716115	10.2803401955936
"752"	2.93619282165895	-0.0544320529682383	-1.27070870566836	-0.595945055867154	-1.72951271887995	-2.66691190997239	-10.1383394173444	-12.424199563798	-1.97443409488525	-1.4440281631036	-7.62925287431195	-5.35174982908848	7.49657493003981	5.16156441175747	15.3993308258252	13.9329683513022
"753"	0.85985332126607	3.21982811730365	-3.10439723425692	-0.935235769258365	-0.318236706301548	-1.27920539412628	-12.5340430181832	-11.502997193205	0.28409652379217	1.18428705959291	-5.69098178176239	-4.35153808681359	5.6358614375805	4.82745524221303	12.2226451674283	11.2465255115396
"754"	1.26820464110755	2.96255075336385	-0.465989351876425	-0.636620699082201	-1.84388944215258	-1.2489359202679	-13.1083939235987	-13.8035707705382	-1.86160013171644	-0.537192214927921	-5.56278020560685	-5.9270212785551	9.02036348454728	4.94085837060573	12.3742197415073	14.8166316931478
"755"	3.04132203512244	1.47996891076463	-3.08115602649062	-1.00976934950636	-1.24312963719372	-0.222126715881581	-8.22855329988241	-12.4927442984336	-2.51138074420521	-2.99728215781696	-6.75640058924418	-7.12455981190819	6.69676124294746	5.45365533651011	11.0534484101668	15.0657962814844
"756"	0.411683385223013	1.96397989495092	0.270897506939081	-1.46457715452323	-1.9451058217844	-1.79148021251873	-13.0412996532365	-13.5086034993377	-2.28781785895288	-1.61024376250756	-8.17014438264253	-4.94653290964347	5.12283752263793	7.03327068208763	15.4733783939367	11.6863390168765
"757"	1.58915648360365	2.35772918435659	-2.12977474837119	-0.858320827683075	0.306394163258399	-1.35579979552778	-9.77780998403498	-12.4931664233905	0.697509232013113	-0.132102851141055	-6.72848911087176	-5.07581033591086	6.08839610979068	4.65358164919487	13.3971991673714	12.2752328061818
"758"	2.5339619716772	2.73078307642624	-1.06725797573441	-1.64715383532512	-0.197235670874269	-3.14866177766375	-10.7672363167573	-9.9482619129217	-1.37409618125282	-0.910188153362648	-6.84118842846448	-5.43170592341167	6.24794804248936	7.47422164785145	12.242207122432	11.9701527885254
"759"	0.555332345974033	2.58903758875605	-1.36706390494577	-1.00421195059023	-2.39674029519586	-0.705286150407768	-10.8247793080956	-9.05570508130483	-0.687190670611995	0.218947992039011	-6.70557641123447	-5.70761173085391	6.61693390227828	6.10362151669204	12.0746680911225	11.7505042516545
"760"	3.23217767446545	1.62199740824514	-3.38360911730746	-2.00941471735129	0.420950940200251	-0.594113718955692	-8.07812104734774	-13.6204893870624	0.142331234276045	0.656173962678653	-5.98707399600752	-5.72374862129006	5.171982468024	5.11853885760345	12.4938168382233	11.6892731893204
"761"	1.69488342336227	1.50264984191541	-2.37709776794886	-0.715015043760503	-2.12788119856734	-1.24309689806107	-11.1228565264145	-12.2947318468535	1.10861223238127	-1.07900941736561	-6.09432174707424	-4.91150805925186	8.60418611812096	5.13346564129644	14.0119297090471	12.4301738604031
"762"	2.5339619716772	2.34999075511882	-0.275309467934099	-1.61367008442019	-1.96391930709475	-0.367350353402322	-12.9525024240899	-14.0704733987308	-1.16567847243583	-1.7502860439967	-7.03910531471364	-5.57442909719158	5.76912196101657	5.20631846709004	12.5784901043697	13.2124625876457
"763"	3.20373123886641	2.75853820270514	-1.27645588412338	1.05195212585703	-0.988856059819881	-2.62446840539167	-13.136906046565	-13.8441398891416	-1.90386787147111	-1.2647675638738	-7.41386334371407	-4.85698164783189	6.4898260429631	7.66005941289397	15.365064750823	12.3473850018037
"764"	-0.341322171644268	1.76813591878953	-1.57400882697369	-1.4839671958084	0.167782104387493	-2.58012270499769	-11.9547874328233	-12.3631771179928	-1.36720139827336	-0.944091517319311	-8.13315198794542	-5.87842567782708	5.95057935890937	5.47163774126032	14.6785679326171	12.9795854468808
"765"	2.57762776784713	2.2398269776698	0.158028348412214	-2.73212218931295	-2.07681947499615	-1.26166882659723	-13.7859005990298	-10.0077346964409	-0.314230827469728	0.16840340745632	-8.62743370227762	-5.96869587238714	9.57715945238832	7.75300991879546	11.0534624265217	13.9101147217865
"766"	3.3781334955273	1.95926688522585	-0.388695981004531	-0.623547038724769	0.754430581849876	-0.791948572988084	-11.1868456215224	-14.045613669424	0.664975598901026	-1.30873231565985	-5.5142973382705	-5.41244287207307	9.82957933036183	5.70356197736952	12.6188535918117	11.0233236841493
"767"	2.93619282165895	-0.402848354039824	0.732391209613195	-0.959146876482267	-1.89894549967915	-1.22597540328936	-7.75912307457985	-9.51786433453937	-2.24369290258403	-0.7689641959808	-7.95692916312912	-6.68328717636527	4.77816154500905	6.97611214323491	12.5834842391032	14.4327152885766
"768"	3.48396882062719	1.88098085710943	-0.840586250542965	-1.28176737512886	-1.88288984184848	-0.917737995459172	-9.74525132316891	-13.3272425322066	-0.736171518470264	-1.30657851950839	-6.62669477310552	-5.11155178620449	5.46725826877364	4.28365218192089	11.7355841632173	11.827187007877
"769"	3.15769947318908	2.67620289510306	-2.65246211245732	-3.21154018363762	-1.02068129976171	-1.77566181963238	-13.3114115210647	-12.4313608555153	-2.64942542232991	-0.512703225442693	-6.64437914797796	-5.18000778798948	6.02968443286744	3.89434157726816	15.0077902531259	11.8726804547995
"770"	1.65958833433676	1.95549442371629	-0.381556511389213	-1.18113340914802	0.241473018797986	-1.06197594696712	-13.3178859080792	-10.7255265187044	-1.67340741550159	-0.830140369150915	-6.87335671322904	-5.78667028075836	9.39543857038067	4.65634498973518	14.6143185979068	12.127401467635
"771"	1.63478276357674	1.92880739574713	-1.1218047774174	-2.52664205689893	-1.6346143457459	-0.80354214840591	-13.3703371643828	-9.37045061917763	-0.0537946086158933	-0.756002827675375	-6.75185193628864	-6.47092640651133	9.36379561227228	6.35894322678445	12.0932944409227	10.6206964946199
"772"	1.53123624372172	1.71771326702932	-2.22915306939348	-0.337324593208177	-0.836674596005601	-2.82332200489574	-9.74050815995438	-12.0585436173607	-1.87693066763721	0.654951302275572	-6.05969136276178	-4.22676266362157	4.97532574164417	3.98668853683396	14.4505881142606	14.1003908466079
"773"	1.28134568107049	1.95605672572933	-1.37623622375725	-1.30364033741458	-1.74375112535178	-1.71777703292853	-10.575596775294	-9.59503191118081	-1.31457114270866	-0.383563614891376	-7.69712276150725	-4.41785468943272	4.34418551738785	6.34992713376655	14.9558258054526	10.4891394744055
"774"	2.88267764084082	2.39806256864314	0.340884827394653	-0.929908063409859	-0.668431769475459	-1.89785381291562	-9.55355118706169	-9.97771437637306	-0.0887212308958819	0.362365962064904	-7.18396591288701	-6.20050444243947	6.61020221223241	6.18400115102942	13.5530607991406	9.08062333616412
"775"	2.93619282165895	1.34603371913475	-2.66367320479294	-1.41354137299047	1.22412902249676	-3.64371052997929	-10.4462261151441	-11.5796406966484	-0.675122790156204	0.226537842294015	-6.73129904135739	-4.8075098279105	5.27949690715377	5.7928800157412	12.206001326186	11.1957609896475
"776"	0.951025693378164	2.74487643826102	-0.627927607799857	-0.749015269301897	-0.17183863585044	-0.734239085643141	-11.3283624761049	-12.9131103748591	0.893738837882012	-0.0776950274050294	-7.1030280260369	-6.00947703088473	7.6863389554443	6.57465988251345	11.6386423445659	15.0007718112987
"777"	1.26820464110755	1.24530613610262	0.72807759456972	-1.09071897814961	0.50833466306931	-0.592074289210011	-12.3654926401179	-11.1983805224066	1.03925143831479	1.00363439996342	-7.45896366309381	-4.62800532681602	4.88997987936893	6.3014687860375	10.4403423092626	11.7178232972937
"778"	3.62255623252432	0.967152167523549	-1.3955057774359	-0.496637585883489	-2.66860460486833	-2.75562161675571	-9.77848792398201	-11.0491450391134	1.61218851707055	-0.266262290361523	-8.13929942927057	-5.7221870160602	5.50831091721534	4.60508234559961	14.2250424759523	11.9798009944705
"779"	1.71468434781152	2.14729733395465	-2.08839836827576	-1.41363161768498	-1.50865896652789	-1.8643477535238	-9.73213041284148	-14.6271778498738	-1.73372964859763	-1.47072945726223	-7.49616871851549	-4.89810514401777	4.43587260930807	6.09126238503047	12.4154809867215	13.2501083224337
"780"	3.53390148968105	1.46908362434154	-0.0189554775437265	-1.64472922199799	-3.47525048957695	-2.84916489319596	-10.4797582643837	-12.5019813770473	-1.31758862628318	-0.901131487612329	-8.1285905915393	-5.20225040731306	5.7054653436792	5.51199462183817	15.4046191141169	11.8554169815241
"781"	1.53123624372172	3.84624132874757	-1.41823680362455	-0.518004925278247	0.325203392198038	-1.03816543193902	-14.5199112883779	-10.7361017960728	0.389121606304409	0.51872635698312	-5.85030114455639	-5.6359693825421	8.18157226956349	6.45258235877639	13.6199021391613	13.5211110266409
"782"	3.46575017126375	2.24494670055393	-0.786108713456803	-1.39323151902659	-1.9238662454851	-2.26190025736252	-9.77671025256079	-15.8807066408727	-0.319522167826396	-1.63102927947836	-7.2625919230134	-6.2353290647963	6.96471279550487	7.5059059799111	11.6818383507011	14.1659947791571
"783"	3.48396882062718	1.81588388567817	-1.13518183527276	-2.26509201572435	-0.894747552190745	-2.00020972505961	-10.6024635273056	-8.92351547768788	-2.42654352751087	-1.27099835992754	-6.26522834593009	-3.58990911272356	4.87958016126031	6.05247937512142	13.3665965704837	13.5628924061717
"784"	1.26820464110755	2.196863928058	-2.93015022653034	-0.106191520747728	-0.116493921258596	-2.85011418591356	-11.9082207789568	-12.0903317032054	-0.14188302078837	-0.515452903204186	-7.43015276172219	-7.31854342706558	5.52784181992705	2.52613379467268	14.5937800189262	16.1171744546104
"785"	1.69488342336227	1.08636644814708	-1.68851459375794	-0.570017525489307	-0.758232200452156	-1.64835063081083	-10.8001680598251	-8.38868991151874	-2.91398436559948	-0.14111983950355	-7.61916704899245	-2.88003172060325	6.61920064161644	7.63621006590843	11.5098974399165	11.1422402524609
"786"	1.65958833433676	2.63988074824021	-2.51891076060163	-2.49803786793547	-0.322294832912734	-1.77501375417925	-8.49553177587046	-11.5215274937633	-2.20254688227017	-0.149774426017856	-7.895456205171	-5.35163548626268	4.83168213366543	9.10001857967643	13.423922543866	14.5632297762819
"787"	2.9320178209243	1.77571481659786	-3.54592012046199	-1.2417554353758	-1.9451058217844	-1.16561824422092	-11.5820559649557	-10.1749960035839	0.898602263938836	1.29653058043714	-7.60771093390396	-5.1966979731648	6.30680627096236	3.98790934151558	11.4528820974948	12.1449421543775
"788"	3.33611491552334	2.98622416065935	-3.03952532148918	-1.1536693272862	0.83753985612736	-2.29478845303379	-12.9468423363623	-9.5053460461516	-1.67335773430512	-1.12363813349642	-7.71551698968573	-5.46673875294853	4.9913066032367	4.3547515201772	11.5938579757959	14.3413844287828
"789"	2.74669587304158	3.21607037464919	-2.9902143964044	-3.54984437681734	0.7579192913145	-2.15955370625432	-11.3019348154334	-11.364383769304	-2.76925673670777	0.810091565929129	-7.87249368406938	-5.54753960333018	3.60397997168422	6.70294908441099	12.1586547045101	9.45771091677779
"790"	3.48396882062719	2.39648055938671	-0.527239733859077	-1.62840239716343	-0.906204828504571	-3.66235563767797	-11.0452931511213	-11.852383947975	-1.97660089879864	-0.645160087727172	-6.52879933316149	-5.74230987140845	6.73355792801764	5.56332491015027	12.7184972479203	13.4001735150805
"791"	2.01096806682561	1.8863742583131	0.624273153114199	-1.35870649336441	-0.846098134333152	-2.97556504587302	-14.340894627356	-13.6193530148791	-0.726084459173363	-1.34178868006326	-6.92647332090779	-7.57242776099646	5.20572698763878	5.19747464878126	14.955270894629	14.6777017529661
"792"	1.63478276357674	2.21245266722022	0.732391209613182	-1.18130576066344	-0.324387313233693	-2.05502598795058	-14.9732995530204	-11.3048726588164	-0.0146122586863028	-1.98104785549132	-7.15091550907885	-6.58058354646853	8.62110938383399	4.43998498293052	13.3947143011066	13.6913020176938
"793"	3.53390148968105	2.69337939507318	-2.98266886760392	-1.05541186626538	-1.8782361864443	-1.56009024782909	-12.7749128839097	-10.1408794437154	-0.981846158691631	-0.320515345624076	-6.37202551333513	-4.41713384441958	9.80862546953885	2.83218423452664	16.3072611864554	13.1029381277402
"794"	3.72552284306842	1.98488113536337	-1.60650359259261	-1.7176701992693	0.113469342465232	-3.02771158641613	-11.6228932237877	-10.9763475680081	-1.62027991210405	-1.97635335272866	-7.234006383094	-5.74815232218658	2.60286061572518	4.24046797563354	14.9400405686498	12.512071669592
"795"	3.62255623252432	2.80785080540035	-2.27587453724424	-1.22012947628662	-1.90454019483165	-1.21247209768473	-12.3780843435048	-11.1457412280453	-1.15157150088839	0.674541988498796	-6.94809995814745	-4.80998135905904	5.72041497314701	5.57499250759885	14.6867883208837	11.4430763320139
"796"	1.05104259834954	3.28543544040472	-0.527239733859077	-3.89402251029773	-2.23023461804082	-0.291184171967055	-9.88069274849708	-9.81441034488771	-0.349099541836095	-2.36270545813524	-7.07777150600325	-4.18294926125435	5.15142347081138	5.87937145831037	16.1697854257516	14.8686085142003
"797"	1.28134568107049	2.48406127843856	-2.62360424595939	-1.09027738915725	-1.94191218066226	-0.562030893511203	-13.768628017092	-12.1584231675791	-1.32769583283321	-1.12004265054703	-8.0531833465369	-6.60931846563326	8.56021433264064	4.42197895501973	9.71511619519451	13.4798365488456
"798"	1.42750795655348	0.00994851284509911	-2.49414963888301	-0.643342124919775	-1.87198936561027	-1.34123496064049	-12.2198353826485	-10.1700540477556	0.783954806593321	0.138800171937294	-6.71305749667108	-5.28901194208005	9.02560523907976	6.66010566235335	13.3128697005693	11.5334302215899
"799"	1.78236386472476	2.85957311759399	-1.64886064827699	-1.16151466969239	-0.215169614432368	-1.00584278872804	-12.2896928849363	-11.4141538914975	1.21460295381449	-0.820115889110561	-6.87367041630098	-5.25015274459795	4.8527836719077	6.18108828989926	11.8519296771151	11.8645747782783
"800"	1.77989407802348	0.0378784440027792	-2.78956235851222	0.266803482031837	-2.66996274969615	0.433482708468359	-10.4263091061524	-10.8503417390858	-0.919497459635623	-0.434315602042787	-7.25062589412947	-5.65622702755072	3.82833260394757	5.91472656802875	12.2246482952756	10.6003262871981
"801"	1.09941027613563	2.22535422466888	-1.52245119571538	-1.81413471560494	-0.382049856815311	-2.59897600794493	-9.03302141116246	-11.0195867186979	0.290643123415656	-0.606681374849401	-6.67325548394674	-7.48790630549337	3.61696642002347	7.26174651276635	10.0173247484233	15.5171057109782
"802"	1.53123624372173	2.19543955719541	0.498141249437883	-1.29820601350811	-3.48493069762502	-3.06889841121025	-9.81134193293356	-10.1738788409191	0.237035562223042	-0.220349998344905	-7.07322590657372	-6.28882806912815	5.830370586416	7.13283171031048	14.5566184650958	12.1419170174367
"803"	3.70761124860684	0.0546358966626004	-0.35305433580222	-1.90555016295906	-0.322805822630002	-4.54443801308407	-11.2452708833519	-13.8330197879647	-2.92098794049388	-1.16922274918534	-7.50268014026887	-6.0067282434102	9.8863261638249	5.8208068000726	13.5854227337292	14.1236502187257
"804"	3.68758354714644	1.62037503774921	-1.06725797573441	-0.980256373396753	-0.56684301191273	-3.20683654933986	-8.80393045761512	-11.144605062971	-2.12215688066286	0.0291848291055493	-5.99434249776338	-5.76616799393502	8.69377618494319	6.16476153376767	11.4894498736787	11.2356183520712
"805"	3.23217767446545	2.36516772803247	-1.12045377524449	0.063970715453958	-2.01079187615428	-2.77175518868535	-11.1811433508621	-12.8905956643803	-0.201331960602509	-0.891130571676517	-5.47333394376179	-5.37958803513708	9.24166155769286	4.83226901140081	13.3054614194593	16.4456115313689
"806"	-0.372460467046985	2.40240135602887	-1.61050610010664	-1.95281139325762	-2.75458971419878	-0.843649297119317	-10.2030060739199	-13.3404102485847	-1.40210818269306	-0.575536641199501	-6.85901012859036	-7.62515728013335	8.67897262957052	8.3885543789624	13.5718164099842	12.4872510890593
"807"	3.53402523853477	3.46097008659129	-2.24225352505972	0.112260632616353	-1.79160806940932	0.359195711485448	-8.88803290471536	-12.7713981464871	-1.14153022950229	-0.919475947208432	-7.48363205724584	-6.05371949444492	8.42545006607355	5.0131141400991	14.4756503815236	10.3209360802614
"808"	3.46575017126375	2.69839164040491	-0.821016349197001	-1.14313692341642	-1.29720234413486	-0.287606392674299	-10.6248037878334	-13.0713324367306	-1.76197535175611	-0.0861890101773717	-8.24671496524377	-6.96214981484114	8.69357140353536	4.64462333077772	11.6265143677696	11.312298199847
"809"	2.5339619716772	4.04083137778819	-2.24435910041435	-1.17260103122788	-2.4133502543541	-3.02310554857892	-10.9810524558947	-11.5357083705268	-0.586331526979181	0.630628225598075	-8.41480241585563	-6.58884553007346	8.70407851812217	5.25788783668335	13.1361459412959	11.4996457342702
"810"	1.42750795655348	2.41208408382768	0.0454561962145159	-0.916365596490257	0.50833466306931	-2.81609106040008	-9.94156484250225	-10.2745289466405	-1.02706699937049	0.975266467922292	-7.22361160776806	-4.66014476028078	3.61057910698617	4.070480640287	15.5637485283918	10.6290713868253
"811"	1.42750795655349	1.34257701140248	-1.03643003433353	-0.985283637454623	-2.88853351427842	-2.69351765940401	-9.87917187573647	-11.9173830592728	-1.33302268797333	1.09028918686015	-7.75120176045563	-5.05548023578308	8.27438517539923	5.0031627925862	11.6946510469675	11.5009804805617
"812"	1.57125711289174	2.96611312083443	0.66836839043944	-2.09060788591766	-0.879228819446828	-2.07224833941969	-8.96331233237822	-10.0131884335319	-1.69590250556168	-0.388919011887482	-7.54151839050504	-5.34738294068839	9.68567477951375	6.34663562211603	11.5342464278114	14.4888017011877
"813"	1.82943246529668	2.40369910602897	-2.06209518749315	0.0272666906483054	0.420950940200262	-0.885125833601113	-12.816557011048	-12.3197919954627	-2.15796825649809	-0.932351875279094	-8.43218715438734	-7.89965890694492	8.90972200701898	5.38640627525279	16.1570454002285	12.0695452240195
"814"	1.78236386472476	1.62369072056596	0.163955755814035	-2.98589735860649	-1.75103306864328	-2.02889603886517	-12.6756916794991	-11.0410834348707	-0.356670174113117	-1.14341987229036	-6.89571998836589	-7.51229475461388	2.43338812831567	4.55704810980465	14.7703444833388	15.6580894474478
"815"	3.69405698806467	2.40667917348684	0.0231260895126383	-0.791653943375703	-2.09105971861419	-2.16039709508995	-12.1656632297404	-10.2934587658177	-3.01186393518902	1.04055599646769	-6.9506480441083	-6.94539171880548	4.34958417029527	6.96834393487955	13.6717244149319	12.4623580668169
"816"	1.26820464110755	1.48744756595252	-2.6122924856677	-1.22103285966113	-0.687410474389432	-1.704466563517	-11.2333358916413	-13.0253137753858	0.310144147000669	-0.942431840176195	-6.22648071662466	-4.4722073235201	9.63336640749775	4.74051951811949	12.313793108522	10.903403458638
"817"	3.64019661367844	0.99564776044271	-2.22681103473075	-2.11842184807482	-1.73764070426796	-2.43229852727751	-11.7383950806277	-8.50745959087481	0.412280616705548	-0.644311490110152	-8.04539400050228	-4.78943439656175	3.22504150716436	4.8483431023038	10.4434797255895	14.0922473630415
"818"	3.31541760534061	1.72074462850854	0.732391209613195	-0.480683051838612	0.534162372630947	-2.15573459497963	-12.2876705889846	-8.66274900436463	-1.80558495524082	-0.950875768457109	-6.8837233086253	-3.69157260054936	6.66911024522862	7.09260503075924	15.1967327941817	10.9440153710456
"819"	2.16448971064073	2.54683217468817	-0.0768288341439723	-0.586059363382196	0.365769323971181	0.184889078325967	-11.1265553059415	-8.64637079653366	0.975243013809966	-1.57090457528796	-8.5345434898585	-6.21085154944892	7.65778195205428	5.31554524873134	15.5794908307374	10.8504116116528
"820"	1.53123624372172	2.89759627754294	0.66836839043944	-3.48289238675874	0.118855832902348	-2.85824546125475	-14.2584521565177	-13.4096321366821	-1.17798316996878	-1.7074804307386	-6.65915890811863	-5.11648639833358	3.06736566426453	3.69680734861107	13.7994563093823	13.7397148892329
"821"	2.02296381863932	0.676263390838614	-0.720841487470725	-0.701758080793696	-1.32858502485438	-3.29884004110213	-10.1178817423317	-10.1601596952706	0.0179351492811029	0.365903673409187	-7.45675066610182	-3.99748445129882	8.65843913426873	6.25916472410933	10.5659801934163	15.1148284903218
"822"	1.26820464110755	0.840763070802034	0.163497250042251	-1.8208796164997	-0.497998047268109	-2.37302312520921	-11.1200502727121	-8.95375826583288	-1.67621039611199	-1.43073281622082	-8.6868362031127	-3.90446763036266	6.200146261862	6.3979539775553	15.497156891719	14.450656142349
"823"	3.127200690307	2.74748307843204	-0.407028790980764	-0.625612317840903	-0.0888109424971388	-0.343754755669438	-13.107972609737	-9.96453499690107	0.0972179886765954	-0.038934120364638	-6.66483642938547	-6.89804204212016	5.07373492725074	4.08743561191181	14.0227767851985	13.4111206465157
"824"	3.72552284306842	1.84587745821577	-2.89357922571381	0.141517904362257	-0.790729787788206	-4.95490926328663	-8.22529362009616	-12.0124331447561	-1.2124757244811	-0.387783934675683	-7.29785503442636	-6.32896739964524	8.0926363519103	6.65319739204282	10.2138411537428	10.9006194697069
"825"	1.42750795655348	-0.060409343609754	-0.875060142265082	-2.32679684912967	0.253255070463342	-2.21367246616373	-9.78798965324457	-11.997180931209	0.665067510942708	-0.247371638147291	-5.74798009256553	-4.24248207999664	3.85976452229652	5.03510943633401	12.7453252976785	12.9710989486832
"826"	1.53123624372173	1.40926370716398	0.0861168073681539	-0.441919700138508	-1.62884259860055	0.0444119696057485	-9.4876881193667	-8.72464919290752	0.772100670869521	0.379363944216039	-6.36796973397775	-5.8171696201553	8.56076503168514	5.55784182959832	13.5470247692213	13.953110608461
"827"	3.48396882062719	3.4942388830046	-2.56453136100418	-1.01660321309182	-2.06294970163259	-2.0520251914266	-11.3750809147282	-9.42508904046541	1.01464693563507	-2.43073238203846	-7.74047413887768	-6.25281592575116	5.69983603244777	6.24842585627797	11.1789287961728	13.7606138723618
"828"	2.61740188951775	1.50626650278844	0.0657211952558789	-1.67024726582763	-0.282249061207905	-0.533652008153851	-11.0709391134048	-10.38849683262	-0.123106306502187	-2.27737354714172	-8.08852451191393	-6.75061628268028	6.19414345610726	6.78858351608584	16.4748983893979	14.0634866094072
"829"	2.80207833051768	1.89680710221198	-0.943899398771261	-0.693201284649454	-1.62470313381583	-1.97072487751497	-8.14221174969381	-9.98964194166204	-1.78908119831938	-1.87757667401257	-7.21938628528813	-6.00821558561204	3.26431968358283	4.48319182816157	13.8332988713222	13.22205389119
"830"	1.26820464110755	3.13646095420551	0.547194686094846	-2.22471894200189	0.65995295330378	-0.508443796622816	-11.5300521595765	-11.1196318711222	0.375524439118441	-0.56060449493315	-8.1292589137376	-5.3595953113834	4.95657353107734	5.59452305748375	12.7390067472918	14.9575145806544
"831"	2.5339619716772	2.73021483081168	0.668368390439456	-1.1583917205466	-1.10571337371482	-1.40278392906044	-9.02950806547766	-9.44599051359312	-0.0557582794157122	-1.2815776917538	-5.67689734774766	-5.48527217840936	9.22490140483268	5.81241388804692	14.1478873117894	11.0175182491612
"832"	0.779442561415461	2.04134534538851	-0.245958824435214	-0.838969379627238	-3.71330202682251	-2.34014977817707	-7.92484039830546	-12.3763046043288	-2.06375127709441	-2.91512374061705	-7.08216336010235	-6.89921838098533	8.96556177541711	6.48395717830912	11.0380103654006	15.6400846398745
"833"	2.5339619716772	1.90361627462113	-0.761336283771425	-2.9758908249134	-0.322294832912727	-2.68301783884874	-8.57024912903991	-10.9952496978716	-1.47530149288215	0.0997222334381008	-9.2597894471427	-7.51845040892728	4.23549982719115	7.29158371141318	12.8419412031596	12.1203691764682
"834"	2.80490331688225	1.60893978553863	-2.53294476777157	-1.00329106062878	-2.24754570558052	-2.31087476252731	-9.78448121824592	-13.4326075032322	0.685793645359163	-2.00419980161299	-6.89664955277589	-5.20772439607673	3.50291037135204	2.9250126921037	14.896191694276	12.8686352412716
"835"	3.62255623252432	2.66561634439054	0.300249585247835	-1.83632139462644	-3.59871253373536	-2.18803860170004	-10.361306526541	-8.36271295340661	-2.87900934525779	0.915731670242542	-6.55427542452726	-7.20464204559778	6.95194859172141	4.46419096863292	15.831280816214	15.1461278886058
"836"	2.40911780886205	0.174476253782228	-2.17280680661216	-1.95142220182589	-2.23651228289982	-1.21117981999901	-11.5454056675817	-11.6167056187272	0.156551511333418	-0.584065056942911	-8.55070379828299	-5.23059896552681	4.53815837237531	8.15857119629406	10.5536459073459	12.4502792889388
"837"	3.57582610810188	1.33347104565851	-3.41232921906329	-0.681384659910014	-0.805504581515925	-0.286757805939648	-14.5295653146873	-12.4054345724486	-1.26086865520036	-0.117913084678513	-6.51539317823382	-3.37002509921258	5.93264614984515	5.27303013507454	9.49860770549655	13.4169514818539
"838"	1.58915648360365	2.53195446698469	-1.56475591755827	-3.80717402384525	-2.699745766317	-1.00423404040999	-12.8383339078416	-12.1309335299261	0.17015995195548	-0.844730578352471	-6.33064272361903	-3.9198992145596	5.13270952764366	5.76703376303958	11.1561527851344	9.71242772912333
"839"	1.49815544563014	3.70012807337267	-0.465152982661852	-1.90411851904587	-0.453615851845198	-3.62836879849026	-10.4363810357338	-10.0614587182656	-2.54398951532627	-2.15718488942509	-6.93476736503355	-4.86722002652816	8.38825783894982	6.20909187691346	10.0012458955586	12.7954153840828
"840"	3.72552284306842	1.78243350128192	-2.72634899641529	-1.78506205780903	-2.84702863639214	-0.976191163477764	-8.20842188731141	-13.3532658228498	0.428852767320761	-0.0312639063601852	-4.52332748810113	-7.70469495977472	10.1739366922124	4.87743185752307	11.330018068106	12.8890118859051
"841"	3.68758354714644	2.43986708301862	0.150991389615797	-2.47603060487051	-1.488439081937	-1.94278217689689	-14.5542061362174	-11.6967329304976	-3.17997119542182	-1.00605654205186	-6.34825329713431	-3.1567166027783	4.20077894894065	5.07185499038814	11.4983948786475	14.4418853466244
"842"	0.85985332126607	1.95052253725449	-0.887749357009688	0.125223781537441	-0.289533408278328	-1.56699921245142	-10.3429609822902	-11.3192585492027	-0.212640000362374	-0.440853228546521	-7.62207487369571	-7.64748943994796	5.64112174930683	6.8241362739648	10.6256664801342	13.3015443550064
"843"	3.20373123886641	1.42803032132254	-4.2405915260147	-2.55844429249826	0.937519697444522	-2.07721979607523	-14.331559160809	-9.5319772605271	-1.69275531392872	-0.0687364516150088	-7.23790009277365	-4.58823926652896	6.70238486035709	6.36617932442373	14.0797524117832	10.6647321519087
"844"	0.632413614486091	0.192208382986807	0.506264055720336	-0.709384640498952	-1.06488171213074	-1.92942433712146	-10.245809257109	-12.5340255197529	-2.23264203787458	0.136818514995169	-7.51026415720525	-4.01486483806735	5.26305927058245	8.16963904357952	15.5819989021706	15.0577408203155
"845"	2.74669587304158	2.68536508853608	-1.49264507603432	1.15812938429531	-0.142960981049612	-1.39821964089167	-12.4482001930618	-13.7606777413328	-2.86801694272153	-0.580279267373216	-6.58681676691442	-5.70674834676526	5.04634595088884	4.97451247012534	12.0590717998508	15.1244282128776
"846"	2.5339619716772	2.7575638883007	0.340884827394653	-0.894865417920224	0.624634679093047	-0.691702342126672	-10.6322586708476	-10.382678735068	-0.283565614376458	-0.17115835452025	-7.4562341703304	-7.35153403832767	8.65165642010172	7.32942114847534	13.6427634766478	11.4959379785148
"847"	0.577993841975375	3.00848419851612	-0.947726625456237	-0.440842558477627	-1.25310653461743	-0.694268246997556	-11.3535318661254	-10.8485697162177	-0.399959687759298	-1.94005744045169	-7.05894275529462	-5.04755876485484	5.8594990483946	7.29969691127269	11.4456240392118	9.84963314461943
"848"	3.68758354714645	1.83384164381083	0.107466928271925	-0.944316504745404	-0.874741900169563	-2.51240982249524	-8.54141579774244	-14.3334683446599	-0.753409536970615	2.20025331003487	-6.81390408279628	-5.90640126019687	6.19393950320673	6.22362978126438	13.5062526669308	13.9579068986756
"849"	1.78236386472476	3.15279622107533	-0.840586250542961	-1.7334116219034	-1.7327853428673	-2.79163843354533	-11.8692032302871	-12.2108420267208	-0.347841708471363	-0.632491668563601	-6.95652046902107	-4.54011197042445	9.43952243515405	6.17887352641432	13.1685801726923	11.6985350679641
"850"	3.127200690307	1.39857496653495	-1.05121073096121	-3.01593018511311	0.0957883386871642	-1.3168373456359	-8.1006084059551	-14.5068357723109	-0.321339032268334	-0.923852194995338	-5.63517671379403	-3.66120232593211	2.78230654396773	4.72752706798357	11.9467486757089	13.3155018839949
"851"	3.53390148968105	2.38128925321494	0.498141249437883	-3.03058712874202	-1.96733673851606	-1.08106613761426	-12.3835006496276	-11.7320284674688	-1.19247154265975	-0.467620109903463	-7.11300053045972	-5.26442031646593	5.18552698729093	7.43432865120325	11.7688197334775	11.3420494198918
"852"	3.30612840537695	0.761608937041186	-2.69511928244684	-2.84180622626258	-2.12421674279864	-1.50173232623361	-11.5496610559678	-12.1806101215028	-1.49077550431764	-0.333740661866344	-7.97113792255995	-4.5309615533321	4.89358693955008	4.33880902210602	16.0589721686493	13.7058493572897
"853"	1.28134568107049	1.7733199804531	-2.13747030599019	-1.37023452769362	-1.54872311323209	-2.77314876501513	-11.796703288639	-11.903719484366	-0.199665522605619	-1.16588715617234	-7.68430337791557	-4.61964194962841	4.98884683484855	6.54275263674652	15.5070995972672	11.3466139035824
"854"	1.22721089176565	2.56527238328669	0.490607755120916	-1.34737355032297	-1.91201825147329	-1.8708014055744	-11.6838737526025	-13.2868675044067	0.173121105585682	-2.47657776044401	-7.19632537345011	-4.78668821989014	5.46043253004147	5.79420101864102	14.7145351058045	11.6436787519889
"855"	2.81300296219655	2.53042774839218	0.506264055720336	-0.896508780835498	-1.49090279842441	-2.72489619008612	-11.0931068993437	-13.2901473595852	-1.12974675913428	-0.847914599104274	-6.34622370488542	-5.23107109252704	6.4006438544105	5.34464975060959	14.1647892112057	13.829059503977
"856"	3.53390148968105	1.62198175017876	-1.61348013236809	0.797304218517516	0.0637482008050815	-1.88784144395971	-9.01103507447177	-13.3860772190966	-1.71218861866569	-1.58792955007261	-6.20237999962206	-7.22084587428321	8.19273533424002	6.10442559252194	11.0020233341253	16.3196301149891
"857"	0.300089102958539	2.2813955574229	-2.85106689362069	-0.884255732789616	-0.0886256988074522	-0.707086218963498	-10.8483444691508	-12.2597962968629	-2.87283835304261	-1.04345426464949	-6.85902496444223	-6.93465866550899	8.77147009614128	7.16890078496501	13.2918450595458	12.5379715377756
"858"	3.69405698806467	1.77052471707187	-1.37623622375725	-2.32849585385272	-0.967152278976412	-0.413082368481177	-12.1879465329413	-15.0855894828153	-0.312639048030992	-1.62144425551317	-7.11075961270597	-4.80570849096407	5.71295429079597	6.0413989431747	12.52710931532	10.625954487602
"859"	2.5339619716772	3.08868437320493	0.300249585247835	0.136105510027155	0.255952847343384	-2.52378373390222	-11.5597644364261	-12.4169487370645	0.564361138865891	-0.0454963193420496	-6.85466848874785	-6.42047281063115	3.83348839316484	5.39666581172059	10.5458969196927	11.5342619565574
"860"	3.69405698806467	1.49200097100612	-0.661516738928072	-2.32832115347728	-1.47616487571829	-1.55340798695931	-12.894964777053	-13.6702396887736	2.57275096357077	-0.278014720890452	-7.19388354845505	-4.66988926678213	9.61300654235508	4.48480818221628	11.1807502355193	9.65613914114815
"861"	1.05131943781761	0.896103278276785	-1.33060794994301	-0.125704465434964	-1.57723872069349	-1.90799725934497	-10.9881019531894	-8.50142378855452	1.51371837334236	-0.276348872791143	-6.59808608927163	-3.58469110750367	3.77850391784998	4.38981658414832	14.5066222963735	12.1126843727565
"862"	2.40911780886205	2.38780434061142	-1.03539187809641	-2.04776486867047	-1.75754462544076	-3.44490043979235	-11.8840843700886	-9.91283562227106	-1.84948735782744	-0.490156528790402	-8.65049421011835	-5.54385520484635	3.62300927679792	7.19146592381928	13.984299631757	11.9278687679382
"863"	0.859853321266065	2.4551004084999	-3.38360911730745	-2.00527637304192	1.02741394863664	-2.78523572951907	-12.8810169690505	-9.07779119975786	0.701920751896481	-1.59580753978868	-7.06007191746025	-5.16183845543922	7.14997689391631	7.01417029400464	13.9667122354234	12.7874283701196
"864"	1.28134568107049	2.08112210401699	-2.06209518749317	-2.68443202057037	-2.87897592652329	-2.42781017985204	-11.6048889442358	-10.7450415905051	-2.72886527526887	0.0373369469550707	-7.61247621903817	-7.12315627142905	4.52596322966985	3.99727547869992	12.6635295056061	15.501731166412
"865"	2.5339619716772	2.67810691792879	0.158028348412198	-1.95274568210254	0.508334663069303	-1.99897094534671	-12.5603538486361	-10.0885110118329	-0.0172836851638174	-0.139624508257213	-8.4373300909244	-6.68070667719601	9.61300873731086	4.88028724732421	15.5088872925565	10.86993680678
"866"	1.28134568107049	1.845877552068	-1.69182873694527	-2.55474373777841	-0.766285155812198	-2.10863631823841	-7.85871363205304	-11.7802620410873	-1.80230653797182	-1.58246179330836	-7.51961019875263	-6.32326608927354	5.46174381008198	4.33092690304668	12.5876809706154	14.6665286195803
"867"	3.62255623252432	2.30000407984767	0.33435623316219	-2.86391614551244	-0.690635241620053	-5.1539871171033	-10.3042881342454	-10.6032126160086	1.86442478755526	-0.931541552600133	-7.99541951787067	-5.44011772941902	4.46885259689092	6.74310720249636	13.4505447378544	13.0781983160546
"868"	3.48396882062719	2.69554481783707	-1.44774779257374	-0.719390432713447	-0.79245890842552	0.619533684303464	-10.1188134813321	-11.5606438650326	-0.0872303109940524	-1.52597718028552	-8.00259757113824	-4.51853769769649	8.42211560746239	5.44977855882124	15.03735109886	13.0355693280132
"869"	1.26820464110755	3.1446501082375	-2.89025039286619	-1.55639114739402	1.07334626556371	-1.55538856427423	-11.4902467743009	-12.5226377121112	-1.31070961733204	0.493280267524514	-7.5467168832806	-4.07023233411657	5.51110142909228	7.10890971869431	13.0488868232287	10.5369041843839
"870"	1.56506547751884	1.88067798792137	0.490607755120923	-1.84479569062053	0.50833466306931	-3.53822284242929	-8.44780571250573	-10.5799463178445	0.183356016219217	0.776710208584322	-7.35780983736346	-6.20034866638772	2.8431361775404	3.49538827598985	14.3120073506499	15.1032023083883
"871"	3.25929910996267	2.20127033069019	0.07634706660272	-1.14458510375514	-2.34768655580157	-1.96961633580518	-12.9697456871088	-13.2663027007756	-1.90896176735868	-0.0650976706772474	-7.59203751373524	-5.79696207931024	9.51803797725883	4.97831769971472	12.9432848679623	12.202429659397
"872"	3.53390148968105	1.66896417802075	-0.866123296803392	0.47965439154905	1.27914844962834	-1.39291673002263	-10.2879458555096	-12.8419304684537	0.789519969687668	-0.94491776354813	-5.80192993839621	-5.98441395630476	5.80321265234977	5.73721525785351	11.5702386314262	12.9942025219689
"873"	1.09941027613563	1.16838592682425	-3.51376847378279	-1.11469326281541	1.47832912770618	-1.31982226605061	-11.3358578097483	-10.5700049269954	-0.457955022568821	-0.800765049583867	-5.60627055357615	-5.62062781878663	2.69585197407479	5.57806596321329	13.8088565947011	10.428254398203
"874"	3.48396882062719	2.86514444640893	-0.993100958643979	-1.37463626566222	0.696515204349953	-2.57557574649828	-11.4414797778299	-11.6255443234161	1.98887367982268	-1.10219122461603	-6.35062025703233	-4.59171761046196	9.74465906782337	4.10056111165205	12.1934563276724	12.6943442510128
"875"	1.53123624372172	2.12225149559101	-1.63234407884256	-0.929461978863942	0.578006350412528	-1.82416683966613	-12.2653460020092	-9.86188919967916	-0.909422430591997	-0.166741924447942	-8.56557944517926	-5.49873142749276	3.30598326972775	7.31468071582394	13.4957086811424	11.7842351051719
"876"	3.69405698806467	1.3948285719516	-1.99323697771649	-0.726207099197773	-1.36999073689713	0.0470343312046075	-9.64333111529161	-12.3937643311558	-0.0406174678732663	-1.15660185495197	-6.44489451051366	-4.33776455216654	9.51260826964264	6.40067128970268	11.2702701867978	14.2804786197189
"877"	2.6760927788008	3.65838054396816	-2.26258723922849	0.0128929174400455	-1.02888857555862	-2.31698153325839	-10.3796741823678	-11.2154791305636	-1.00663929400462	-0.844981282303225	-8.14498607072789	-6.93464775569681	7.51531379711422	5.92519163718479	9.75031306746603	11.9051774906105
"878"	2.5339619716772	1.60308508300615	-0.513281647581039	-1.12347985175134	-2.22200313791583	-1.08125582711126	-10.5207481313913	-11.8938779739779	-1.58112644934007	-1.19785197658477	-6.63371296621654	-5.34284232409859	9.08819050695235	5.34293472973916	12.5813839204251	12.5653505397785
"879"	3.53390148968105	2.20716876194469	-2.78956235851222	-1.81696264022706	-2.13365984424845	-3.18998430603416	-12.8269211834977	-11.3894418131668	-2.38939496292704	-1.39834157002375	-5.53372715458389	-6.40837567512397	7.57665259654741	5.81545047096068	14.6571125382918	14.8799712552699
"880"	2.93619282165895	2.44641557553949	-2.50131463549945	-1.78021190463898	-2.60831074917157	-5.36013289952677	-10.245809257109	-10.2481694679957	-0.179004926543722	0.0229574081527162	-6.65380339331923	-4.70972343992713	5.04746452324716	5.33368239818224	11.0295898246772	9.98517289925252
"881"	0.826024117988904	2.7172417658009	-0.868294496325306	-1.02400080519466	-3.55794344545612	-1.26458713918898	-12.7652885521386	-12.525337484452	-0.134175496978878	0.349361326684725	-6.29253741796399	-4.92078081226056	9.42059850520305	5.56814438660498	14.7275369952543	13.4406477035664
"882"	2.5339619716772	2.23457047449065	-0.592632405001531	-1.09313007187658	0.0647489341225063	-1.03383953105203	-12.6255938823556	-11.198609919877	0.848366369952436	-0.799281123491501	-7.70195458942238	-6.64383292167838	7.85782063215291	6.82754554805949	15.2770000631827	14.0211196802745
"883"	1.82943246529668	2.29476436457943	-1.68277351792307	-1.57397886885688	-3.09793792782695	-2.61027754881288	-13.0178748153947	-11.923522426734	-1.82447374707085	0.114286239045457	-6.70995432012906	-6.26299030624255	9.63710115711626	6.90669205368181	9.95406765385397	11.1805076740576
"884"	2.5339619716772	3.07736405732571	0.732391209613195	-2.01066919928614	-3.49814562650175	-2.81673552704627	-9.91090053509243	-10.6322830193455	0.17401912830187	-1.94826547650944	-5.97387369997329	-5.44901712064968	9.51061073826896	5.70295569469531	10.5326442749429	14.5100233368588
"885"	1.53123624372172	0.723989831146816	-2.76096809739875	-3.31674794901892	-3.56428777253974	-2.24622767788706	-11.2310660967742	-12.4274011345117	-1.09376368519513	0.0620004562369794	-7.42061889421204	-7.14445112423968	9.40171042550999	4.47326330002539	15.6992864340948	11.7702416603094
"886"	3.07448193652606	1.63516900645334	-1.1114533061894	-1.25174784276745	-2.3047007821471	-3.7313884039024	-13.5294302847885	-10.4933420430449	1.91338998125626	-0.899988914911474	-7.69340103641174	-4.18905208352296	4.1967626063579	4.54694231236252	12.04863338043	13.6885078806429
"887"	3.69405698806467	2.87616041934931	0.262595715138502	-2.24886257705612	-1.15438203798061	-1.84631534213748	-10.8697777763971	-13.4910266141144	-2.58145500619331	0.540934445718075	-8.00992114266392	-4.39884338450686	4.71216967661546	8.24514573733049	10.1182144877342	13.7430755935341
"888"	3.29737856652136	1.90391298618623	0.205371799838382	-2.53747987032287	-1.65293335350204	-1.53092804125968	-14.2792812898706	-11.1593609763021	-2.5561601028544	-0.55593461205071	-9.07657047138536	-3.39259998610071	9.60631810025452	7.47483207986042	12.4027253704331	12.0254984188595
"889"	3.10929843959747	2.01512114536445	-2.66099627868275	-0.630423329854445	0.723063566663513	-2.6030517085121	-11.4658820678317	-11.0354214653118	-2.52634716801452	0.0615707819342471	-8.54152358620674	-4.49620333025962	7.59908314881753	4.52777589093572	13.0380173580518	13.7592318856449
"890"	0.859853321266065	1.33615486488894	-4.62695005777163	-2.12707960160768	-0.500577769650371	-1.41075948228679	-10.9155072173114	-10.9257782006045	0.0836543516241335	-0.621922755234341	-6.55090529950123	-6.14245573538323	5.38952384701381	4.50433862315851	14.4417543630805	12.4585273518548
"891"	3.43133568163517	2.8245072234262	-0.668321350847315	-3.44676403856382	-1.28125441798841	-1.0034953649893	-8.38056912368699	-11.5279933713286	-0.35466990052092	-0.414979501158771	-6.80665882971171	-5.75791304215409	3.835650445155	4.87066997828831	11.9795001205336	13.400174565625
"892"	0.85985332126607	2.61622699367763	-2.75760081354093	0.195170059753414	-0.476162345834133	-1.9668556950087	-11.7963918762522	-14.7595400176842	-0.690874000713509	-0.159448867184351	-7.46931156202619	-5.9757831792464	5.37842502277481	6.94376249299731	13.2265145552542	13.5491162489497
"893"	3.04759832715263	1.03151439251612	-2.61290477262147	-1.40145947788503	-0.0888109424971482	-2.80438269025951	-11.7135694518298	-11.9837701288224	-0.00757911778532475	-1.57306645819974	-6.65625774496118	-4.85563422868693	5.69382807388395	6.58799700235209	14.4771193555614	15.3262677907522
"894"	1.28134568107049	1.01873341190409	-1.14326479052969	-0.960901291441525	-2.14886918210282	-1.73790770987093	-12.0703693816586	-11.2942553637926	1.41482631268022	-0.878915524895861	-6.39428849704081	-5.18367273482067	4.94179264151074	4.38563726428671	12.7671399757406	11.3438016634529
"895"	1.26820464110755	3.2014361393429	0.270897506939088	-0.805259641061508	-0.0164647292919732	-1.32308951828762	-8.81331337128472	-11.9111835466332	-1.87401901399586	-0.68678108308739	-7.66327121389731	-5.44579406682335	6.64617591210516	7.84865011267602	9.22735806712167	11.7912257172401
"896"	1.26820464110755	1.79714454739089	0.66836839043944	-1.53029659653157	0.837539856127353	0.467811814122006	-11.4704151689911	-9.95198740354443	0.996197278660296	-0.974197230106914	-9.22351607406268	-5.3692051380725	8.0960485473176	4.5348236346851	13.8170313175241	12.813708979902
"897"	3.23217767446545	3.27146940074574	0.66836839043944	-2.88434555919489	0.597757970962066	-2.81334665473774	-11.6157522562384	-11.8944582190072	-1.43709397605263	0.701283210659	-7.78519352059054	-5.87044846509769	5.42937359747572	6.21334972272104	11.2685143510855	14.5005399763928
"898"	1.58915648360365	1.760015605686	-0.705216520824165	0.451036491624471	-1.47811438305806	-2.02760672696372	-13.5240047969654	-8.49577961924748	-0.730164187020673	-2.16866899342691	-7.33583178992219	-4.78456804348345	5.17689029949615	7.94315812218679	10.7047918843979	11.8107866861791
"899"	1.58915648360365	2.19500303552807	-0.993100958643979	-0.602391890304833	-2.46558594796776	-3.77089387450911	-12.1725141435164	-11.9995625055257	-1.34573716841329	-1.10836316983774	-7.40170190037921	-4.7368714296099	6.51039579633316	4.86123248831811	12.9472146756407	13.6717132834149
"900"	1.42750795655349	2.82731338473082	0.237422152305738	-0.0224301223541368	-3.34362225790781	-2.97513570340223	-8.18834775150632	-10.819779584028	-2.39212018057502	-1.3500468477547	-7.54798349824277	-5.4024796408956	3.63236493647857	6.96755167965528	12.4797490202542	13.0389460944565
"901"	1.09941027613563	1.21170478234387	-1.29527884257163	0.718292508853039	-0.441755219910662	-1.52689661882991	-10.9624035158599	-12.6411874900127	-0.86553585260422	0.785693653856958	-6.43186499258992	-6.23876356001911	7.28672066884908	5.40420163283392	11.6401397089741	12.1210198628055
"902"	3.53390148968105	0.44257440795274	-1.96715379532442	-2.87464383552732	-1.09215518107627	-1.58876456049745	-10.9635931412856	-11.2086555918951	0.992161219376783	1.52726218773455	-7.67608293791107	-6.30938923386608	3.83851793387711	4.11606025850394	13.819506817904	13.2232900960873
"903"	3.62255623252432	0.111069277000658	-0.879260927113259	-2.65117466875882	0.211632411322844	-1.81864686234948	-11.6552844077174	-14.099658093676	0.233893840119709	-0.280603296297245	-7.33342553130346	-4.35762979701745	10.0239414255487	6.69710930436775	11.2763761682743	13.730561801336
"904"	3.53390148968105	1.2789062741178	-0.993100958643979	-1.62345143214159	-1.3328144889067	-2.25164843121592	-13.1867596941042	-7.70265239087409	1.27523048100689	-0.720295867078046	-7.48287845764711	-6.07201760794785	9.04008002198449	5.91914046614429	12.1804794653669	13.176018562917
"905"	1.53123624372172	2.4922143385625	-0.603029143025828	-2.25271398502296	-3.02946352381231	-3.52732923017094	-15.0578320463026	-14.5354016135726	-1.56126550023702	-2.27154169876833	-7.82272984521099	-4.77138915297508	5.49770531805177	4.11835652032086	9.4779935147118	11.8662154429267
"906"	3.53390148968105	2.55861767552835	-2.73195148796197	-0.710520546342137	0.306394163258422	-3.71132353817358	-10.9017448588835	-9.55858743299988	-0.889907242797216	-0.705163185486443	-7.28202508270376	-5.88728775223434	6.09810843696289	4.98557727965622	12.8997981890421	14.2963424049237
"907"	3.18793331301552	2.29565908531538	0.340884827394653	-1.48549635883591	-1.72757682175162	-1.33577002727222	-14.0835001806885	-11.5240161987988	1.46910850623878	0.987270957693267	-7.24552418771666	-5.61683472980798	7.99002191766522	7.0633299608587	13.5243820632413	10.6787842025698
"908"	2.80207833051768	0.635896340553259	-1.25679008062069	-1.45797425708124	-0.571702851859191	-1.03767487327525	-9.25853184611732	-11.959486130294	1.03450411878939	-2.25458498853048	-6.64197763840676	-6.52483906222171	4.92739811787942	5.37417555461883	12.3544100866583	11.4912421534673
"909"	0.937103891530946	1.7385421300345	0.412057301859518	-3.6259183491843	-1.88322557685213	-1.47003105871396	-11.269187499141	-11.7738546877124	0.534714927777726	-1.6981182167483	-7.13673283494768	-6.02794312762122	4.25560786485627	5.41931783993776	11.105813126236	15.7180198911229
"910"	3.46575017126375	2.48153005829523	-0.171417253286763	-1.69120077604676	-2.07347772792877	-1.58461672638923	-11.6123636236681	-11.1473659272421	1.07479825067404	-0.448271916702868	-7.155449821578	-5.48264916672635	5.3028642420949	6.18679724925578	11.9420977392805	12.2473088509361
"911"	1.26820464110755	1.8719792697717	-2.27926740236996	-0.92058401636098	-2.00340878824733	-1.2844431718242	-15.3466176319357	-12.8898104921147	0.222072809300846	-0.0393790700149837	-7.56510914798272	-5.70849536832085	5.77834944904326	6.56718298259466	13.4735461942154	11.3106242819097
"912"	2.68692883325272	3.48502151740982	0.72807759456972	-3.04779420504608	-1.08593355702585	-1.60471839420708	-12.2920347550483	-8.17457230765762	0.860372986322387	-0.953984889523268	-7.43964370749377	-5.44940501605366	5.61902038936784	3.79523247674839	14.8378362702059	11.8804210141675
"913"	2.81374517414273	0.899477360047815	-0.0118445156848865	-1.09705039291416	-2.38867276634979	-1.74062205799875	-10.0535639430737	-12.7411613509428	-0.687064449580217	2.11955929250827	-6.36101470325386	-3.8159871876178	8.86489906948896	7.46602765882261	14.6054349606206	12.441258573301
"914"	0.826024117988904	2.92058648830181	0.07634706660272	-1.74546019383137	0.187789518720373	-1.64854231303174	-16.0288979314093	-14.6658459431018	-0.907740536987508	-1.01932369166206	-6.21966556785602	-5.17389456093012	4.37167273399083	6.5103089907782	12.9380188254671	11.6952372552282
"915"	1.26820464110755	1.36240661005433	-2.88853660453162	-0.467296936482324	-0.855406359332101	-2.09877635368857	-13.808500414415	-10.394579332449	-0.603046479778403	-1.39145165309437	-8.65080421515036	-7.67265833275263	5.83152807239758	7.14232291612911	12.8404007582853	12.7673780516998
"916"	1.09326940841368	1.14020862698181	-0.647933118326344	0.723030098101896	-0.215169614432396	-1.83269664054217	-10.6700843079947	-11.163789025424	1.17449893195245	-0.323719882164362	-8.005557231818	-5.61200457779461	9.12040819526195	5.79630874703506	12.1216657518372	11.5553508160582
"917"	1.57125711289174	2.08295864172891	-1.51987009715213	-2.80201960483752	-0.812756466487013	-1.35542071052425	-13.966693255678	-13.3168650094155	-1.91454839177781	-0.597406388197824	-7.17518402086619	-5.87756379905487	4.08543438499756	4.63055588858986	9.90951042961254	11.6903186431193
"918"	2.5339619716772	2.52750402472632	-0.560925655939659	-0.266679593269752	-1.55634093929384	-0.540378883100852	-10.3412586579009	-12.5657847233308	-2.35272147837034	-1.30655206818762	-7.74460307730437	-2.52104070224154	8.67754212387987	6.65362668325967	11.6162475176686	11.2896878412413
"919"	1.69488342336227	0.530976822597982	-2.6401915051055	-0.999644963244466	-2.70501913467815	-3.36391526924365	-10.9990093152655	-12.1087680254186	-0.167375836563497	0.0210006392416875	-6.58970208653873	-4.50824975036968	5.29722974591499	5.65753447745294	12.1486173536107	10.7984916576084
"920"	1.82943246529668	2.09194123766385	0.107370039308973	-2.14406516592096	-0.0252282641753962	-0.910957415036254	-10.5415643215803	-11.1100738131961	-0.356984406903829	0.539203728342947	-6.97095254374132	-7.67797223824391	2.56345645569209	5.68238330737748	14.3412154538071	11.4464874888773
"921"	1.53123624372172	0.734119450743397	0.195263434232079	-1.59080973701265	1.0733462655637	-1.3841789000081	-10.7803325277252	-10.116489704561	-1.40444778996289	-0.939131679818135	-5.44056416559144	-6.09414575975592	9.73816921985094	5.71790973199038	12.495420237376	13.1597888035505
"922"	1.57125711289175	1.53258485855523	-3.02758242317148	0.255762930914149	-2.30132691080678	-2.5813718989185	-10.7626939074693	-14.4421652574421	-0.942489350354243	0.201632383760026	-7.60501983336773	-5.39619946101733	8.70296565352973	5.98456370729901	10.9970559452158	14.2389309613927
"923"	3.07448193652606	3.16966443379936	0.339931181308553	-0.356442066636427	-3.49814562650178	-1.78967858223714	-10.0136391454124	-11.8431952073631	-3.38282788815528	-0.117255133220747	-5.77171615587158	-6.14755848243873	8.73319694170389	5.12298952279507	11.3590623629392	15.5316054638503
"924"	1.26820464110755	2.09546442427249	0.0865241954126339	-1.6095759603239	-0.932601638195617	-4.04764147883041	-10.926883046028	-11.4392127607824	0.865060321691457	0.502506685043606	-8.24901981682462	-5.85069956226803	8.38330183816504	6.91200750152535	10.330772564166	16.5080178108839
"925"	0.779442561415467	3.76835648802999	-0.0113406547173423	-1.13344985194599	-1.53435962129378	-1.90509651609466	-9.55579330059445	-13.629862185572	1.08147807304329	-1.91819723616369	-8.61522381830172	-5.9522431599388	4.18213515701272	6.19913290639054	13.8938045809057	11.5590218364286
"926"	3.43133568163517	2.3029829086846	-1.28060025423953	-0.0849130741012244	-0.116832237978367	-2.25894721671233	-11.9084076757313	-10.2616651497641	-1.614752722257	0.670606721968552	-7.792849079693	-2.50719276590264	9.27747257865609	8.10772558853055	13.3746735475318	15.0604598094799
"927"	3.53390148968105	2.43521202611818	-1.1218047774174	0.162394933361903	-1.42577490639942	-0.602905570398217	-14.9260583563472	-13.9269314731285	-1.72217627228502	0.481105930622043	-5.78992502683748	-4.32914590202482	8.7537602904852	4.76431120379465	12.1094522099716	13.5753157765932
"928"	1.82943246529668	0.792419591660994	-1.75559427597118	-0.329931821350277	1.09137585729219	-3.24424499106654	-9.0222359746691	-11.3741740793977	-2.0017005497465	-0.464782947232683	-5.76018721007105	-5.49098087875751	5.70923924637861	4.42694509530171	13.2645467791141	14.0870125720377
"929"	3.04759832715263	3.02353950203593	-0.00424250715301741	-1.4749791973067	0.211632411322855	-3.57037080712121	-11.1669163899289	-11.2032180342301	-0.513527706251492	0.0255334251385254	-6.39549584260148	-4.00142558655422	6.57316231032023	5.05075389263102	13.2084838491785	12.1477019384238
"930"	3.57582610810187	2.61688516459909	-2.57406125934888	-0.176462280009167	-1.84726257631887	-0.554101293873772	-10.3130451782307	-9.52155229581296	-0.511168262503317	1.66299400445251	-8.91755127835155	-2.76334506385906	3.0559918951117	7.69323188231141	11.7066359325894	11.2707050076115
"931"	3.68758354714644	1.89119252968266	-1.62375339844197	-1.1839749691313	-2.2854997312258	-1.4055473560205	-12.0047450981521	-10.936021319483	-1.46534390588405	-0.334150930097714	-6.38663008092513	-4.68470046251424	5.76697244381243	5.67853873332069	13.4363733215843	14.1487778404497
"932"	3.25929910996267	2.46260331657586	0.0821772752113696	-1.53245741239965	-0.415958917018147	-1.3538261790884	-10.5686153398459	-13.3406429580852	-0.799643576718467	-1.2762335978206	-6.97752361106629	-6.34894480275847	9.59469955364815	5.37463478722611	10.0037751730889	11.0264183332715
"933"	3.53390148968105	1.39151570856161	-0.814479585017522	-1.71414783358258	-1.93612749335032	-2.77213206807074	-11.2941051845465	-12.2805540151281	0.176488783139543	-1.07200879150116	-4.15942387620127	-4.83380779806153	3.46215027127904	7.75532250557731	11.4396816218858	12.6717976003716
"934"	3.70761124860684	1.11997809549686	0.237422152305738	-0.0630064048221541	-0.415958917018161	-2.60877190406858	-13.5047208474078	-10.1462796471302	-1.62573790584356	-0.0207491457936174	-8.07299845237814	-5.72952805842779	3.50291037135203	6.97083743409518	10.9818482617034	13.4998419610158
"935"	1.49815544563014	2.98577873461939	-2.873573087638	-2.07551717166749	-0.594606327923811	0.464571769032823	-8.97640900872105	-14.8265181751991	-1.67628476840714	-1.17013880380988	-7.84831645999502	-6.2762520244713	9.4059796080701	6.7384008289633	12.3219176532077	13.4338584187293
"936"	3.3781334955273	2.90772532323053	-2.61744001339725	-1.91957319867079	0.196994326800593	-2.46348313239991	-12.1844583082253	-11.0461476631829	-1.43273651233802	0.374472575418254	-8.41641401392843	-7.01998261834825	5.03759033824643	4.41152652508401	11.7686436012914	15.0883285524946
"937"	2.5339619716772	2.95631008523081	0.199020190298929	-1.6253166773196	-1.31112215356858	-1.31671220310337	-14.3576547542532	-9.15005053498372	-1.4932679897004	-0.70596879452002	-7.4011165995253	-4.00623797314979	4.94868748710783	7.68524521371117	11.6247711644225	12.4170746880768
"938"	2.13100584917902	1.62598639790535	0.317628515734793	-2.13117102192284	-1.46193171318697	-1.97550194492202	-11.0030207508069	-11.8111247628285	-1.40202420899604	-1.29890022778408	-6.82284040247969	-5.53671071952102	4.02342206209295	5.78136273864719	16.6290047578578	10.104609513985
"939"	1.22721089176565	2.14649595599334	-1.03539187809641	0.353518881437162	0.789707736086092	-1.19191282278659	-10.0294787119895	-12.4113986642914	-2.48543623915744	-0.498543109377599	-7.0628625351724	-7.11081034114597	5.02819106925436	5.8754773486443	11.1909756008579	10.5719876727712
"940"	3.07448193652606	2.96557298433841	-2.12627499139903	-1.15370875771303	-0.619131534955082	-2.65766902061878	-12.2028593106183	-12.1904362748306	0.433657857234009	-0.463443656517926	-7.63391901012602	-4.20819812388363	9.77599008852837	4.3445006575572	15.3525015851832	11.8741276871341
"941"	3.23217767446545	2.83598452281796	-2.25081480555905	-1.75211535135192	-0.181899081424734	-2.41735481446786	-13.1727992398062	-9.31731069332723	-0.323276201595915	-1.29353269368584	-7.72460118333257	-5.33455535562297	9.55963896035081	4.84818189634332	12.3198881401778	9.57347765740993
"942"	1.74147216236367	2.03551562286061	0.296605795766329	-1.37017930853694	-1.75784541797251	-3.16972800657464	-10.7217643409142	-8.08606802651277	-0.133510126430107	-0.539767382818322	-7.44626925315658	-6.60502140299077	9.60988976551473	3.99850199217723	11.9879514814889	11.0587666981162
"943"	1.26820464110755	2.3342618352015	0.13050969439836	-0.745747203649407	-0.0444150973486651	-0.929674309643582	-11.7206156230251	-13.9803032465588	-1.69066253652759	-0.282119932546962	-7.93588633729152	-1.66311062933449	5.6556684007053	6.29973334345939	12.1038395763717	11.3572239235087
"944"	3.48396882062719	2.73209513728595	0.142844610079111	-0.963434558425345	-0.215169614432388	-1.70906732904634	-8.96369526641085	-10.2698337025451	-1.9038678714711	-1.43256265969899	-6.95087238330946	-5.04190423130047	5.38620209522221	8.25966059245492	15.9169730705361	13.8906904207637
"945"	2.9320178209243	0.379105989013366	-0.697062757467412	-0.996696358014819	0.306394163258422	-0.534105475064223	-13.9283224840336	-13.1325327691674	-1.7424968493906	-1.02352880338019	-7.30964649032428	-4.4365136779907	5.30653866246318	5.37935841510445	13.5985582936284	13.0592071286756
"946"	2.96077905224282	3.24340149928286	-3.20512404206791	0.372195663133443	-0.179511525247506	-0.698764690744603	-11.967765361699	-10.5847780939002	1.10725071472555	-1.68258183308936	-7.77179674146565	-7.14702102665739	3.94998142783178	5.37270221837153	10.8179090755118	12.0658419105293
"947"	3.53390148968106	2.35513676314636	0.406598605495798	-0.91487295064194	-1.93612749335032	-2.01318729851886	-8.56871138022382	-10.8983912820941	0.850031190250168	-0.420738642157131	-8.48360650835817	-6.44709730044141	9.02479163893972	5.08874426427765	12.2469460370529	15.8404806139177
"948"	3.53390148968105	2.44497550957219	0.490607755120916	-1.9702305147815	0.583954851158297	-1.52297220648221	-10.7527202560532	-11.7701437402641	-0.381659966682215	-1.66686696621136	-7.55327175355295	-5.41961869777494	4.91433388205977	7.26606648948984	10.8122102306531	15.0036020635319
"949"	2.5339619716772	2.5484077739208	-1.07254773281833	-5.61721169650181	-2.21679862531715	-1.57412717881478	-13.6341859933847	-12.5872290497206	-2.41006411897933	0.189527849328357	-6.6290705675957	-4.8301075725123	6.59104671500093	5.72256897152266	12.9421085691301	15.3050225906032
"950"	3.0807109034577	2.94610239380861	0.0583214573792148	-0.708030185525981	0.238530964381536	0.190749292596008	-9.96478862986037	-11.3193834395286	-2.55983434452356	-0.77212747855342	-8.10095038924413	-5.3417700056927	3.8248441357021	4.55888553841944	14.8179475095287	12.9903268966452
"951"	1.26820464110755	2.4492119577207	-2.51205482607505	-3.53076493712544	0.762004955570961	-2.35775690242987	-10.6260627216965	-13.1545611971449	-0.94885786329269	-0.093929870230779	-5.93621145334737	-3.05374405300765	3.67756193515736	4.83672029148044	12.0570829709642	12.7403247587049
"952"	2.5339619716772	1.26722532271588	-0.42561135771348	-2.20481538457225	-1.42577490639941	-2.29509169332918	-14.0480936250512	-11.6239945298664	-3.36091539018976	0.124936842134385	-7.64415617397666	-6.58159198536385	9.68075082813338	5.97447249192649	13.1383027000159	12.2605345523268
"953"	1.58915648360365	2.26967840223093	-0.749448726146476	-2.24249428127607	0.696515204349958	-1.54869723178312	-13.3487857203611	-8.97386789664584	-0.911561522379963	-0.710095487427117	-6.92918072540853	-3.42224549737311	9.1028428334305	4.60538791324561	15.079142348026	13.0304150929317
"954"	0.951025693378164	1.97758602914566	-1.53432747746778	-1.41116136989752	1.02741394863664	-2.39115115330754	-11.6589569442384	-11.4818358976827	-1.72126274880452	-0.849258679399196	-6.01974767054964	-4.33352329056942	8.90695735924907	5.34846162398974	15.9174616784972	13.7460958438856
"955"	2.9320178209243	1.69623628802881	0.0657211952558683	-2.53244635333227	-0.160055676503273	-1.40247672436523	-13.1064843854414	-9.43336791538971	-2.05402700973137	-0.576705999598492	-6.94596910553098	-4.3324492765602	4.01603863334683	6.13278459881395	13.9598707222708	14.551901191136
"956"	0.467109602223086	2.68098036904482	-1.01804277119911	-1.8925228145247	-2.11934190580001	-0.906441542403345	-12.8857781754538	-10.1200410048378	-2.43822475356918	-1.31513331084514	-6.58330541069622	-6.0469945194496	10.0388360318355	6.03318508710548	14.8110209522612	12.4168089039043
"957"	0.826024117988904	2.5789695215479	0.395496779612012	-0.289904292509248	-1.39740245489119	-2.93430367898552	-10.3582544042736	-13.4357362111449	-0.36013641225379	-1.69061354905966	-6.61466216738551	-5.15988696985337	4.57644108994495	5.49904193862928	13.9993100445837	9.62711868643001
"958"	1.22721089176565	1.00393008055141	-2.29514540121303	-1.54038631914009	-3.3414488513436	-1.75838679360261	-8.74916534965106	-11.7932659427232	-0.998810781154019	-1.03018803209512	-7.24661443442179	-4.4932015307848	5.15272991678794	2.74878792440202	13.4969894573298	11.5174616516044
"959"	3.62255623252432	1.98550677681587	-0.0587134449112372	-2.63343793249962	0.288314339489768	-2.53490703156372	-8.5823142897865	-8.96317190613427	-0.540001010132956	-0.487075605677607	-7.39343677156453	-5.39606707636121	6.99675810193873	5.17147412721742	14.658877963176	13.7604630532786
"960"	2.5339619716772	2.95865326798487	-2.27926740236996	0.82998659408086	-1.82331066776638	-2.10656468267659	-13.4746396478269	-9.99180316547583	-1.57794523819961	-0.92973322835313	-8.34752409447341	-5.05836760549189	4.77326130462317	4.55308975942483	13.097687686599	10.7665760842243
"961"	3.3781334955273	1.51610841949805	-2.6567643209277	-1.8913222417064	-0.669956077705507	-2.0408800661847	-11.3975959893917	-15.2745538455134	-1.60379452412774	-1.77161096486636	-6.28939471346282	-6.27603438035147	3.12582685622759	6.69963337636649	15.1492971551231	13.7990551360506
"962"	2.96188451772182	1.68141997676902	0.506264055720336	-0.771946486187578	-1.51145050540831	-2.66244031551837	-12.3294199306074	-11.8249240464055	-2.74546782277042	-1.12800424846267	-6.93741043933833	-7.43163196430803	8.65402290591691	5.48469898176499	11.3779004195588	16.0068888949571
"963"	2.93619282165895	2.52215897118954	-0.929242517099881	-0.80666842382338	0.131906863592833	-2.11148655142807	-13.2206263273281	-12.7995906639782	-1.78045827219037	-0.918595178380964	-8.3235003453353	-4.17380239427914	2.64816090978247	4.72131805044278	12.1621285492275	14.5183096161625
"964"	1.22721089176565	3.64239231957982	0.13050969439836	-0.672621884832575	-0.957011161033241	-1.7055165906533	-9.0347777607216	-12.8961188851031	0.0100185775640001	1.17245796094642	-6.52824373477701	-5.73205900312699	2.82653867690477	7.02495342025356	16.0245555770125	11.0783099122423
"965"	1.0064040506509	1.93422097958439	0.490607755120923	-0.708250223764521	-1.66750991494039	-2.81760649036593	-8.54353107912761	-13.3666407223067	0.804537760784754	0.0700499006855312	-7.76077368763173	-5.07913777790072	7.46278944782555	5.39883049410184	15.0380609137579	14.7913996161165
"966"	1.17955115947044	2.57423155118211	-1.00655974879323	-1.15596909450281	0.321908991214371	-2.27830627966416	-14.4995331278389	-13.9658723566755	-1.17407632321019	0.0387991159790048	-7.70511118553132	-5.42626174204078	6.12289172221656	3.80905743062722	14.8730440560216	14.2156424486428
"967"	1.98994033402301	2.26881344403904	-1.09516683967175	-2.26953435038785	-1.90373156428539	-0.592108126754296	-11.3043022353985	-10.1343143807765	-1.07144384873531	-1.26263902572242	-6.1028601081661	-5.09795013660773	5.67712077949788	6.88901209428647	16.5441381380893	10.1347076767112
"968"	1.26820464110755	2.88408497638396	0.547194686094846	-0.431693512375427	-0.526747086722639	-0.840500307444515	-11.7718705451758	-9.99098950457702	1.64667584441297	-1.8910151402616	-8.6697874672651	-3.82124429759917	2.79178611093134	4.62510501366709	14.2780700888354	10.8288895523575
"969"	0.126929777319985	2.63916437433362	-1.53483393944505	-2.41848893575365	-2.71198694697965	-3.30239826062791	-12.3447643866126	-10.0138156438987	-0.178622107054491	-1.29020540427382	-8.06119730875267	-6.23543398527988	3.3765117839433	2.95631696102817	10.8531962696938	14.5409125538527
"970"	1.26820464110755	2.37168893774656	-2.49251881291848	-0.917407882971799	-2.26667570106891	-1.89587636575429	-13.058195981016	-9.82333209035222	-1.68166762164897	-1.31631266392062	-6.42413003385275	-5.61556949353948	9.52493663895985	4.53697690210089	12.7794648597689	10.6748716733593
"971"	1.08820892269956	3.2725351976479	0.340884827394653	-1.1901062798164	-2.16660130037529	-1.44468675417585	-10.8791912946378	-12.4198090908299	-1.53799165438645	-1.20274305600649	-5.66082911671339	-6.47275003325247	6.99881434395228	5.71289052103688	14.8654810796207	11.2957646664553
"972"	1.53123624372172	3.78664529128434	-1.08469588773169	-1.14947752459577	-2.33258330176929	-1.13751759639453	-12.5928858840053	-10.0342661587693	0.85858702318897	-0.883069394143263	-7.13751342429315	-3.37732454729346	8.47234255708826	6.13329911339058	11.9162511300094	13.8955488941777
"973"	3.46575017126375	1.91136312340824	-0.860821013909974	-1.22632598734894	-2.50688668414706	-1.53240138357871	-13.1422156693015	-13.0043948492313	-1.69651825101531	-0.864599229360612	-7.68832012923265	-6.10026158522351	5.8905391100601	4.4575220525956	11.4953049009321	15.7757846907321
"974"	2.68444242761199	2.22429882137419	-0.598818380655118	-0.976775918169607	-0.217343058456303	-2.01323007337119	-13.2563743296796	-11.8580637679666	-0.78919537326904	0.978638226242842	-7.55036873984998	-6.93813484491903	3.28313993183786	4.87142115612281	11.9373651604091	12.87354821016
"975"	0.826024117988906	0.999353247929917	-0.105729583364423	-1.50077437854002	-2.12818222560395	-2.74354169673852	-13.5529339373593	-11.881373511329	-2.06984101144199	-1.35943320981889	-8.0038460857657	-5.77938545686124	8.72227710925795	4.5777784519005	13.9350970221857	15.1408632706601
"976"	1.82943246529668	1.23681907171813	0.142844610079111	-3.30934615496416	0.211632411322848	-1.54604062950488	-10.0625949050673	-11.7137868198796	-1.83031284329745	-0.00328135890957451	-6.377046982981	-5.9340469236905	9.26769567673233	4.49530354170035	12.5741920911586	14.8680706592649
"977"	2.5339619716772	2.12286830585127	0.0710013520885838	-1.41646594096963	-0.0966946716660178	-2.43448762497869	-9.17655719307386	-11.6861411580414	-2.47681276377836	-0.803102688199137	-7.97904859291221	-5.91045849105727	9.13676695171307	5.28616391710549	13.0510061244063	15.0952590702002
"978"	3.57582610810187	3.15243869842614	0.10162685872342	-1.14310866889318	-2.82407611159999	-2.06433007014425	-8.17223116473804	-12.2418515806191	-2.02638593946266	-1.60968923950513	-6.38331341720566	-4.40662636508493	2.60253165565089	5.69154069284123	15.2648864174607	15.4892267153106
"979"	0.85985332126607	2.96030896995678	0.0657211952558683	-1.47302340131759	-1.80077169995428	-2.00084968755495	-11.5609555198196	-12.0616635691058	-2.95551571383132	-0.172902620495627	-7.65794828323317	-5.90658979254133	7.7612064456337	3.6025054278679	15.5601758556163	11.9004165510532
"980"	3.69405698806467	0.39511703878855	-1.07042134177709	-1.09092942257025	0.971660935607751	0.0223606768203748	-14.2786949444343	-9.296062977371	-2.4338678545251	-0.684192930994297	-7.40321503413843	-7.29853878849008	3.83683734144861	4.22632047123946	12.3499570017487	12.7157766707668
"981"	3.57582610810187	1.24256559943921	0.406598605495796	-1.53820801507596	0.306394163258402	-1.58813458783302	-11.4047879179958	-13.0120984368569	-0.321128116499275	-2.09432964379011	-6.67463709921172	-3.84626960126135	2.88985294831457	7.5456284328889	10.6050638228843	10.274506254446
"982"	3.48396882062718	1.98869061544371	-1.54808136227116	-1.54982045620033	-0.679019828612116	-2.79191390286805	-10.067145160153	-11.4018023061226	-2.89400896135057	-0.473129996658257	-6.53723642689574	-4.87360982385455	9.35042468290923	6.10836170128653	15.1240384320609	13.1284974581032
"983"	3.68758354714645	2.387662850104	0.158028348412207	0.391208076633242	-0.558018949078383	-2.61140818567578	-14.5892639654896	-11.9855641081241	-2.27670668364986	-0.725282753784712	-7.67862398065578	-5.33707036879733	8.31109696011676	5.43283411361347	14.1981014354855	15.3851805953341
"984"	2.5339619716772	1.24798609964183	-1.66720034930764	-2.24673406822421	-1.73764070426796	-2.8795928459706	-13.3577472705616	-9.07332832744919	-1.19250016526595	-0.66717891511202	-8.76639197343457	-4.58312990534065	9.05778885149957	7.44785400310681	11.8571756452086	10.1051014015494
"985"	1.49815544563014	2.32595647494949	-0.398141230792734	-2.60754951173469	-2.3849536123068	-3.30505857796431	-10.6013390224653	-9.35275727540438	1.18690545427351	-1.70130719255681	-7.01732619746472	-7.16442438937793	5.97301938374865	2.07138725565828	10.3460568272668	12.5061898134659
"986"	3.48396882062719	3.16468726436462	0.0861168073681539	-0.731789245726698	-2.88105238296122	-1.99196938398995	-10.7512077353112	-13.7048934531503	-1.18789729414294	-1.71602623794753	-7.2624018349237	-7.17324955144859	3.2966502590007	5.88964036076702	16.4414594032662	14.9686645998807
"987"	1.22721089176565	-0.285602574232015	-2.26170316052647	-3.80679904641718	0.659952953303777	-2.33164155932858	-9.04335180999419	-11.0181970869754	-2.10296452950088	-0.541575446423348	-6.72800062656106	-3.53446633497153	5.40557034867424	3.20209060382332	10.4285160173624	11.6674310087157
"988"	2.07327296539926	1.81840861466071	-3.39164958665446	-1.3601096880109	-0.230919582130832	-2.63988386200519	-12.1172481057944	-11.3379572669645	-1.67656028365668	-0.267069557381271	-8.74109018000465	-5.32545750257549	9.16576559382377	3.88304812408951	10.5697070665987	11.9806607353068
"989"	3.62255623252431	2.3728338166237	0.490607755120916	0.226179331797465	0.104542204905998	-0.787411919888579	-10.3395371058878	-12.8165888131304	-1.80413019471239	0.872001312316318	-7.88893783954434	-5.41138946130231	8.71426704109027	5.24233512787225	13.4805254910349	12.8440405201556
"990"	2.17914209598734	1.37141792598979	0.116334722016241	-0.977362858380721	-1.04952701345961	-0.921530908634122	-12.3611002678817	-9.63707441291243	-2.08997274427611	1.20539618726258	-8.14822536591028	-6.42905545917355	8.57307521739001	7.86184511741464	11.543923201297	14.4308130628379
"991"	1.26820464110755	0.850724808825979	-1.26602217385208	-0.580952256718383	-1.9150131707254	-1.23891551766781	-11.5959020914598	-12.2759667324211	-2.74577935212361	-0.0285467621962552	-7.13924552809967	-5.82085639028984	5.34493507766246	8.78321867932634	14.6477476662448	14.355070568495
"992"	1.53123624372172	1.3527112503175	-0.928138782500891	-1.13096909785577	-1.14306875682395	-2.37703420230572	-10.2212481382551	-10.4473214826985	-0.778733612974798	0.0162723622668864	-6.42767804740698	-4.14255205546513	5.13580044762486	3.96416790788825	15.647207516802	13.11020261382
"993"	1.42750795655349	1.90411778360673	0.295279413824101	-2.76086643207087	0.971660935607751	-1.40123916869548	-15.1054351506603	-13.1315619511122	-2.30750909417401	-0.617979797310272	-7.28608752660275	-6.64806481424277	3.88530900070427	6.04864398408132	12.3275309972179	13.6732048801056
"994"	1.16004395383911	3.66489491745194	-0.529112015391553	-1.27076902198918	1.07334626556369	-2.60751179251876	-13.9585605140586	-11.836688174981	-1.95203403724292	-0.0440376613200083	-5.16189355924136	-6.43171146270832	9.33991943247888	6.64409024058491	11.5635516157417	14.0613507903014
"995"	3.20373123886641	2.59519310601353	-2.75584519272367	-1.70717554441043	-2.2580192005364	-2.59492795650111	-10.993551616845	-11.0958336533815	-0.0279697221762339	-1.32831582696635	-6.03220708224349	-3.71740017289453	9.5053917121198	6.64992864970056	15.7260650304643	14.0673824329023
"996"	3.07448193652606	1.77839732939181	-2.56470894645205	-0.758445671455197	-1.03411243350471	-2.28462309596843	-11.4501711355584	-12.0854860511618	-2.49365901014389	1.62511482445715	-5.28009516992052	-3.91023748195096	4.88387162999597	4.89655593405104	13.0624937046769	11.3250349792557
"997"	3.127200690307	1.80245161628987	-1.50009299789709	-0.567163888638004	-1.49850104731031	-1.85393327725731	-7.65325178901184	-13.231608676063	-1.48175516762837	-1.07788962303606	-6.57229428655934	-6.72640620524876	3.97050093126513	7.07718198696885	16.424207900735	10.2232652064407
"998"	1.53123624372172	0.705603335291826	-0.398141230792734	-2.43831223516397	-2.13350207033117	-2.63847688654479	-9.4011944435558	-12.5571637462405	1.92618489362418	0.24304963246535	-7.96548503900095	-5.46740807688149	8.87512873947002	6.55936459538936	11.2044041808507	12.422541000847
"999"	3.18165219964339	2.56584046101087	0.10162685872342	-2.00018871540634	0.21163241132284	-0.803015090983361	-11.4533457713368	-12.6270930646043	-0.0363644989053253	0.100257488587508	-6.43410944431614	-5.0880385666791	7.57479667311166	8.39636569260431	14.5206915635664	11.9863517699088
"1000"	1.98994033402301	2.61319130600547	0.66836839043944	-0.231046974006348	-3.44397016311397	-1.08040327099374	-12.1626848587153	-11.8558287363561	1.23137060024821	1.24042843954568	-5.53387553768844	-7.21846629649295	8.53059810324612	4.8191858488359	12.5834066555415	10.5626833952268
"1001"	3.46649272384435	4.29018060121201	0.188892516924764	-1.17225567298211	-1.6940666162013	-2.89380370430481	-10.7896405475456	-11.2656104815678	-0.968450173105851	-0.238080442925393	-7.49980867314412	-5.17540306557134	5.13386043259909	5.00185224072781	14.5358132055367	13.7867180939911
"1002"	3.68758354714644	2.61368536850489	-0.744559455297162	-1.15977591452098	-0.801988799040095	-1.03123516249709	-12.8042172453121	-12.7864170165125	1.82771138087149	0.0411152116256936	-5.60280076792324	-4.10011078594424	9.54807428344272	4.104327013359	15.4540920601539	12.8343428180033
"1003"	1.26820464110755	2.78940090229293	-3.37822506649501	-1.14568476378709	0.134952016951171	-0.320499616903886	-12.4474533802166	-16.0391208219696	1.18106157899721	0.0523555166849268	-6.975447206036	-4.64230292736617	4.30198478803083	3.79000769805711	10.5694997248664	12.1531012551648
"1004"	2.17914209598734	2.0944997077738	-0.986559152930051	-1.14279216264972	-1.9010518962241	-2.33851342288155	-10.7261994870844	-12.5329702480531	-1.18768438684196	-0.937158531534698	-5.8974497681777	-4.59821273090109	4.08404521881847	4.51929186387227	11.8400437946592	10.740667543137
"1005"	0.632413614486091	3.305660121819	-1.3955057774359	-0.497478332439174	-1.49903469494248	-3.13113484972356	-14.1285754554326	-12.7542638093077	-1.14769851829734	-1.03490630286453	-7.97853230695972	-6.48646546486654	9.50563559448866	6.00615435880599	16.3695941139911	15.0369446217899
"1006"	2.01096806682561	3.44541124088402	-0.866123296803389	-1.66806110750026	-2.69378463400631	-1.55244256544673	-11.9308070424193	-12.3881196733526	-0.151128956955457	-0.96102597755546	-7.61228053634462	-6.22202598303155	3.44957290911687	7.04993068261576	11.8555278288155	12.2726273165977
"1007"	3.53390148968105	1.65550919482324	0.0657211952558843	-1.1358414348493	-0.495167367682754	-0.8086503603226	-10.7056615183833	-10.7306691987068	0.428713927693872	1.86611386386185	-7.23873969998849	-6.14917382068499	8.61490095204782	5.8624682050788	13.3379833047232	11.2668067128351
"1008"	1.09941027613563	2.07025604162725	0.728077594569737	-2.13246283757726	-0.0888109424971444	-0.179830140820802	-12.1146316010892	-10.9043381416696	-2.35154146007408	-0.96022557423944	-7.43832818272799	-6.68560130166134	9.48071799410421	4.3020178728634	13.161557596369	11.5065425920505
"1009"	3.23217767446545	2.84694362809909	-2.49251881291848	-2.18994925203498	-1.67455330070855	-2.14559144940855	-10.7209624435767	-12.7848133959271	0.376232972721177	-0.150506633151824	-6.73840391876138	-7.03293667809025	6.71615865464009	5.03151599912077	12.5332836063568	9.90581229946193
"1010"	1.26820464110755	1.63544268671386	0.342396442383654	-1.1942279487299	-1.70013908664397	-3.11542832254283	-10.9196956032379	-12.0355444386355	-2.57429174723214	-1.7685568183992	-6.21241196885298	-4.63201100144101	8.57022770488904	6.28283828233802	15.8929811794866	10.4058289982512
"1011"	1.26820464110755	2.59336677865585	-2.61229248566772	-0.142729858098778	-2.22200313791582	-2.22599047797628	-8.1328505794412	-10.264060071838	-0.782320899518166	-1.99926348537696	-6.81692550366852	-6.70581756488304	2.93694065607159	7.30362548971983	11.2507956833325	10.2244127647314
"1012"	1.53123624372172	2.05988926921234	-2.46617554338671	-0.922105424659962	-1.80035124058958	-3.68809852334786	-11.7216602932708	-11.7676416464466	-1.51460660382122	-1.01252154732094	-6.39040746037988	-6.63871694479848	7.53650619541792	6.33656506083018	14.1674630363351	12.8053421878449
"1013"	0.411683385223001	1.97629158216965	-1.54297996186501	-2.89041058768643	-2.02574515532609	-1.96738618099113	-13.4575502915286	-9.51827843045442	-0.290073071356056	1.11812775518296	-7.41991372111356	-4.18253405882355	8.54485862957297	5.98486920570782	11.1483196197456	14.3421117697102
"1014"	0.737674920874248	1.85063233084425	-2.72847986515903	-0.935327896179828	-1.4026554448176	-1.61215750892756	-11.2334463729166	-12.0140098444394	-0.599824709399375	-0.536979144704555	-7.35220088667428	-3.93765374830475	5.49459912186002	5.54180672395253	11.8562553579944	13.9554823228172
"1015"	3.53390148968105	1.44581464514586	0.72807759456972	1.98447259182392	-0.855406359332099	-0.586637721806831	-10.6101519488105	-8.68031752818356	-2.25171188440181	-0.10111991880945	-3.69198308193703	-7.32003465904697	9.0650383682271	6.66812418017668	15.4229714428005	12.6701881084041
"1016"	0.951025693378164	1.93192635808299	-0.445056430637804	-1.00139079785846	-1.43171141729707	-2.23840154310458	-7.78128793364496	-12.1487439657411	-1.43770155412745	1.14840879195913	-7.10329909914116	-5.24580893955141	3.97031112218211	4.37731660191635	13.654804150379	14.3895882848053
"1017"	1.49815544563014	3.03358058739282	-2.26326297702696	-1.36530131174184	-2.3760685476314	-2.53345515321668	-13.134720779591	-11.4238890220422	1.56138631056447	-0.434707291779785	-6.8107029681698	-5.33259219512829	2.36972828729898	5.49735807515613	11.3958382939446	11.7995100801492
"1018"	3.62255623252432	2.33951408577803	-0.402138749413455	-1.67119132661357	-3.29222007166199	-3.39090687871057	-9.49421939754432	-12.1702478181503	-1.48479270420684	-0.502438748690352	-5.45239256266677	-5.93600338793886	9.09296639985129	4.69992974682465	12.1299732127422	13.25561074077
"1019"	3.62255623252432	2.81063757290712	0.66836839043944	-2.98714631042844	-0.381306422255941	-2.03156627357299	-14.3587943269862	-10.6804504332899	0.753559068743474	-0.629916395169455	-6.94319546930767	-4.38104646155899	5.79519866619206	5.49735807515613	13.6148821918148	9.83544250451579
"1020"	2.02179115789832	1.12334637409264	0.291509529588271	-1.36382216321714	-1.29576202052696	-2.55360176358848	-7.95043859760758	-11.2494570870232	0.221890724136406	0.111012788688753	-7.60852263846998	-6.17593086945445	8.39827577708142	6.89881100458236	11.4892678100103	10.9829040312621
"1021"	3.3781334955273	2.37067090875312	-0.215710431870882	-1.10843403281267	-0.982943580846667	-1.01059006845394	-12.8402326864947	-11.8616126479591	-3.05387345631468	1.03040520590351	-8.05534651817395	-6.81901545289339	9.40888530544793	7.27623218566808	13.1740895498909	14.1665236958382
"1022"	1.28134568107049	1.72165525817404	0.265477241232235	-2.87843217429579	-1.52272714285336	-1.61725769905157	-13.6949216828384	-11.4565393638829	0.212307102204075	-1.53819263634749	-8.19009847194059	-6.04478571088786	4.32714519940006	4.69662013792213	13.3052693233654	15.1210686169118
"1023"	0.779442561415467	2.15801058478995	-0.592632405001531	-2.40013400063107	0.508334663069303	-2.1872903779825	-12.8040809793404	-12.1001531225306	-1.67432003753343	1.41161264251696	-7.24002863564091	-5.01635192318086	8.25769194494159	5.12284573011122	10.4238630233774	10.1782601102505
"1024"	3.46575017126376	2.02409485788933	0.164054702382778	-2.48054581507868	-1.07183629176253	-2.73688579515659	-12.9579894092546	-11.5803618521182	0.573622385619462	-0.585718963274645	-7.74607840838698	-5.09410796801877	5.04462614203679	7.49720157938953	15.4536551179341	13.2569274982774
"1025"	1.63478276357674	1.77678518850097	0.0454561962145063	-1.16118059312571	-2.62576930760864	-2.22775920541307	-12.1071694015482	-11.3850877414342	-2.10787006957773	0.380285633545392	-8.95428258999732	-4.58878422827154	2.58897518432749	4.76406126361229	15.0661983252377	13.3122511744804
"1026"	1.60130719893691	1.60350334039949	0.547194686094846	-0.742258108750026	-0.088810942497152	-1.67204255599537	-11.8999115743438	-14.1588195896627	-0.377873217388745	-2.55905118713341	-6.42345002409304	-3.55727930369923	7.97059982103354	6.11085157465301	9.53068196273509	16.5847318006814
"1027"	3.53390148968105	3.01443666162426	0.189942683207954	-0.606249002137634	-0.81186305943439	-0.815459043662502	-11.8716638355238	-11.1624418026833	-1.63502908430111	1.05742993641073	-7.70611835008079	-7.25476983455401	7.97279584911716	5.70611388124514	11.6578379282127	10.726123439121
"1028"	3.48396882062719	2.79769416497244	-0.694515546650334	-1.85480189813352	-1.17417607924943	-1.56937235813597	-12.7267509134886	-13.2706357558843	-1.0741043650735	-0.388832642010984	-8.67981310917748	-4.57638173225029	7.49843016320174	5.11143813483251	15.0949202406039	14.4384138573988
"1029"	2.5339619716772	2.37004678735615	-1.06228047021566	-2.50634092573263	-2.04325135401596	-1.52652830969994	-11.9317383485697	-11.9349524681596	-3.06520050800559	-0.032626106380896	-5.6474001963662	-4.92603647828774	4.40722798557374	3.69977146376207	14.1599774976312	10.5082056010909
"1030"	2.5339619716772	2.3616710437112	-1.27645588412338	-1.0768276810331	-1.25635441873729	-1.77151848474909	-8.45315163741223	-9.01311452392926	1.41810388780892	-0.847263598458679	-7.28838513304134	-5.16288659701504	5.4482499722538	5.23601040244335	15.1208471843113	10.9802403335462
"1031"	3.64019661367844	1.98242139880898	-0.0189554775437265	-1.26602841464539	-0.834850086955311	-1.60507352467686	-13.977942560988	-12.1587550311385	1.20306663597681	-1.58425974578418	-7.96818903033586	-5.72306708627951	7.33230513755994	5.72192612729972	10.882391222744	14.6324094028424
"1032"	0.951025693378164	1.984807179501	-1.00089300027213	-1.17421762708659	-3.02247036508405	-1.19095439338329	-10.4953093889735	-10.6680274947581	-0.249242200095563	1.15414482014505	-6.46730860866559	-4.8573022995456	8.52088852333359	6.23723220248148	11.2036938408939	10.9535869630877
"1033"	2.74669587304158	2.83157268713555	-2.19669958461292	0.0307606468714378	0.364739946045203	-0.957247058702972	-10.9495277673581	-13.4285538247003	-0.390405243561746	-0.698525742978669	-7.47059926255808	-6.95212221323206	6.93723526420575	6.15648640340295	14.9447033026341	12.9601194486008
"1034"	3.25929910996267	4.02078098363582	-0.403979928041353	-1.00042004079035	-0.532609810029289	-0.726107590634808	-9.00234055535344	-11.9178415410263	0.235950474828201	-0.495692354686012	-7.30572310979817	-5.12826040197299	9.81790831796017	3.99467759615653	9.9554229712046	13.9871019551647
"1035"	0.250371465376103	1.64225476097982	-2.0870516799702	-1.48344602975863	-1.13356021171161	-1.98962950082802	-12.277422385162	-10.3798278554767	-2.45515928748146	-0.679498457710125	-7.50217228029069	-4.86860584236693	3.5449275848817	7.46341186638703	11.0668947881491	11.1006493253505
"1036"	0.544822164592993	1.43199945233492	-0.857834655660889	-2.24174717674736	-1.77513544432694	-2.57386736788878	-12.6907091846211	-9.19676159493639	-2.10496886728245	0.312422202631282	-6.83761250994044	-5.06733340590772	9.52146261833246	5.39616242123062	12.0326193868001	12.2822070034735
"1037"	2.68444242761198	1.48258583182259	0.142844610079111	0.079037859398218	-3.41453820457212	-2.27841604932625	-13.5062437090616	-12.1071317604221	-2.08533829127119	-1.25670291999781	-7.32224211092856	-5.46158175664536	4.8552260283464	6.51535949410798	15.3859650961085	13.3682552923876
"1038"	3.48396882062718	2.20796492499828	0.490607755120916	-2.72833028358188	-1.38195554773545	-1.80568170968859	-11.5161108124634	-8.98431255878291	-0.0288954838520219	-1.4470053850283	-6.25459966773593	-6.07112523373747	7.24278632988454	6.43098187394361	11.1700968571619	11.4534720016433
"1039"	2.74669587304158	2.34739896174265	-0.292261474818287	-2.41032736065157	-0.100074635366822	-2.56296743977838	-10.9807696468659	-9.15311262583044	0.965622377075635	0.118584545864928	-6.47458927111925	-6.67260271197235	4.77282609870702	5.9044720141188	10.0459065587662	11.0630817188791
"1040"	2.02179115789832	2.80550360062328	0.261537496627685	-0.921504970815185	1.18029710623339	-3.34559584350305	-10.5775316614173	-9.95734413161144	1.18834041436781	-1.54332388929639	-5.23623821615295	-3.39534150368276	3.07021855777921	3.79425673140323	11.2760934948958	15.9179679110869
"1041"	2.9320178209243	2.04351026636353	-2.64658999370541	-2.66621694198292	-1.18299207830346	-1.46680684539113	-9.5508721670646	-12.8008184354812	0.528614247166131	0.139167609235145	-7.58544325062073	-6.00427995224483	9.66308813068206	4.78854703159964	13.0553631767983	12.3518248173755
"1042"	0.544822164592993	1.58941377861681	-2.41810972551528	-1.75107632388123	-1.28135563023711	-3.38506970240367	-7.83058743004976	-13.1573940051435	-0.231658357836964	-1.19747192960213	-5.45630253361011	-4.7149868195537	4.59190546906475	6.82723878107923	11.9342800209084	15.5385435000713
"1043"	1.53123624372172	2.07913211376529	-1.63304042766929	-1.29462946128891	0.320211201026153	-2.13586055246977	-10.7951322936975	-8.97808313570254	-0.463578216802699	-1.7782220787331	-6.85983381840059	-6.85932847935686	8.4798103152103	2.93501780277703	13.5564155378862	14.2256850281216
"1044"	2.5339619716772	2.59804197966638	-3.05281343258969	-2.16459872910406	0.13190686359283	-0.764623147245813	-14.9373134380249	-12.0151585489964	-0.778880848633632	-1.38267943821852	-4.43762350000285	-6.21691776895762	9.88141459890042	4.57732346702955	12.5687477120578	11.914523242144
"1045"	3.04759832715263	1.84412277136511	0.498141249437883	-1.35683670396772	-0.608271166967602	-1.13429054313765	-14.1788785899821	-11.7999960284259	-3.12611122498275	-0.78554565878015	-7.55663852963856	-3.04703693940014	3.84496709226058	6.16491326291125	12.5994852784503	13.9748023327373
"1046"	2.8803367386609	3.74337109800572	-1.1433824676483	-2.0252502000249	-0.597929820601904	-0.695412706184637	-11.3509171395514	-14.0644925270711	-1.51005912701715	3.07983987229794	-6.39819072673243	-5.58960373668558	8.68838263102388	4.62352097885138	13.0682490649618	11.3339598206197
"1047"	1.42750795655349	2.04269789059729	-2.45784883743944	-0.671399056050981	0.496547250198762	-1.6962859664869	-11.5423964928425	-9.341238779115	-0.0303115484821014	0.345044583270531	-7.75970803211954	-4.80600604170887	9.90412490429572	6.51604514910585	13.6098353885562	13.5236787184468
"1048"	3.31838994006436	1.76919880916277	-1.61348013236809	0.0230853493742367	-0.655212524433937	-2.92445501857109	-9.70020827220243	-11.8212077300073	-2.0344991964576	-1.44639109014968	-6.2827640023454	-7.08216525160739	9.31502229381596	5.55430469636792	10.9682903394821	13.1232750016917
"1049"	2.80207833051768	2.85878458901344	0.513089487968149	-1.36887543688215	-1.25046408836409	-0.662149959914024	-11.0214917996312	-10.5722066183678	1.46449875609193	-0.471954164967538	-6.35256408189951	-5.42664450734759	3.12782485874081	4.01700889474711	11.4005650762327	12.7246597795468
"1050"	1.53123624372172	1.72465694891426	-0.965153928899863	-0.511946569012715	-3.71330202682251	-2.00577093550925	-11.6807733524701	-9.71714547629627	-2.23771657062125	0.616295193633864	-6.16837562000391	-4.73059538388525	8.96357303838444	6.00466979067436	9.65060138953841	12.149820533721
"1051"	1.78236386472476	2.5835817397162	-1.6092422118548	-2.40197506482736	0.809479487497782	-3.23619682669418	-10.5215111248089	-10.8937787482584	0.334336080690471	-1.84525958515788	-7.9235707862174	-6.10328142676649	6.89330647528338	5.05018593635645	13.6354295670959	12.4222426544468
"1052"	3.46575017126375	1.99209588711571	-2.47517096508248	-0.401534994991692	-2.82745920586897	-0.910057623837253	-10.337610125433	-13.1539644768733	-3.06544963566973	-0.900736157196977	-6.47020279762388	-5.66182554161416	2.43664984505534	7.09633454203911	15.1699820636448	12.3738011318766
"1053"	3.25929910996267	1.6703939643684	-1.96368219751929	-0.898715287598982	0.523479675073979	-3.76466953852962	-11.9931740069038	-10.6224017495729	-2.18765544498811	-1.77033521941498	-7.8224476598801	-3.92963393199392	4.91093364508041	4.0926216037433	12.3647383010036	15.3659166723954
"1054"	3.68758354714644	2.92578546583712	-2.39022699970473	-0.639914309638496	-1.75606467129968	-0.138362069942289	-8.80492592354225	-11.1543249568096	0.690670437737721	1.08861256414538	-6.5509666998822	-6.95708128990878	9.68988237607001	6.17371269161773	11.8962426747084	11.0242126327074
"1055"	3.07448193652606	1.63980563128445	-0.292261474818287	-2.46709110333606	-2.08237147688885	-1.67336443751637	-11.371691708499	-9.86403343375313	-1.10232349122725	-0.797569474259812	-7.6653245477263	-4.3860647905756	3.88509239766194	7.57122862384628	13.813781175335	14.0840086114661
"1056"	1.26820464110755	1.86241372532246	0.258274529010462	-0.320216972815736	-0.217343058456303	-2.30528486548869	-12.6473926937873	-11.3396182617442	-0.902221202403182	-0.814493043163668	-6.98871538810791	-3.99985837633608	8.65774932007946	5.75830260807093	11.9673167487933	12.4058921296774
"1057"	2.5339619716772	2.56429182895727	-1.43138601376352	-1.40841206939379	-1.5450972315472	-2.62626658063433	-12.3674345620366	-10.4046143311559	-1.77587568387407	1.13535190162049	-6.22318635581143	-6.38171391232155	4.51579952518773	5.3823569967478	14.7050857733115	13.7042397106961
"1058"	2.99096788523424	1.86080470628168	-2.1636024217874	-0.554763494608675	-3.01498093013489	-2.26842745019597	-10.61328370129	-10.3662984075462	-2.44006141428114	-2.52833604058742	-8.33004410640851	-4.0616619021221	8.71131498928867	5.14539104211364	14.0405672439749	15.1057600111229
"1059"	1.82943246529668	2.2980488835755	-1.67709033293849	-0.55920753042407	-0.4707809204049	-2.38711659237233	-13.9176684544461	-13.4929697928468	-0.413228744742711	1.30041185218117	-4.53155805966433	-5.99569055660143	8.01743771396236	6.74583135286882	11.1892296017305	12.4845033262942
"1060"	2.81376536857882	3.06536336192409	-1.39796085720224	0.65694675383052	-2.68187219767757	-2.01796233917123	-11.0634513858321	-12.252866014854	1.0638766776235	-0.489147665610008	-7.4803173039834	-4.68921785126696	2.69216132703901	5.33041563444086	11.9594209904422	11.4759602327044
"1061"	2.5339619716772	2.19467901959717	0.113741975582335	-2.71412357654323	-2.46832493911275	-2.41339391026198	-10.8526730503394	-11.5200336495881	0.864314661128947	-0.77212747855342	-8.84261709064659	-7.21563245701166	6.28592702055909	4.64989534866594	12.2142336151268	13.3502001838444
"1062"	3.23217767446545	2.04077307870872	-0.245958824435215	-1.10126599751426	-3.27607740198086	-2.72092054082112	-11.8187597189393	-11.6481102782135	1.01264305999415	-0.965940360548916	-7.47214051268461	-6.90770471049443	9.06121890189634	5.51012891137806	11.0709954075517	13.8950383413317
"1063"	3.69405698806467	2.34475984875501	-0.286137543491279	-1.95476892390119	-0.945245987636283	-2.74381908456233	-10.4444595031876	-10.6299432874751	-1.85145631136972	0.198878517732139	-7.48837672751463	-6.84223635445018	9.74054178304497	7.17354790524706	13.7587536656022	11.1282803639867
"1064"	3.31838994006436	1.66584929414448	0.547194686094834	-2.63010544627863	-3.80629174882869	-1.78954027760626	-8.45966594234531	-9.77003458941521	-1.63735173158718	-2.47916354618696	-5.57587897192177	-6.15180147707428	5.11942421752651	5.04850717459193	11.8542008765372	13.301333794929
"1065"	2.5339619716772	4.05462591129945	0.624273153114199	-1.54067689225607	-1.52414650514122	-2.24732163320426	-11.8202025145219	-11.0627972961689	0.380918754452943	0.325549653541911	-6.18584662223068	-5.48403322107507	5.21154769771191	8.06985715860334	11.3127368110481	11.3856780573597
"1066"	2.85263785729357	2.58590635582239	0.406598605495798	1.09772446486846	-0.355705562441335	-1.56549441341555	-12.1350002300457	-12.4533333555579	1.07017235284912	-0.574673590848455	-7.98742232452423	-5.44170393243353	6.84631564933226	6.30607387274627	13.9176882294907	11.1723827869234
"1067"	3.53390148968105	0.704965237707496	0.541756234329616	0.0718562824185183	-0.553056198779544	-2.8750622581252	-10.3349488792516	-12.69116665067	-0.192231439264494	-0.248822085128624	-6.75078227760023	-5.96339574121655	3.98555638927344	5.65184823553502	11.768206791463	13.7489721354116
"1068"	1.42750795655349	2.47315701560815	-1.01174704783473	-1.53914535006096	-1.02768148936688	-2.22717612132998	-10.2525822667444	-12.7446359585631	0.306465499354615	0.599407967994597	-7.09066838566106	-4.32206150649232	9.3840868605047	6.09614721616362	12.719815648176	12.7965734924118
"1069"	0.505721803299725	3.08754572518173	-0.647933118326344	-1.15906641910617	0.132283223237574	-2.78998397086817	-12.4175400576498	-13.0300909020572	-2.5370412237592	-3.47271388871376	-6.69836556128848	-5.68525033138344	4.63346710767286	7.0953463631295	10.656376644459	13.5495767420643
"1070"	2.5339619716772	2.44260735628503	-1.12045377524448	-0.964094816623299	-0.877175286531188	-1.6621688724166	-11.3569823478867	-11.1015444805779	1.91903054020002	-0.346184617284918	-7.61423348682472	-4.31525723635461	3.70762576942332	4.17396395105937	11.3832855313805	14.8893348094833
"1071"	0.789805777517904	2.97134633839373	-0.208474123089634	-0.500174721500302	-1.67017405993409	-1.30623527196989	-9.46756101925977	-9.9984641162742	-0.094971389236158	-1.90291295276179	-8.15489337849338	-5.83211205823006	5.55244319690227	4.58140454164848	14.0595263760943	11.5710957246511
"1072"	1.53123624372172	4.09848007338298	-0.0768288341439755	-1.11069337130533	-1.90832381715522	-3.71813423654475	-10.0955796628053	-13.059956049362	-2.00424717534619	-0.826436384118112	-6.92794456098813	-6.23685488509519	8.32376455270984	8.00800993219516	12.5226976881969	11.7065410047071
"1073"	2.9320178209243	2.25169577738289	-1.67709033293849	-0.420906206375531	-1.69415026724334	-0.875435281400933	-10.6944823674363	-9.77289329119515	-1.14563055840045	-1.25457328046682	-7.35205349631332	-5.69765128513217	3.04471236103471	4.09332007445952	11.5408690792587	13.1423080839572
"1074"	2.1652882584534	2.06293013496133	-1.37890163976737	-2.63178549956458	-2.09105971861418	-1.20833470345223	-8.09203180229299	-11.446923396481	-1.12066998810249	-1.84017303472616	-6.12499018237687	-5.86661510326763	8.81053967676684	6.192074284812	12.9761222089494	9.23083870736325
"1075"	3.127200690307	1.1448058146753	-1.03643003433354	-0.56079672887375	0.185284504167989	-2.01126587312052	-10.7735332383223	-8.92406397562022	0.829815972685094	-2.67178623096872	-7.1705875842903	-6.6203318523943	5.61568974861657	4.5699186893053	12.7615072199652	12.7490197278088
"1076"	1.25839115026524	3.44614738829672	-0.769665408119928	-0.531168171702723	-1.06399628247774	-3.14888318995919	-12.3988586552862	-9.54832422305434	-1.51848238813104	-1.2987640800652	-6.30048236885603	-6.5726306552142	5.2878550431968	6.43383418892702	15.4868987490337	15.1193406961225
"1077"	3.57582610810187	1.80900790279417	-0.0864108042155566	-1.33482759376616	-1.49850104731029	-2.3018446020146	-8.01361938642503	-12.0711997359016	0.838347719442905	-0.50128950252239	-6.5346016897433	-4.5577983192727	9.42670532548613	6.47209450873392	13.7986447605406	12.8629927881197
"1078"	2.5339619716772	1.90216312447212	-1.12045377524448	0.415700983779457	-1.31853138232608	-1.677815446646	-7.87878796082352	-9.37341692962196	-0.846061631314289	-0.284109949926011	-6.62504122898947	-4.0546292166337	6.30218449301367	7.47940152756854	11.6910971960665	10.8452563340538
"1079"	3.23217767446545	2.66966364111242	-2.35880016406707	-0.469019514953878	-2.84309309743628	0.710867758607074	-8.93344414430826	-10.8285215328508	0.127313688803618	-0.0432914650666749	-7.49109081247083	-5.31256837759906	8.84453131109497	4.09658854672816	13.5795605632658	10.2913302289933
"1080"	3.69405698806467	0.84411491080189	0.164054702382778	-0.573862303779304	-1.65371771987891	-1.58670548236023	-10.9109075051811	-11.0919736310661	-1.81756678978779	-1.67599792090563	-8.18864127723084	-6.14157925017234	3.85642913401885	5.21306612505959	12.1796179577941	10.0123650329852
"1081"	2.15688297786091	2.30033263002273	-0.631338392343994	-3.90027745840127	-0.267407074584021	0.175874591760767	-12.3704693085241	-11.2601813046022	-0.671888557700389	-0.416474191024181	-6.79249177575385	-4.33886298020593	8.82258660611443	3.48743098766474	14.8966283513533	11.8089416603217
"1082"	1.42750795655349	2.59562407450624	-2.6074637193963	-0.788705036846219	-1.6675099149404	-1.42611328267531	-12.2254292911996	-11.9901345610946	0.0911409320644551	-0.116035272169062	-6.23859725226482	-3.50785954601487	9.77167576326714	4.19533118441429	15.2335837583413	12.3318800554535
"1083"	1.58915648360365	2.93269836587034	-1.47509709730295	-1.74086012425602	-0.340282585548077	-2.07938227713904	-11.9110921809574	-12.1619760566847	-0.462557891382812	-0.557057798352123	-7.78844560230298	-4.19083998610971	5.61653863440561	4.86486260164299	16.2388781491509	16.1271533458079
"1084"	2.5339619716772	1.78933340480819	-1.48560174103973	-3.0455715535818	0.131906863592844	-1.45153593893549	-10.6858345274	-12.1374916265054	-2.30134796854486	-1.45611360299462	-5.69496450124418	-5.3826616822889	9.59481611029685	6.66164938157926	13.1777349748281	12.7368720446127
"1085"	1.82943246529668	1.95202863267149	-3.07229959072796	-1.45173734478556	0.762552037095896	-2.24838365599483	-13.4458252072999	-14.3096238579662	0.239001885025519	-0.460532664541331	-6.63289680509165	-4.68683071099838	3.64221519301481	4.84121424095817	10.405510874712	13.8327793001126
"1086"	3.0769123403589	2.74852335053134	-2.8206034961742	0.582990109380609	-0.545609474878304	-0.870719790233539	-14.0768306196251	-12.6320846991485	-1.60021471438564	-0.821159160054964	-6.27025079646859	-5.28805474346867	5.60035796334484	4.4340000129677	12.5012467294478	12.8785801426796
"1087"	1.26820464110755	1.74902934440285	-2.53454836191892	0.0606642148723578	-0.923671485420248	-3.57584634083819	-11.5691304311493	-9.27985652593826	0.131541660515861	0.287602455897358	-7.15409533324049	-5.03230225063499	6.04269016456237	9.96195995052182	15.083674374965	11.5976751977985
"1088"	1.26820464110755	1.63830381202871	-2.85716468925299	-3.02730607232946	-0.601883488669907	-3.38832861867135	-13.3857245980324	-12.2717864471326	-2.30128551659622	1.58209115183853	-7.27996734775868	-4.77861817535727	8.16310490933339	6.48601997650219	10.9755803592174	10.6890303081082
"1089"	3.15769947318908	2.32029547137115	0.541756234329603	-2.22355128607662	-1.81520905846175	-0.0767584473670784	-10.3342066417485	-11.1629526665546	0.424339201595578	1.02246625970408	-7.94850835265384	-4.59364046919525	9.56464175003385	7.36296108608133	11.2461463728895	11.8673603642995
"1090"	3.69405698806467	1.7872213603371	0.142844610079111	-0.30984004296016	-0.116832237978345	-2.13283150031823	-10.8392001122254	-10.4830585974279	-0.156180987452944	-0.504214871842031	-7.330010665327	-4.98413338532435	7.8270677682041	4.0681945524018	13.0499102423715	13.9979289767291
"1091"	3.04759832715263	1.80824360232137	-1.68277351792306	-1.78379664162648	0.0771026666477455	-2.51320963026768	-8.3255628067028	-13.0631453763109	-0.7384620235772	-2.04611385129647	-7.87311437315146	-6.12240037256603	5.97396997897475	5.62008705802844	12.4561881986918	11.2164941493345
"1092"	1.26820464110755	2.32819558733268	0.547194686094846	-0.95877504644841	-1.91010855835446	-2.6620971118587	-11.8611173012809	-12.9332564595689	-1.00819977264835	-0.80102304811253	-6.78022692234245	-4.58886616310691	6.42177643321904	6.85346259971246	12.3545308304995	14.3904502711727
"1093"	3.70761124860684	1.03816731289802	-2.79558328182882	-2.29790645857295	0.088933475260156	-0.874188629669172	-12.8747539453251	-11.1765314813646	-1.45070213142686	-0.33659980590347	-6.5305199926485	-4.81654335219112	8.73659002167961	5.47431835360292	10.1815151845321	12.0079857293422
"1094"	0.411683385223013	2.47139674760317	-0.398141230792731	-5.85380270349222	-3.07831294543601	-1.78636688408388	-10.6004578130479	-10.612616107238	-0.726750880237526	-2.33285712874901	-6.82648570298073	-5.06905271919496	4.05581845139854	4.89875337105808	13.2982438956306	12.4023868669101
"1095"	2.8803367386609	2.68890140978131	0.224699237485789	-1.21718977337151	-1.49321694357469	-1.76921065120471	-8.83252453453285	-13.3605440774365	1.10975463792883	0.156364807319822	-6.60056667322645	-6.67249967160242	8.28540788891503	7.19536572538188	13.9485884356969	12.9335441856244
"1096"	1.74147216236367	2.04888283265481	-0.0859706514428338	-3.36214667637827	-0.0888109424971538	-1.06859488309611	-11.6340718195758	-11.485581629419	0.407902118411651	0.763002704220744	-7.50953565639255	-4.59993013156618	8.35020065818221	5.2127541218988	15.0935200935201	12.6840595412465
"1097"	0.951025693378164	2.2030882580536	-1.03641500005217	-2.45774143354629	-1.36764887896801	-2.21282354457613	-10.4169391594958	-10.5083728370085	-2.54189541989681	-1.06948433900654	-7.70157443886672	-5.02292501301336	6.80704336759139	6.65471898382439	13.8365934398072	13.2974761533704
"1098"	1.17955115947044	1.51739423689518	0.547194686094846	-0.999501297221791	-1.64972024362418	-2.44175127902733	-15.320126544996	-10.8195958101264	-1.57090032281821	0.661258411784793	-5.75502148651973	-6.18343000291666	6.04456791800985	6.67836842901666	11.8044389058795	10.7725215149751
"1099"	0.826024117988904	1.73620404433967	-0.769665408119928	-2.40709229899087	-0.379826655988718	-1.19146631143759	-14.1971081225479	-12.500201283409	-1.71385694834507	-1.31622397707577	-8.39140923550578	-4.16182918788149	7.73116929426598	4.00694928203478	12.6686562520547	12.9405424431575
"1100"	3.04759832715263	3.18425380652286	-0.0189554775437265	-2.13280874922722	1.10400966584284	-1.3188940979871	-13.3519657525851	-11.7917970096974	-1.22324459946014	-2.01248162877339	-7.36927507665832	-4.29238643825078	3.49335362734908	5.02722653554018	12.9110079691174	12.4989245326138
"1101"	1.74147216236367	1.9780675182718	-1.11349168957783	-1.90360058503017	-0.0904845715385975	-1.30310242383309	-11.1819038509936	-10.6283082283069	1.11014154989404	0.035788975916677	-5.40772537179594	-6.03242523622716	8.80078227419383	5.43379490319201	15.274459240177	13.1419262910034
"1102"	1.48926697380616	2.4089208157798	-2.80797770015919	-1.92093850591146	-3.00223099910844	-0.641929893511259	-8.05675469928349	-11.9216057962072	-1.61031270157734	-1.83000604407089	-7.01808839233339	-6.0118959132131	9.40995987814792	4.01122220035881	11.8736327699459	12.5754236283799
"1103"	2.5339619716772	2.36202666375467	-1.31875412632739	-1.7619823117446	-1.81335112389665	-1.45121773796835	-12.5729309312113	-10.3026506747708	-0.323276201595898	-1.1759519659765	-7.74038533544668	-5.2561339570234	8.10200060759813	5.91203031271516	11.0666016173594	12.8018594169438
"1104"	1.42750795655349	1.48729584631132	-1.1433824676483	-0.592862691137398	-1.21228474101159	-1.7140431955128	-8.56034351080823	-14.1586486200573	0.962552942034629	-1.14520789366558	-5.10169521197101	-5.98468428818324	8.1521750118123	4.98492325626116	12.3346642261856	13.6102442809524
"1105"	1.49815544563014	2.8927702580339	-3.11593529008342	0.256254113383802	1.0733462655637	-2.07029240224961	-9.10073708482366	-11.9875354252141	-2.1701723174365	-1.65673978826798	-5.90340112711231	-4.57005709887917	9.02476145802042	7.6491318431332	13.7475171387267	14.1246652661313
"1106"	3.37813349552731	2.29445633679479	-2.67913307003445	0.13993338187432	0.334257076293744	-1.65957137030257	-11.1402282342781	-11.4227849515686	-1.90954914853459	0.0855569608773224	-5.46575051232657	-3.39088033307384	9.54417059036483	4.2624959066241	11.3778870317627	14.3479739571814
"1107"	1.69488342336227	2.91288354053029	0.30000075995336	-2.15013071217788	-1.79820176108309	-0.742038847611175	-11.9097797123058	-10.309308766088	-2.16174540263198	-1.23986361917222	-6.29197660606589	-6.67481510958925	8.39524628372472	6.81115694290279	16.0537518934773	11.6047351038127
"1108"	3.53390148968105	1.47397540699152	-3.05281343258969	-1.23623955612936	-1.99033786786098	-1.60052532743748	-12.2284588307614	-10.5015956330254	1.38476041043073	-0.141242755191704	-7.57378363512574	-6.6906953612878	5.51723785518627	3.78194769367909	13.5453375039204	11.3372283210821
"1109"	1.28134568107049	2.09861147110567	0.575440428410173	-1.58937363409607	-1.54876664057356	-1.56277487493667	-9.91712486826431	-13.4223264519474	-0.790646454353194	-1.00077779399591	-5.74718012475926	-5.778747781426	9.33952871588125	6.80054165915048	12.2168019179303	14.6081363444041
"1110"	3.20373123886641	1.18356169146302	-2.52569695852311	-1.19340684469791	-0.480751077075212	-0.321017733890335	-11.921187620904	-14.1946513046936	-0.752156602018853	-0.097866604708134	-6.52337296394628	-5.71471630037599	9.08240338345466	4.96461437674869	10.9604023552645	11.1882030219244
"1111"	1.57125711289175	3.07519459255517	-0.855467502446062	-1.89599887446574	-1.80375690729071	-0.902499811141762	-8.88547375097829	-9.58003339437071	-2.07566957968297	-0.413417772975283	-7.22338793794015	-6.14819655663081	2.45319945927663	6.30619616078199	13.2052112689526	9.79873980049403
"1112"	3.70761124860684	2.18695897688567	0.143723712850783	-1.98488571361446	-3.47525048957697	-0.0487709609686834	-12.4712893424312	-12.6479339315799	-1.73240472341017	-1.8174125250489	-7.8772226458865	-4.92963833588251	8.70327065789274	5.75210983349845	15.2828774694595	14.4282868210769
"1113"	2.74669587304158	2.30988718803067	-3.23947982404286	-0.62669023304355	-1.4466447610093	-0.846960775169611	-12.6598916766357	-11.7450839977783	-2.27531793436878	-1.46348129783712	-5.97788514382997	-3.98024283370221	2.81061141828087	8.12317192308838	14.71650342501	11.790332926175
"1114"	2.93619282165895	1.08142115766808	-0.105620915784339	-0.562209827219271	-0.197235670874277	-1.21286519322452	-9.76070505018996	-11.0928053743088	-0.693208348793457	0.169398550284451	-8.93421551861846	-4.58715722365331	7.1520866608341	4.94115669740332	12.8935748570213	13.0887552205113
"1115"	1.42750795655348	2.69345402572493	0.457209530909754	-1.3023436573704	-2.24117225610253	-0.927969049102417	-10.0358519957649	-9.29571576127174	0.818618076012695	-1.29203625953119	-6.91663875163362	-4.5715280116915	9.4878485059256	5.41341010823849	13.7029533134215	12.1897394166931
"1116"	2.5339619716772	1.69976888555236	-1.5418865332937	-2.57340182887387	-2.22372226970975	-1.58552867748969	-8.52273103136817	-11.0816751537258	-2.41392169815643	-2.28652599197217	-6.67538564732841	-4.02236540608304	4.81733493026897	7.33826943472465	11.4074819346582	15.1963866921588
"1117"	2.5339619716772	2.73391865216276	-2.58388359813797	-0.585938448124694	-0.552543389921992	-3.75511521732179	-13.3116564197935	-13.4453208062227	-0.309874162594526	-0.039489762308354	-6.00264611868097	-4.14649332120392	5.08489670755095	7.34078289483487	12.0248396814638	13.4339397688438
"1118"	3.69405698806467	2.20325961786525	-2.09470645464869	-0.798626281387047	-1.18902445712774	-3.73697566696639	-11.2690513310298	-12.493660845227	0.537136254043814	0.721712059348171	-8.13182076770799	-5.6937070656648	5.44283256375171	6.05216572289619	12.0764558428794	10.0062715584538
"1119"	3.69405698806467	1.29164573265775	-2.43167074893003	-0.0839161496150336	-1.87658081730016	-2.70466062215699	-14.1163388494203	-13.7290560104084	-0.598571431082434	0.507207423783586	-7.52434951455408	-6.91614966621117	9.98615354277499	5.96493691174594	14.1427790238034	12.1658834728818
"1120"	0.779442561415466	3.69284205286337	-0.0189554775437231	-0.428467448094323	-1.6675099149404	-3.56318424790214	-12.0634141886154	-11.2528193171122	-1.33978011795238	-1.80079555346572	-6.89228491940582	-6.22344990540534	10.2611366318982	6.54844669403708	14.839133389132	11.3457558301053
"1121"	3.07448193652606	2.22636600573762	0.300249585247835	-1.0558241365327	-1.60242881647817	-2.64288268771928	-13.637300169624	-11.7326332933604	-0.283108868149131	-1.48531251145544	-6.09006477946918	-4.45580702256474	7.14758698165152	5.58838606405761	12.1116995550147	14.4702877395979
"1122"	2.96188451772182	2.11037529239268	-2.63743408390265	-3.52541106456447	-1.75754462544075	-2.5044881093343	-10.8047961335616	-9.33998778143011	-1.97074939379753	0.0846207685605386	-8.32882310533083	-3.94832318539514	5.50687003019776	4.83501552066794	14.3997572199804	10.0740359257148
"1123"	0.951025693378164	3.77151426332136	0.498141249437884	-1.92675987472591	-2.19020284051076	-2.32952869429544	-13.5006478163635	-10.2533624906174	0.236492042435021	-0.0205133498679855	-8.44928415582339	-5.34492640026527	8.37327946574704	4.03274892476786	13.2277865579531	11.4892825197117
"1124"	0.411683385223013	3.11316613800419	0.224699237485794	1.11066524382671	-1.62233708201353	-1.25556479665185	-10.9606697797598	-10.3414208409308	1.72351699471643	-1.23105290244103	-6.41167596332768	-5.314441366384	9.49571352295627	5.66630985817781	14.2088630157208	10.2252473173629
"1125"	1.65958833433676	0.577364858006245	-1.55550760576823	-1.48667457010916	-1.63665351557173	-2.42895789220388	-11.3456321059609	-8.0870301848637	0.782699478335027	-0.674426446431632	-6.43941035227634	-6.94107761576556	5.76499052520628	5.59755583687613	14.7224527571386	9.55903078621195
"1126"	3.07448193652606	2.34906136771939	-2.25634676043512	-1.90181199304927	0.243070234736702	-2.03874446903069	-13.1735567144958	-13.1736646350828	-1.86912941296441	0.805102615930036	-5.26732547907521	-5.28044814944532	3.55776360918259	6.53392711208576	10.9647974266008	11.371301836206
"1127"	1.26820464110755	2.46468281962423	0.348700886319982	-0.0596184403191085	-1.91146400626249	-1.8740937635089	-10.4986203574975	-11.1023562648929	-1.66684229035962	0.0459348804183478	-6.98630571037764	-3.18976780511239	9.5056795515305	5.55578086826864	14.0813590185677	11.0183237082782
"1128"	2.80207833051768	1.30345811713921	0.490607755120919	-2.75313172059012	-3.00223099910844	-5.1298005956059	-14.7505740813975	-15.3876670930607	-1.91615776087039	-1.27736316536493	-6.84603077851204	-6.53971472922564	5.6705570757508	6.30591459200714	12.4465580267143	13.2690581682439
"1129"	3.15769947318908	2.31188896632669	-1.1218047774174	-1.44045987532537	-0.381625652818965	-3.56480883330354	-11.1073606669721	-12.8073218392017	-0.70036458143705	0.154806141699441	-7.82761679167388	-5.25667548711914	3.09948450120088	4.76992768623308	10.2740912745489	11.4785791873053
"1130"	3.46575017126375	3.70985671443911	-1.51391347590919	-0.433413081615693	0.334257076293755	-0.257113208143227	-10.6174479310814	-8.32066566239777	-0.115759492021093	-0.215874251177634	-7.34777016555143	-5.70538684867425	4.95114851996213	5.4823184409629	12.3223309632929	14.9707096236137
"1131"	3.62255623252432	2.48736944345574	-1.95574913917236	-1.66622489364096	0.37539234310554	-1.66018904487912	-12.255342914533	-10.4803899257324	-1.90116190302926	-2.5902833520303	-6.98393359177555	-7.5548093543177	8.75998739696318	6.9277098204526	15.2275506604896	11.9268275747009
"1132"	2.81376536857882	1.71489033933981	-0.598818380655118	-0.780128251263036	-0.879228819446826	-1.88384169538123	-9.83801321442146	-10.7954722704765	-1.4642124187327	0.109737431334452	-8.33583236789071	-4.75846384658375	9.83069074621666	5.11534948781246	10.4044267472422	16.3603834864667
"1133"	2.9320178209243	2.34669371120329	-3.14524177089568	-1.11366666620224	-0.324387313233708	-0.367901724265256	-9.98239027488251	-12.2664287213955	-0.964779351787259	0.618276871334769	-7.37179063922373	-6.40867883935977	4.42003020086697	5.18666555495558	12.576389383758	12.05596218203
"1134"	3.23217767446545	2.51300135029866	-2.89025039286619	-2.57082034325063	0.124482321654986	-2.82772835221975	-9.55407639759446	-10.9833705363326	1.11070970517758	-1.07450623158816	-7.3770222265318	-5.52637194838017	3.94027591127601	4.92066588274339	10.8479869801533	12.349019419084
"1135"	1.26820464110755	3.08428426998491	-1.00089300027212	-1.02817252616083	-1.88288984184847	-1.56821949057393	-12.20990574553	-11.2062901673482	-0.7442459064456	-3.22838206918293	-6.80505026413867	-5.74413115119364	3.67266731944155	4.62634041906966	12.8510652995642	12.1541730714808
"1136"	3.62255623252432	1.00614090546937	-3.31191261273493	-2.01041875614216	-1.01286331132337	-2.88144443960678	-9.26886077632165	-12.0647518653218	-0.541970419041793	-1.39253670927325	-5.11329678207259	-5.61788782416408	5.40765352095918	5.62437380708401	14.9610720302644	12.6965174921006
"1137"	3.46575017126375	3.32957686585689	0.506264055720341	-0.576761604921124	-3.2762096460089	-2.30212833707091	-9.52331472195038	-12.4775654338461	-2.6483302402748	-1.83535166151527	-6.14457597981317	-4.14388269212969	5.00733749736487	4.57481233261259	12.4887540304062	12.3426911319697
"1138"	2.81376536857882	2.20245091764429	0.497719574410279	-2.0334010801099	-0.691410790638989	-1.61580027628347	-10.811011343458	-8.8439707365489	-0.198431255492668	-1.19208591653424	-6.42996082470926	-6.46360014637664	6.91532305396838	5.58473856137209	9.03616393216191	14.8941369129693
"1139"	3.46575017126375	1.59452434786501	-1.06725797573441	-1.62942851482895	-1.80375690729073	-2.44969216379693	-11.5652305985423	-9.17857455904584	-1.0533734833909	-1.73059210934712	-8.41639129584109	-3.96610430589951	6.6856423104067	5.61503329368018	12.3731023536015	12.1843408150833
"1140"	3.10244559237053	2.71150626422812	-0.816473650655241	-0.52988580129509	-2.37068802042609	-2.17533115141991	-12.6775435595095	-12.5944975249533	-1.70842542610513	-1.01604905323828	-7.81870115068804	-6.07197056752227	3.03284730274083	4.30561616890359	13.4447563953091	11.6666357283341
"1141"	1.78236386472476	2.19238850044294	-0.803597032369128	-0.484489254514427	-2.42541536342092	-1.47655689089602	-12.4443977383534	-13.3394950497388	-1.95983455535414	-0.497188891970976	-6.50353565110657	-6.73128744703629	6.40530685770985	7.67330330113246	10.6160587647789	13.9782224191728
"1142"	1.42750795655349	2.56703770642631	-1.75559427597118	-0.901600533923509	-1.35985163262798	-3.24472181583651	-8.97216587285042	-8.66624405273277	-1.99112131379388	-0.27588965341591	-6.02714933241445	-6.79198496046144	9.59261664497796	7.3259749741114	14.2954399730124	11.1145912831052
"1143"	1.26820464110755	2.37262975979988	0.340884827394653	-0.562710308267162	-1.76451645491646	-1.75149639090085	-9.70385311614101	-9.77283730425545	0.279662629457691	-1.2934010162099	-5.0978446127492	-3.83568245265963	9.37926457727378	4.89477479562352	12.6610909101955	10.959165024366
"1144"	3.70761124860684	3.30275112317638	-0.650027788988047	-1.51619125491778	-1.97040563956282	-2.52928280555364	-11.056902756696	-13.0076272699383	1.29054896575886	-0.420671530681928	-7.22530924709257	-5.4387072650193	4.87676456812578	5.74084687586069	12.7566336134575	14.2136085783189
"1145"	1.42750795655348	2.68760392549787	-0.744559455297156	-1.8505018904114	-1.89579706094546	-1.43588567049784	-7.27878334250522	-10.1950585479576	-0.271029114269739	-0.469743555146691	-8.15171253635911	-5.57930944056449	5.41907604021726	5.05833097547901	14.528350138891	15.2640042485863
"1146"	1.28134568107049	2.46677413668568	-0.0768288341439723	-0.951877249744907	0.0651884594021698	-1.9800843021917	-8.67187755085815	-13.2610569029812	-2.98764322130574	-2.45953353469539	-5.85358944844167	-4.93206694134098	5.31351783902747	5.65710491633666	12.8591104452312	12.8979011818631
"1147"	2.51739454275518	1.43298382762811	-1.26652394546736	-4.11305632467441	0.365630027529971	-2.044049671149	-12.4661914061002	-9.78964927002598	1.09385664879626	-2.26932598172615	-6.07387456193387	-5.6931724920146	5.19695630746385	7.3336745943216	14.0913656292624	13.0310172272166
"1148"	3.23217767446545	1.12799920126211	-1.11470323887642	-0.246625465903659	0.255952847343384	-1.2118132442783	-8.32274081149438	-13.1178202769465	-1.14508969203331	-0.878644323914204	-6.74043437936082	-4.95474702888922	4.88952665159532	4.41840910141662	10.92416511867	15.6693010637219
"1149"	3.25929910996267	2.59544610769389	0.732391209613195	-1.69493273289798	-0.924519694267201	-1.12715355150487	-13.4381031374507	-13.7897050698245	-2.62530657071319	0.397126935469032	-7.00636207605491	-5.95626432402675	5.81453142476563	5.44962276538488	16.4834642596258	10.2936076728364
"1150"	2.74669587304158	3.41698025113075	-0.745632889110092	-1.54613728313902	-1.71007900781983	-0.943399510920882	-14.0520728265059	-11.6408759633851	-1.43751101260849	-0.700856040852953	-4.85085273520245	-5.12110281417925	9.76211352611675	7.2717964472325	18.3072722933269	14.0800835589651
"1151"	3.3781334955273	2.44664471898832	0.412057301859518	-1.54079983338549	0.420950940200235	-2.72296736041969	-11.3309267254154	-12.0079799055912	-1.55867497368896	-0.279560782319659	-6.47268121801459	-5.70384590787721	8.77097042265829	3.29625159639	15.0189597107971	11.1479274315433
"1152"	3.53390148968105	2.12004334564118	0.142844610079111	1.72889124900077	0.383562459923504	-0.71594443017619	-10.9558285180644	-13.20704285675	1.78415090835721	-2.07315995856879	-6.27114907144204	-4.22470017297487	7.4771006476346	6.74648109586572	12.4062304453937	10.7754219238649
"1153"	0.528995114820419	2.20463590874669	-2.46350298550857	-0.0935433800570021	-1.52257952922895	-2.42619662343921	-10.8747318969037	-14.8834760077258	-1.62278375267331	-0.522267673466062	-7.44274122304697	-6.60187487420173	8.69146509183358	5.91803587049565	9.59476042369656	8.96931120078796
"1154"	3.53390148968105	2.67191792243799	-2.66703192242991	-1.8083959743823	-0.741264047132201	-1.24984164375848	-11.1245357853568	-11.3485925703295	-1.93832050974517	0.735618053821923	-7.79589160295333	-5.40339659160815	6.02960488211156	7.90999608521354	11.4390343843175	9.28454632941112
"1155"	2.16556760226465	3.41097374611277	-0.388781220481335	-2.29148140051576	-3.47525048957696	-4.1431720353431	-14.2413127629892	-13.6539415373429	-1.79417119262288	-0.95157578601201	-7.37850690567252	-6.33720252817369	5.52147295793093	2.94860894100315	9.00105937929002	12.0442699967845
"1156"	2.5339619716772	1.45681239964216	-2.9693604035734	-2.79012572143574	0.132283223237569	-1.57667967233495	-11.1248820432204	-12.397366056588	-0.0598779753577791	-1.10310764723669	-6.62184845929457	-4.37166296828753	2.50502555502487	6.17367188143957	12.3055843160275	11.5959284417382
"1157"	1.53123624372173	2.0240172089202	-1.67709033293849	-1.84784609562757	-2.09225638240087	-0.480865305037962	-15.8377253366128	-9.76872939235172	-0.560382686308771	-2.30722962857163	-5.6974916669218	-6.98375882445305	5.09122920224897	5.15866202144743	13.7826671275033	13.5028629687164
"1158"	0.758880161222043	1.28953769374578	-1.75559427597118	-1.08115690732647	-1.4879376283303	-3.26784960548317	-11.3333559692415	-9.52096965983566	-1.57393905877304	0.0859901613421404	-5.72043344489866	-5.40466851303977	3.86487144503269	4.18248893237475	12.8456259984932	11.2727059592656
"1159"	3.46575017126375	3.43230574067908	-1.17454352805707	-1.12026465712863	-2.49118957178227	-5.30436200419923	-10.9816792681843	-10.0039737154832	1.01469855909055	1.04038400007449	-6.09292411214784	-4.30845113747344	7.0052499688349	2.62427855284297	14.2641274490555	15.3389711682871
"1160"	0.85985332126607	3.01328304473766	-2.80467205228275	-2.25651182046813	0.0523895957755436	-1.69438718482857	-11.1040183668093	-12.2930920797781	-0.551318186064352	-0.419468448926409	-7.93311641468563	-4.39394393065147	6.3306015463022	6.33826309680692	11.8453485362945	15.5648552574485
"1161"	3.68758354714645	2.42896601309237	-2.49251881291848	-0.362313200603442	-3.13103564760329	-2.12833433880633	-9.36747442941092	-11.489977058202	-1.01357508912419	-0.926332619522061	-7.76931040216865	-6.70684391061365	6.16169469587612	7.24500556586986	13.0606794963325	10.4554457254859
"1162"	1.42750795655348	1.99111631355789	-2.07308167282415	-1.1887999175191	-1.65837772001452	-0.817540770740904	-11.6444997679871	-9.80310054213077	-0.2883344028158	-1.4560348835363	-7.6492183991433	-6.16864943674302	8.79366959434147	6.59848812492258	15.4011835663662	11.0826015586001
"1163"	3.62255623252431	2.06515487407339	-0.560939022438587	-1.49250755359839	-1.17096744981323	-0.326871244016306	-8.78062780382157	-13.1851883418441	-1.56974529557302	-0.419292257721898	-5.55228109582564	-6.26953931689531	6.06380436948658	4.42818188446139	13.9372122148523	12.23507394742
"1164"	0.467109602223086	1.33689441015583	0.498141249437883	-3.08322127013245	-2.25334172678798	-1.31170667147293	-10.6920827164004	-8.8717609098329	-1.82630169642643	0.104512916525531	-6.86555323623896	-6.23604606998982	8.57865896297188	5.07683944660064	13.3060498683112	10.541968789651
"1165"	3.46575017126375	1.65212991929743	-0.603450461470801	0.645690157576314	1.42665235209705	-3.20708312671729	-12.735110849458	-9.02093106800776	-0.0479852592560816	-0.483396508333643	-8.21744156597231	-4.62741562383969	4.15241074259831	4.65594495369751	11.2957314135135	12.0780855415344
"1166"	1.26820464110755	1.50412182948144	-1.60415178664583	-2.86757118486818	0.0770612734547397	-3.76739638347399	-12.1351237291762	-11.8211373892862	-0.522268843932868	-2.73082792162736	-3.68046840486034	-5.73531566175817	9.85395615966839	4.96363584713554	9.26816822265002	12.5669899186589
"1167"	1.98994033402301	0.813270798018853	-1.75559427597118	-2.05204795153108	-1.85895630879046	-2.71976092902485	-11.4713029722725	-10.5165292815844	-1.72584011349675	-0.14272725732756	-8.8939403726718	-6.19219037977108	3.09757377234457	5.31477149994605	12.8598276743138	13.8684730603887
"1168"	3.68758354714645	1.7414099145163	-0.786108713456803	0.16574877009339	-2.32273383713707	-0.515270833248858	-9.94493394929163	-8.32106626248914	-1.73091389378209	0.869031309932444	-7.19060589776665	-5.01893736593807	9.57379501939912	6.17909085908867	11.8808313272098	11.4528877792607
"1169"	1.05104259834954	1.40017729773634	0.107466928271933	-2.00337321969166	0.334257076293744	-2.7527362184921	-11.8292797746644	-13.310488151309	-2.22064156177793	-0.767858305211356	-6.72473992258406	-5.06999962743092	9.63942258862604	5.29926898891412	14.770335211503	11.4281967581562
"1170"	3.69405698806467	2.64180775052253	-2.75584519272367	-1.31226457437806	-2.7402219323205	-0.999394563290715	-8.86436494011621	-11.82508269583	0.909024379929821	0.362365962064904	-6.59554458247591	-6.54097538785912	4.16955260736975	6.05812368772347	12.7845255866866	13.1369141335916
"1171"	1.65958833433676	2.32805795864618	-3.56454592086412	-0.714294615978836	0.0563292536478577	-2.14587876566527	-8.43046889101352	-11.7672205439126	-0.809442781639927	-1.44853218468339	-7.95463599206033	-5.58843639283498	4.06711491145321	4.63980420738666	11.3295215114779	12.2346235269723
"1172"	0.725668260983794	3.38601103332352	-3.01540976270134	-0.703902782743063	-0.310004780910787	-1.49040207535354	-11.3146535840531	-11.2486037222875	-1.72901959425928	-0.611722683413197	-5.2861508165673	-4.5818900459768	5.8103825553899	7.30331694364098	12.3047175060391	11.2956431564078
"1173"	3.48396882062719	3.26858833845108	0.728077594569724	-2.60896433641988	-0.132987531155736	-3.18795237910498	-10.8912483268757	-13.0837828015753	-3.02148148739399	-1.4851307559539	-7.66802901338718	-3.36604217463896	2.57903892824219	3.71873065526437	11.3588258455838	10.1278140064109
"1174"	0.779442561415463	2.63077914378584	0.506264055720336	-1.70122064187925	0.255952847343374	-1.94282215022446	-11.296039986427	-12.4970641914699	-1.46434687420449	-1.12099330257822	-4.76845976435437	-7.50870863960689	5.22431993550829	3.12182097602801	15.3632052001959	12.2099642171907
"1175"	0.238374151078248	2.98411551455105	0.490607755120942	-0.108228588244713	1.60250991433587	-1.43620931149777	-10.9855748712605	-13.3772867855243	0.913923818098788	-0.375801773764696	-8.15063776789108	-7.6119713326475	9.86397324416952	6.59424359528218	13.7748817166288	9.39732554172073
"1176"	3.69405698806467	0.544051287941408	-2.02138884939599	-4.09314298278451	-2.39674029519585	-1.5707899076727	-12.5359143893271	-11.7867816278659	-0.289732406888468	-0.1369864684533	-6.85031341080425	-4.29022321389329	8.23628718936021	6.26061035796057	11.4235861729096	12.8173147913889
"1177"	3.53390148968105	0.531822554038818	-1.6770903329385	-1.97976793982865	1.47832912770615	-1.94644591517614	-11.6881184661236	-12.1962033441917	-0.419734685027935	-0.873519811184501	-7.98540306731209	-5.1558026929796	8.21417847922927	3.22918971776446	10.5976397506708	12.0627317984175
"1178"	1.58915648360366	2.16686839966642	-1.75559427597118	-0.501626669267929	0.175254108317355	-1.11486861140692	-8.14942007500698	-10.9748352505857	1.00703323734065	-1.74143636047663	-7.73606709716394	-6.45372292286934	4.84195677663986	6.97077836569123	13.7225180599346	9.80983462747282
"1179"	2.51739454275518	2.01952287053088	-1.64442326895316	-1.25356390436053	-1.06470670211642	-2.6453638087588	-10.2699548830688	-9.35180204799999	-2.52284803838587	-0.818345139271175	-7.31426524892219	-5.60223349924943	7.70414305167746	6.00629637136156	14.3819987574632	15.0093227368217
"1180"	3.48396882062719	0.165288984576043	-0.0568344017524576	-1.57403551860311	-1.02902357136698	1.12265472579923	-13.4575693619307	-11.3035566108031	-1.48270650947029	-1.78498875553113	-5.66666002369495	-3.44345054761123	4.79675815604462	4.64628116070329	15.9626192486627	16.0359121700859
"1181"	1.19846646185836	1.72013360612792	-2.46215628359642	-1.25346017503831	-0.897701353567339	-3.69077363804361	-11.8919752955035	-12.5311430296654	1.01014545204763	-1.93566121960889	-6.81758019750719	-5.31446741608406	3.98716786724067	4.57817685048376	12.1182140105506	12.1749594980931
"1182"	3.69405698806467	2.92009029044633	0.541756234329616	-3.31492250091146	-1.51895610640496	-1.9229629832956	-14.8174433083869	-12.5082728394051	0.230227884751447	0.231104105306724	-7.90255776654223	-5.85771713277283	9.34191554938171	4.73363395859538	17.0620293098723	11.9964744624979
"1183"	1.69488342336227	1.62084050526744	-2.71194232117797	-1.83019426165119	-1.53050858920218	-2.3476666523718	-10.6136563077555	-9.63746418017257	0.845215488615962	1.14855905587131	-7.43382654900492	-5.14120491908068	10.8398034856488	4.37557469765323	10.5568314064124	13.1645306801555
"1184"	3.127200690307	3.65094965685306	0.158932986939141	-1.22947862588722	-2.38612987515716	-2.30219964704658	-13.761870645441	-13.7087551240818	-0.637820483588785	0.419079119858299	-8.01895897217045	-5.49276501597455	7.88253303551793	6.87319944235317	12.397720874025	10.3033509981512
"1185"	1.26820464110755	2.45793458940255	-0.465989351876425	-2.39946451543081	-1.095443558992	-1.64952311482705	-9.17383063593037	-10.8897005031991	-2.83413221519412	-1.79408432571922	-7.04450520238195	-7.54652514288254	8.41087754857523	4.16432875000284	11.683155491135	10.7083645230046
"1186"	3.07448193652606	3.27300683398304	0.457209530909754	-2.47509810684165	1.0733462655637	-3.97452602021863	-11.225369158403	-8.04572846008696	-0.219448226610684	0.307916391633888	-7.4380973456858	-5.93859509243387	8.75737312958794	6.5763886458351	15.0535356258276	12.4657296055144
"1187"	3.46575017126375	1.73630922249776	-0.388695981004531	-2.14730599765018	-1.82331066776638	-0.614287838915623	-10.6447088804125	-11.4296314189045	-1.27796041524524	1.59182892518199	-7.19223145197893	-6.7709224052153	3.69680646154538	7.04813392776835	15.3803298766059	12.5090208706804
"1188"	2.74669587304158	0.98778933269282	0.142844610079111	-0.743446050510237	0.420950940200255	-0.446240365375038	-12.0219605332428	-11.674830778183	-0.959205498737672	0.373002240803232	-6.73505065327488	-6.34080595036642	6.62106645595857	5.14082225407217	11.8026398273582	15.2840063342969
"1189"	2.5339619716772	3.81098913066343	0.317628515734793	-2.60670942752869	-1.70213690197656	-0.341894653571067	-12.0749523898676	-13.5217749745276	-0.648282283788407	-1.28613177650516	-8.07937859014994	-4.89836768649074	4.88691926766499	5.87369582561634	11.3076166089497	14.2521289139515
"1190"	1.63478276357674	2.32326513877143	-0.556438819293574	-0.876886465088645	-1.48354454629395	-1.35822061692336	-11.1355626260085	-9.9914436936408	-2.01613149500427	1.30056946531877	-6.37903078759238	-4.68989049788057	5.29766005050262	5.725783246026	12.8969306649007	12.9036956033901
"1191"	3.29737856652136	4.29216748762029	-0.647933118326344	-1.74849392209229	-0.687023260668813	-1.78311869535078	-13.0368821972495	-11.3395573414747	-2.53859023858534	-1.81196576599725	-7.5174052679647	-5.69854299707818	4.49062204975175	6.10338492063712	11.1597218769547	11.3538946850439
"1192"	3.23217767446545	0.7521675706201	0.291509529588268	-3.06093715113401	0.051357798853685	-1.99270821371464	-12.4571827580852	-11.7240399670437	-1.64686356138951	-2.35572382339056	-7.79972684212244	-5.00579397626272	3.13853798363095	7.64467094694692	14.0798757928721	10.4355369472201
"1193"	1.63478276357674	1.60155721647818	-2.81629473393798	-0.858655290657892	-2.15493444099887	1.4216991081765	-11.0953578267029	-11.3824705354616	-1.39562906773371	0.221830340853993	-8.15486906812892	-5.09804267608601	9.3131850245874	5.5769690186112	11.0002198418957	12.0751482663592
"1194"	3.68758354714644	2.8193614261086	-2.64492029206336	-2.65053589756202	-3.27082465349485	-2.14593466678251	-9.35582400222596	-10.6667444517814	-1.92210233219009	-1.31068905407811	-7.6609363505573	-4.13712583489757	5.91875091868539	7.82367454536232	13.6731874286826	12.7468669272039
"1195"	3.62255623252432	1.91293961953394	-0.0568344017524576	-1.93475530333298	-1.74628513512951	-0.379588477461494	-10.9008470387066	-9.01436533978333	-2.19332981005583	-1.03672207713756	-5.93412467463678	-7.10845050641965	3.36009950041581	6.02017074302098	13.6392667627814	12.7101870829566
"1196"	2.71685492053347	2.47980508947989	-2.08995457101868	-2.37830507501284	-2.39674029519585	-0.0612951717061674	-11.9110921809573	-11.3459655606945	-0.287376331401039	-0.954423473710464	-5.8957801725672	-5.22519802866608	8.25269406564214	4.50253536144775	13.6201997644582	11.5495977520287
"1197"	0.577993841975375	2.18435886443318	0.365346667752027	-2.05995927413227	0.811983568195346	-2.01836987552544	-12.756853454745	-9.27450101368456	-0.46130593328199	-0.425045802411572	-7.74991725922689	-6.14605881367423	8.53428765653776	6.61665312123563	11.9760600618445	14.1869080998516
"1198"	3.15769947318908	1.59531977852364	-0.993100958643979	-2.93945851309265	-0.073753686316012	-2.32348343839654	-9.44611703405942	-13.0698920164049	-0.276117740477909	-0.107611532688062	-6.05933492301749	-6.44506686466664	4.36353736533801	3.3498729898399	13.102206342276	14.5962574666641
"1199"	3.57582610810187	2.51727190628047	-0.0768288341439723	-0.365315192597441	-1.81844983200613	-2.2394821281673	-11.3996033282664	-15.4408535494607	-2.97801032366607	-0.984674374404897	-8.75122458991493	-3.69320514356494	5.2233141576124	7.0538407532766	14.5054458354506	10.3811267820106
"1200"	1.53123624372172	2.5684511670225	0.395496779611995	-0.85340290011292	-0.324387313233708	-4.73742877936688	-9.01772609639774	-10.2572238403464	-1.88204985595287	0.625853656968776	-6.53249645653469	-5.00128326172045	5.08880993251941	5.27922794972784	14.6979277393392	10.670333538305
"1201"	3.69405698806467	2.82221825055017	-1.48304935084705	-1.08649974500217	-1.22712465062203	-1.87814864798462	-10.8853792665776	-11.0608187959406	-1.06622802353047	-0.0770537287642601	-8.34744464580026	-5.76309257883026	2.8810043433429	6.45870676712886	9.8387677061261	12.7072246179831
"1202"	1.28134568107049	3.13130729846569	0.340884827394653	-1.33493392565678	-1.01948557033391	-0.759394966963868	-13.75977238964	-10.5632362347078	-1.88439072363117	-2.89903052534401	-8.07872808778797	-3.78891343872636	6.73861795787227	6.01019401894593	11.8739118686122	12.3092705918389
"1203"	0.92997074094466	2.1943246464988	0.0657211952558825	-1.81945639846054	-1.77513544432693	-0.828643719161365	-10.47979598223	-9.66610139394301	-2.05944166128276	-1.09941346942651	-7.63682078997111	-5.26009404163743	9.18295767628367	7.30306761603096	13.8542683291327	13.2655346135638
"1204"	1.49815544563014	2.10532311393432	-0.438043009913487	-0.787583013410587	0.383562459923502	-1.41978628117834	-13.165974214591	-10.6584141891027	-2.43163159904456	-0.32127395660091	-7.7120062802674	-5.41602346890034	9.20525164407642	7.71119844478813	15.2814329530874	10.9219707913294
"1205"	3.46575017126375	1.26759190889539	0.358432465629368	-1.91611707887674	-1.54787672258124	-0.129311080514983	-8.87973247224931	-13.5161720598681	-0.766676177860237	-0.590564584389852	-7.57072987772679	-5.42359849423856	9.10656975237288	7.27646609020723	16.5749790125576	14.231504170091
"1206"	3.62255623252431	4.17146895468029	0.72807759456972	-0.967627065972964	-2.17415222033118	-2.06025152518728	-8.20793950030976	-9.29128395370921	-0.894447832120962	-1.80320118621822	-7.5894210721097	-4.6021333640153	8.47022405899309	5.60488045236475	9.32526857287989	15.360793775082
"1207"	3.69405698806467	1.47438701532839	-3.10644353321876	-1.89198481613942	0.420950940200262	-2.49210964271881	-8.06833301917339	-8.54008018706744	-0.747908469675581	-0.812912614805557	-5.25481707432935	-4.64747310546323	5.16348566727026	3.20675529490685	15.7805017670022	11.3360960332923
"1208"	3.69405698806467	1.25986864636812	-0.245958824435215	-1.06130272174222	-2.33777854961007	-2.99675493817398	-10.5827957158631	-12.6198701776071	-0.323276201595915	0.597400628885968	-7.33847301879945	-5.66712155622049	10.1848473313247	7.45823332811087	11.7181676490794	10.6149740432539
"1209"	3.53390148968105	3.58687325253671	-2.83158698064542	-1.27251551989622	-2.68187219767757	-3.79610084095446	-10.9583020526763	-12.1534058510705	-2.4507299918492	-2.42713846050256	-7.41387242896452	-2.72753487317103	3.54489113023658	5.72509255500031	14.106332777469	13.5561507558576
"1210"	2.5339619716772	1.8181096983152	-2.85716468925299	-0.206680851018804	-0.618628369842096	-3.1027665990165	-10.8613716785884	-11.8640546103099	0.0049979717986863	0.683522955080099	-6.77380633841419	-4.91829267668736	9.86109728578024	5.62867859779172	11.6248432493504	10.4763848381809
"1211"	0.480479020479992	2.87843812931468	-2.34780192200232	-1.50255195645601	-1.75995020906357	-1.67120037232311	-14.088219381659	-11.6815201830755	-0.473783410049783	0.15244673075117	-7.40108095755419	-3.1475295886893	5.34439829970799	4.03537893391756	13.2828707407504	11.9290979445495
"1212"	3.48396882062718	1.99598780870328	0.169134067624934	-1.12311960906353	0.0570653323253945	-0.288907905975458	-9.39940732585919	-8.73038848999692	-1.99443552157735	-1.70117863609536	-4.80774675145296	-5.9631597173668	7.68536437290542	4.18158524281506	12.4626374790303	12.4058940329825
"1213"	2.42554056533289	2.89876467447573	-3.32296006315857	-0.729045146744895	-0.224867601862162	-2.52833868137013	-8.6643960376299	-13.680024677106	-2.61570740619299	-0.402238980653123	-8.50353383553427	-3.59243285222257	9.6496934686857	4.33809174853808	11.9888601728075	14.5599125604628
"1214"	1.28134568107049	1.59160425595217	0.624273153114186	-1.42289963159788	-1.28554807658068	-1.88132735010366	-10.4148788965394	-11.448647411997	-0.414332949795581	-0.87685964074703	-7.96579656344033	-5.6415020417512	8.11128742236734	4.2735667547822	12.5364378291229	15.4409050169129
"1215"	3.69405698806467	1.57430575886279	-0.865930268976699	-2.26564112037021	-2.92901084375193	-1.28558615155699	-10.0847336206543	-12.4256972121868	-2.45381417554733	-1.01173721867304	-8.61066691485756	-4.32208463762488	8.60672137451578	4.59695506118737	13.2177206072967	10.4255802854887
"1216"	3.46575017126375	2.58990223262918	-0.943692035348391	0.293884247682458	-0.0888109424971237	-3.22555702345195	-13.8871325917293	-14.0780873317855	0.801783381816716	-0.878144981721065	-6.82536699095851	-5.10539567854276	8.42524619673855	6.92786079214997	12.4251073842859	14.1365934855986
"1217"	2.68444242761198	2.40869941702505	-1.07405842895981	-1.08168268797859	-1.09079667041373	-2.22951837461739	-8.28053813446455	-9.00000025148722	1.01269469805392	-1.25836943424262	-5.57949515695006	-4.15710328298572	8.21950424224112	5.6499739705121	11.3803345159123	12.0140114243216
"1218"	1.28134568107049	2.42500339098961	-2.65032159560352	-1.44703023500683	0.0523895957755344	-2.36031503924402	-11.3417794811802	-12.1901283043373	0.592176648224102	0.089246586639814	-7.53702891075554	-5.37095508373057	4.14498469370891	4.52331372604905	14.0617115972282	15.7105110839378
"1219"	2.5339619716772	2.26865077577684	-2.80797770015919	-1.38364431369378	-1.55590576280291	-0.712017944976453	-13.2344757201369	-10.8861255649664	-0.401867394577485	-1.00026684410063	-6.98128516414867	-5.27842800120632	4.87569778596273	5.88272396963385	11.1878394077988	9.71134370984195
"1220"	3.53390148968105	2.65179080384729	0.732391209613195	0.620571058675707	-2.03754692541334	-0.196063125137725	-9.31379351607261	-12.4892621395519	-1.65704085227884	-0.677698636963253	-6.91093549547538	-3.87449329192926	8.5854236833439	8.45187583146392	11.6888864346729	12.8014057558696
"1221"	3.69405698806467	1.80711218065097	-0.445056430637804	-1.48584439416942	-1.93175900747589	-5.26317002432371	-13.1175222297609	-8.90168187541398	-1.82306193405201	-0.863166034827241	-8.03930433865411	-5.41177697217047	8.10806363601574	2.64463588417892	11.5294851196602	12.4626209455853
"1222"	2.01962261611076	0.795001659043647	-1.61938712773523	-0.524122362489992	-2.04688258075047	-3.00557577586122	-10.1444208305469	-9.99403566523266	-0.499147692470278	-0.0113223788412402	-7.67083287946982	-4.66410472863766	8.54118447488171	6.43975392452883	13.534594078738	10.9772312005086
"1223"	2.68444242761198	3.32245035810046	-2.62360424595939	-1.37992653374447	1.47832912770617	-2.07943285235786	-10.3219104499339	-13.5565405625848	0.647134277701183	-0.765578284497489	-7.87152161803459	-4.83992504736943	4.85098804876455	5.90193818579209	15.8697030342185	13.9581279561214
"1224"	1.58915648360365	2.11503372875443	0.66836839043944	-1.50153714114146	-1.77513544432696	-2.34328172986423	-12.2284588307614	-10.2351142465992	0.164914491838564	-1.07897174922242	-7.08902142012989	-5.97416741053449	3.97425790561037	6.4038035916818	10.1281686732651	11.60904857596
"1225"	2.81330726557684	1.90717908753051	0.624273153114186	-1.39741190381472	-2.21706415998756	-1.2003512370052	-10.5254360078857	-11.1855436243324	-0.167238732265422	-0.300751174990172	-7.31197151320023	-4.38493177373985	6.03648640614685	6.16044390029041	12.5571020547107	10.9617669645997
"1226"	0.467109602223086	3.32585565733238	-2.94728537549513	-2.10042938753353	-1.86350948520702	-1.2740587710039	-12.055867785827	-11.7141553378869	-1.20339983893758	-0.777760540687566	-6.50101906731266	-6.21049458040693	9.81363869807255	5.3215458871261	12.9795856005893	11.2846660524014
"1227"	2.85263785729357	1.06793049767109	0.547194686094846	-1.10851527288168	0.432617357555733	-2.45067244306053	-12.0931131785916	-11.2309146325957	-1.59701759310877	-0.862284722794407	-7.03975180645662	-4.09206684707428	8.44864168509421	3.12696037218326	11.9704199336267	12.3180928405184
"1228"	3.69405698806467	1.85221281535821	-2.33303557202018	-1.76692840903943	-1.90373156428537	-0.439471103958115	-8.88170103978286	-13.9067422706849	0.165754610647989	-1.19219427506638	-7.71872053175734	-6.18405367174896	9.43527600482077	5.19738082836258	11.6212354119264	15.3721825217035
"1229"	2.40911780886205	2.18535763057174	0.72807759456972	-1.76954620176809	-1.30463855300724	-2.25577546377837	-13.3561090185555	-11.5675576758429	1.0830211986702	-0.534337290498949	-6.73079150361231	-7.67062156213133	5.67093031922969	5.91727894711389	15.2091175502405	13.4240170564161
"1230"	3.68758354714645	0.756823549284379	-0.0569798815765362	-1.90751362727684	-0.197235670874283	-1.6832278498773	-12.1956474829594	-12.1826734460672	1.45304764204013	-1.44047311882271	-5.99519413749063	-6.27834956358232	5.9151842188024	4.95374842772513	11.9012534569453	13.1770638641618
"1231"	3.46575017126375	1.50590488095332	-0.584907803834219	-3.11863157755196	-1.24469183165777	-2.15712661521863	-10.1512071423564	-10.5382211475127	1.03532805551549	-0.440291452955204	-6.80787536262761	-6.93279476158961	9.00108338223589	5.27014502726664	12.2917093198319	12.4376222871714
"1232"	1.26820464110755	1.75282591395063	-2.63743408390264	-1.72723966470789	0.148852016238515	-2.58387121594354	-9.76232056311466	-13.9011001558737	0.0859329739414646	-1.11969825951361	-6.7979862698543	-5.40548389530171	4.88345908551436	4.48420189491305	13.6297574672978	12.8309794766801
"1233"	0.250371465376103	2.00807489806852	0.498141249437883	-0.339730952154276	0.140393875122824	-1.99774623099111	-8.87497047170033	-11.9350694653217	-1.87148102092603	1.44435595740274	-8.2035070985743	-7.00575009554794	8.20480732164559	3.57436281468456	14.6239812822186	11.2099747707755
"1234"	3.48396882062719	2.96935280382437	0.66836839043944	-2.92140257999521	1.22135608051057	0.975837550505969	-12.1209369315021	-8.95033364272679	-1.5516776332623	-0.435229040698001	-6.56101081538521	-6.03903235795243	5.64252494170276	8.04221768001399	11.8089697741522	11.8597406651363
"1235"	3.37813349552731	2.70709184921869	0.300249585247835	-1.35948166140424	0.811983568195346	-0.84157690662023	-12.0471498839169	-11.204537887152	-0.0623594447833116	-1.01052367173814	-7.22348357143987	-5.06706608511088	9.73433242978966	5.51805977431168	15.563503613942	15.3511437957242
"1236"	2.5339619716772	-1.08508630447986	-0.560939022438587	-0.844848093008626	-2.74694696412411	-3.90765024845537	-12.3192713735002	-11.5041029539757	-1.23430859554889	-0.275298995795796	-7.46682073640251	-7.11628180949871	9.31579562936109	7.53664667201314	14.3962328707047	11.7571471181063
"1237"	3.46575017126375	2.17253925004748	-1.34152581698375	-1.11804153890701	-0.842822107931809	-3.34684304351664	-13.373002618918	-12.7739257743093	0.609237949688437	-0.637461565198244	-8.12647218819651	-4.48474260781794	3.73024676751262	4.50432994273646	13.4722766493779	10.3488001711191
"1238"	1.26820464110755	2.88937305153777	-2.62360424595939	-0.940093356439032	-1.38169421351998	-2.66794539486359	-10.5147442109549	-10.0440924388023	-0.69211809028903	-1.24804265632798	-6.49442243596122	-6.27710010261345	2.78117455774244	5.24002051816292	10.6798806596934	13.7850283461268
"1239"	3.48396882062719	2.29242192426631	0.498141249437897	-0.653435010936265	-2.62029941755243	-1.05683940843671	-12.1554101949076	-11.913333527491	-0.0509861844731337	-0.424361803739624	-7.08974007326138	-3.52709659004513	9.02664817650684	5.91108520668818	11.9960804538275	11.5270470342729
"1240"	1.26297336956094	1.85164422080714	0.101739253657425	-2.23565955725028	-2.99251108680771	-3.00167486235618	-11.3232479373409	-10.102820505575	-1.53049202965284	-1.12138762234718	-7.43344570029526	-5.46195748823593	3.78619349069542	5.48170552246332	13.7498646853018	13.2023774171294
"1241"	3.46575017126375	2.06468451224782	-2.92721141486344	0.100347214099578	0.349098996900724	-1.4311381809412	-10.3547428726781	-12.95457575004	-3.05995308265294	-1.08329838678907	-6.96890087143164	-3.69107527863447	4.04857830817233	5.44862265805858	15.693945618562	12.8112114002873
"1242"	3.23217767446545	3.94610670187462	-1.12045377524448	-1.6590354950258	-2.06913472439944	1.1850580865666	-12.3971201194142	-13.5484956508747	-1.4764354940948	-1.15744352186507	-7.36379205670088	-4.25415697664554	9.58260886608965	4.43895320908614	16.0729849922944	13.7565193455914
"1243"	2.68444242761198	3.18255416479206	0.164054702382774	-1.65170317422461	-2.14459942458989	-2.60490307198507	-10.1519032883281	-9.37212960361221	0.893618538949927	-0.935223196631459	-7.76041521692966	-5.68468340030709	6.15692255400832	3.6010924712936	14.318317071268	10.2733882245856
"1244"	2.5339619716772	1.31738669645374	-1.56730806538674	-2.07452370519761	-0.831840344727567	-3.12354906995401	-14.3292592579948	-11.6516672319198	-1.00009052926187	-2.17442427808216	-6.72969257421293	-3.7992841726268	9.61729710476526	4.1661902677356	12.7759804711218	13.3499658151492
"1245"	1.42750795655349	0.520502055461671	-2.30349275362843	-1.76439180436851	-0.0657138717266294	-1.17655634169945	-9.23996616915272	-13.1456931036859	-0.95655150489534	0.682799480760548	-5.52294211759056	-6.04254527888238	4.5888133018829	5.78193787339808	16.3423694521141	12.9783272725409
"1246"	2.02179115789832	2.10429457890741	-1.73192608059199	-1.75402048181823	-0.346125439852607	-0.525995252089339	-12.6174906010532	-13.0748987476701	-0.327098648076683	-0.0287192954992798	-7.17793560964452	-5.60102409624656	4.74715018936414	6.04485402873899	15.6746042870978	11.3787312722318
"1247"	3.07691234035889	1.24358485001354	-0.0568344017524501	-3.11599158197035	-1.4396310984169	-3.68705723541645	-8.04922623434522	-11.560915401045	1.95263036460053	-0.0628137209633559	-8.13174257186068	-5.95825460572461	5.16838495857234	8.21229222572324	11.9121020250375	13.3213728556547
"1248"	1.28134568107049	2.43634344606537	-1.52871250894329	-1.32555533021703	0.478805838588478	-2.61640690722806	-8.74837463686606	-10.2128766721249	-1.48471286424219	-1.4938359217226	-8.17791873482036	-4.66387461029706	8.30711208443883	7.07735100752473	12.8071034429381	12.7732876246434
"1249"	0.411683385223008	2.01597281903555	-1.6092422118548	-2.19592872900189	-2.03754692541336	-1.52878898749531	-9.89858798792803	-11.9264706107039	-0.596435354691648	-1.21779187196343	-8.17989601327431	-6.03275510453558	8.86280366840191	5.97994304957947	11.5315828322126	12.8817553342874
"1250"	3.53390148968105	1.62164867906335	-1.67709033293849	-2.06171709993374	0.164822943573437	-2.10115739597878	-9.59214169116637	-11.9338774397828	1.25660421945772	-0.0887831358470299	-7.32990552938187	-7.4879006687736	5.32448719525375	6.64726269855056	11.6372932177269	11.0030209584698
"1251"	1.53123624372172	1.77731095894515	-3.06133734176275	-2.8581060231382	-3.47650600813738	-2.1154097439839	-13.4582446610846	-11.3889318790847	-0.487126146855429	-0.817024151446981	-6.97939336703177	-6.34540371870872	3.86417255402302	7.30909722416024	13.0442317674156	11.1685355777376
"1252"	1.26820464110755	2.56022528593354	-1.23551449114214	-2.04301255268154	-1.54064109396234	-1.54946868347787	-9.5899123856282	-7.56493330961676	-2.39671578196038	-1.23823264274433	-5.80419790398574	-5.18611547341247	5.7686965877392	6.95855582050196	12.8738571297187	15.0091694679626
"1253"	1.26820464110755	2.50002318026489	-1.00655974879324	0.134697311956825	-2.84626308780505	-1.34295007613896	-10.3687807323533	-9.46289418543359	-1.06240787229501	-0.458356576961131	-7.63075987523701	-6.28210625637251	9.41679266509679	6.28617699573834	11.900555614613	10.4697370224169
"1254"	3.23217767446545	1.92063403075014	-0.381556511389213	-2.19893484900171	-2.12552352909718	-2.28117661425597	-11.9948421027581	-9.73274722614685	-2.88993715081249	0.382534323268419	-7.31565667663664	-6.6469436309347	6.05304587168608	5.50537564399624	14.7793816412337	12.1454582252855
"1255"	2.96188451772182	-0.44233752480078	-0.986559152930051	-2.73607970658346	0.378702631184822	-3.3687274407284	-10.1799977987438	-10.9426605982084	-0.0755879677426972	0.340237664009761	-8.21341462081825	-5.13915277788419	4.31215343967063	6.74904374488526	14.1730356101577	14.6908584739098
"1256"	1.82943246529668	1.85328124127437	0.732391209613195	-1.81379809329966	-1.28443062877353	-1.71418472066525	-12.7047901785223	-12.9281301229026	-1.00684154126199	0.977570860642643	-8.54227240951853	-6.34827972361035	5.77692614435837	6.67706507872416	12.0944674737185	12.0940499262891
"1257"	1.05932551991246	-0.270304889478267	-2.60304786168285	-1.17770671573699	-0.509634417560784	-2.38109698209015	-13.5541532608164	-10.6805127600501	1.12320805100486	-0.311164972501392	-7.47721783504571	-6.27981421762836	3.31736070480256	6.64358778925144	14.4894754881667	12.7140175835649
"1258"	3.48396882062719	1.38714163298875	-1.47608237742339	-1.33586504123369	-1.79820176108307	-2.03679125369322	-11.2786589610831	-9.44129403631165	0.958866709238663	0.456952709856138	-8.41496471289485	-7.68906526724522	8.57505092349268	8.15527090690467	11.5038126471567	11.4631675912192
"1259"	1.58915648360365	1.92522810743302	0.722603499403025	-0.0853758265662854	-2.66996274969615	-1.01041296822422	-13.8438277598206	-13.5492207935935	-0.186024819649991	-1.98022854469426	-5.73902791380652	-4.45868658131014	5.13313433025794	5.17595816712044	14.4411028197674	12.2454527182617
"1260"	3.04759832715263	1.64115235669921	-1.08364781621606	-3.13362834807012	-1.84201730578678	-2.47642033613731	-11.2406068794158	-10.3966685944282	-3.63581849482026	-0.920696314254862	-7.51927637756807	-5.69984783792682	6.03097235463827	5.45187622992102	11.1505804882364	11.0754883817879
"1261"	3.62255623252432	2.1260757718446	-1.15623343388447	-1.44860643679772	-1.84726257631887	-2.15476280536666	-11.8191726938966	-11.5087195659454	-2.73647428320173	-0.161061725177214	-7.83531727780008	-5.75992346599558	8.67079185466173	5.76792151475618	13.1389889128929	11.967061659896
"1262"	3.20373123886641	1.18120872770549	0.158028348412198	-1.25609163791304	-2.18485743188468	-0.89850437428888	-10.5697503120021	-9.60782051804562	-2.05022693445895	0.493370168570628	-6.84314999887394	-5.00968708230769	9.95188606552758	5.39945488883677	11.2249231800925	11.8682278526598
"1263"	1.26820464110755	1.53769714830719	-0.447310762738851	-1.16506540808534	-1.31336348866294	-2.31253296657441	-8.91688759015665	-10.4774875554846	-1.1129248435424	-0.727132328066845	-7.01483001842562	-3.71192875769354	6.35444050192575	4.37138675703246	10.0499291165036	15.7896389679617
"1264"	2.5339619716772	2.80139670423997	-0.447310762738851	-2.12789059229675	-1.52491375907534	-1.24240939227821	-12.5557653706802	-12.777862565121	-0.951401661975986	0.187902639678278	-6.87396899831816	-5.34765803208812	5.44914376332724	6.30542424738758	11.7285403859891	11.698559671443
"1265"	3.68758354714645	1.08495765565504	0.142844610079111	-2.20166254300497	-0.0936704811427747	-3.12500311662712	-9.7449536834019	-11.8714673792055	-1.59838359730237	-2.37221919215615	-8.90767898197138	-4.86201211567827	9.24531230054211	4.60943273479342	10.9713544549964	9.98178940010517
"1266"	2.5339619716772	1.06966316085257	-1.67709033293851	-2.47651078386803	-2.42746805270258	-0.660957410421157	-10.8443452928308	-8.88672104893277	-0.549503054356835	-0.544006865306525	-8.3951537748978	-6.40799495746036	9.45082934646628	4.24022202326567	11.7273940132447	12.5653265334858
"1267"	2.9320178209243	4.82139552473382	0.66836839043944	-4.0653592923636	0.64138892137035	-2.23469736189562	-11.2611419817243	-10.8497167389161	-1.55260702792125	-0.629136971158162	-7.07840500143541	-6.74292307118323	8.51307334020126	4.85824092122388	16.0940436859986	15.0565607278871
"1268"	0.514503925380362	1.82966747824125	-1.81550286669673	-0.272436995866269	-2.25334172678798	-0.969847885389333	-9.77794408461387	-9.79307075990449	-1.97674433672982	0.0373574437547538	-6.87184361062413	-5.10189696581801	4.24094520000051	5.36356594466274	11.3810099401638	12.9431190391236
"1269"	1.53123624372172	0.133128479273178	0.506264055720336	-1.41395490372664	-1.05765972148319	-2.96088672536527	-9.19177483661812	-9.12107938127447	-2.31756240189792	-2.54972735098359	-7.42130273290039	-4.37394245608426	4.47456022210758	4.56392725488379	14.7151019867557	13.0333475317554
"1270"	3.46575017126375	2.85536107925014	-0.979335058340991	-0.274286964954133	-0.636822750007352	-1.35282071091095	-11.3590246437699	-9.17893300588291	-0.511232859363941	1.31284383724661	-6.3174569959994	-4.76086966543079	2.84031285174067	6.55755846158517	15.0980255028749	12.3187270516928
"1271"	1.22721089176565	2.61112821618926	-1.3955057774359	-1.59603513309392	-1.35777000426169	-1.25590830680074	-9.94456154183485	-13.5672095120719	-0.0820030358891126	0.133388749186454	-7.12826794564173	-4.92162594936539	5.55360215791995	4.96739344398947	10.659275302033	14.2628637096155
"1272"	2.88267764084082	2.0219715903581	0.305011719762259	-3.78106326526271	-2.77691918284399	-1.36206571560815	-9.91796946348634	-10.1773013468136	-2.56472084238021	-1.82368823937988	-6.47577027936874	-6.1825070903467	9.0653185674929	4.02527057803076	16.6684456874073	11.2083429878256
"1273"	3.46575017126375	1.48491286107557	0.07634706660272	-1.25466614177633	-0.384255632513091	-0.653583557702325	-11.5236851602605	-10.9381096012398	-2.74734654789688	-1.15711554837108	-3.89682730351157	-5.33964790614214	5.49126503199185	5.34129068765913	14.4364326805955	10.660660891708
"1274"	0.526472102246683	2.38554783350316	-0.997435242907556	-1.76584486682851	-0.570944182272184	-1.08308213921458	-11.5549445045761	-11.6850233191252	-0.908873445966546	0.496296700839172	-6.91275916225683	-5.77127210987385	4.7879973633193	4.40303093246297	12.7631463778273	10.4753978832562
"1275"	3.53390148968105	1.44887254856145	0.72807759456972	-1.58279025925634	-2.66658161346914	0.346400373598091	-12.1235217796719	-9.60393690354628	-1.15310471915051	-0.295000159699853	-7.24174877138069	-6.29728287107077	4.85312714464573	5.09145480284405	13.0926028927435	16.3941769283348
"1276"	3.62255623252432	2.26769885366723	-0.359522057479143	-3.57487587941369	-1.77569484516451	-2.75504942852496	-10.9016839033209	-10.4272537943505	-1.25791224533692	0.49684398916791	-7.4226910963281	-4.91244493199794	8.90657332813405	2.89634017215764	14.7200301295448	15.6180266183771
"1277"	2.93619282165895	3.79468008835701	0.300249585247835	-1.20036294365929	-2.13593276397457	-1.29970599570833	-12.7455998070962	-12.7564407242655	-0.174359423224793	-0.682207303969052	-8.71560547805605	-6.70958292798836	8.6847648005544	7.0419878107258	11.5675577151353	11.0972171343101
"1278"	3.37813349552731	3.77492322838811	-1.18599414508524	-1.80996865858291	0.163630919456302	-2.2128073301351	-7.88128085942363	-12.2225068395866	-1.00991604002576	-2.56482693156506	-7.99128508315499	-4.92751343531031	9.07101914355306	6.68390666245625	10.1829061465605	12.2028747960944
"1279"	1.71468434781152	2.90478834570562	-0.0768288341439723	-0.406889087987787	-2.09722457242371	-2.21911307203855	-9.09348169519819	-10.6272771907323	0.917036658174903	-1.15723284556267	-6.45099952111448	-4.79376147317177	10.7411770594335	7.346947058593	13.1592424513058	14.8030994892507
"1280"	2.58918156876353	0.962646996309286	0.732391209613195	-0.414999522727681	0.16914372804326	-2.67056897121316	-12.4453005058026	-10.1328049677384	-0.934544604442372	-1.95148133154273	-6.45413416754906	-3.20297569823	3.32937086261775	3.11751771932694	12.3146765448812	12.0770336717071
"1281"	3.72552284306842	2.95191985585376	0.204074561445564	-2.35984953154262	-0.788841379087196	0.438657268558223	-9.38673358217785	-9.15586985774443	-0.357755668351132	0.488703187356148	-5.73913382829357	-4.42756829363208	9.6528663662804	5.34746836168815	12.3127569105655	13.3752991769989
"1282"	1.26820464110755	2.41073437652043	-2.74009949528978	-1.96081570571755	-0.652734689332032	-3.65435922281979	-12.9693535943998	-13.5754397872066	-2.53924045335124	-0.31746832423364	-6.93261936987349	-6.92691170376441	3.69517238716287	8.56425517235776	16.343029844482	10.5701035665181
"1283"	2.93619282165895	2.22818578988491	0.67640252574855	-1.03590076494558	-1.12756013989361	-1.10092778860083	-10.2753087793706	-13.1413053030222	-1.65998062556713	0.158271784853724	-7.83110799398522	-6.87549247271813	9.80351116969926	4.68408521363131	15.9729463266804	13.5752965901327
"1284"	3.25883174695873	2.47647655966117	-0.880708737319717	-0.679374396441881	-1.17141314214445	-2.41282370216481	-9.63043970749762	-9.52536772708072	-0.0658070243667225	-1.33134220934292	-6.3002583516643	-4.8541020982962	3.46315373626059	4.45907355311673	8.93779767232622	10.4480638001662
"1285"	3.72552284306841	2.71678706990237	-2.79342349232089	-1.15036912861513	0.402030862214256	-3.81192032332913	-10.5240807799109	-11.8882715915965	-0.115077898630913	-1.12826988457919	-7.91294507690584	-4.54375755723348	4.77264825296454	7.13660248729233	13.5446411583562	10.2223333988182
"1286"	3.62255623252432	2.40241801710422	0.732391209613182	-1.35448072173035	-2.94395988255111	-1.07530994256582	-10.3859492592305	-13.0191087632752	1.08786928251618	-2.00347045165747	-7.67648267497754	-5.71413781358168	4.76278960951755	6.30422714241205	11.853291864941	11.5108230693974
"1287"	2.5339619716772	3.140246908544	-0.936739662365445	-0.584505980792351	0.762004955570967	-2.4138522863415	-13.0464693169873	-10.0983608993803	-1.73854820018737	-0.81363306435527	-7.65622308795778	-3.95283271308735	4.79129649619637	6.71514640814939	14.2215711479637	14.613856925678
"1288"	3.21184797941574	-0.181427337831235	0.406598605495798	-0.748521087814357	-0.539121568610557	-1.87555804676376	-8.20130289334159	-10.6693201271074	1.03255147049699	-1.55673174856574	-7.48256754000637	-4.51161298089327	8.97598263500906	6.58645921220826	11.1890531580386	14.1310953132286
"1289"	2.93619282165895	-0.242126742415392	0.498141249437883	-2.0042512064961	-0.45846913717937	-1.73036893718497	-9.70385311614101	-14.2160933166133	1.71865214081011	-0.000784012478309155	-5.91768044102604	-6.68002851889206	7.49707540850802	5.32776770463612	11.3434854245259	10.9964381170428
"1290"	3.04759832715263	2.2770193332763	-0.986559152930051	-1.54861167170131	0.131906863592821	-1.08938954183695	-8.60716291696802	-14.6995908508805	-0.775536041056379	-0.442874876942519	-8.23935036320119	-5.7985380414944	7.47783139438011	4.3321953079874	15.092997485902	12.4037268299085
"1291"	1.78236386472476	1.72264613040407	-2.27926740236996	-1.18074337548728	-0.135367530204765	-1.62455797469946	-10.4207593844696	-9.56140435672856	-1.12205121846765	-1.15617051600972	-6.72829547008079	-4.9130456147993	5.07744769501515	7.2455619839491	14.3797817125117	14.3644506495895
"1292"	3.68758354714645	2.40779674166678	-1.50652262991051	-0.804009947444088	-2.99752872897577	-2.11634772604144	-13.5765875188193	-13.8489486922239	0.820819519567785	0.104140285322849	-6.5570908086397	-4.79939009780972	6.65171083742978	3.29635328246821	12.4732509199065	13.6708641951985
"1293"	0.238374151078248	0.509891877899575	-0.093896197566862	-1.43554382232097	-2.156317266813	-0.903465033616225	-9.46894483531133	-10.3900972120719	-1.70840978887821	-2.39275203118159	-6.35556300859988	-3.22078384373844	4.60731172088097	7.23949690921788	13.7048241335563	15.0970389413854
"1294"	1.69064373982094	2.27937123312452	-0.28070772575768	-0.811165459899474	-0.488693972697431	-2.17415845766301	-11.2262937034815	-12.2876864851363	-2.59591232395911	-0.382154790315974	-7.17355461139154	-5.97160488520816	9.43583020312416	3.8302296900987	11.0392374215613	10.2961545051474
"1295"	3.53390148968105	3.02341517487054	-0.28070772575768	-1.25300721323914	-1.16290520725354	-2.24545823245917	-12.5872978230216	-10.870284373882	-0.03175200599189	-0.747478910127692	-8.05127008711967	-4.60303491307168	5.23496250460165	5.81195367946814	15.7968433406523	13.6999380613346
"1296"	1.28134568107049	2.56819629908543	0.66836839043944	-1.33499205045016	-1.64074934758961	-1.65142453935395	-10.0066084214985	-13.4725246672718	-0.0199016537621759	-0.482694640091509	-7.15540664136026	-6.64840305715954	3.6679497291737	3.94308155046149	13.543144335996	13.0492092500989
"1297"	3.62255623252432	2.48095507749767	0.67640252574855	0.0280789562983454	-2.67331933785592	-1.53895388702945	-8.08066462104495	-10.1397419054856	0.153056211365988	-0.254759595785056	-5.86127455611492	-3.43278886986885	2.77835044277133	5.07593496847828	16.1095984730458	13.4112241054074
"1298"	3.68758354714644	2.63467856145355	-2.03887120979246	-2.57278296340014	-3.47155275704572	-1.98100431600103	-9.0482476589552	-10.7337215430658	-2.2885320885872	-1.42607463950355	-6.58938273557079	-5.08959569255706	3.78295354697441	4.51626399936429	16.249059098249	11.0064068383708
"1299"	3.48396882062718	3.01246004515288	-3.42825276273697	-1.48656054353724	-3.19875249754897	-2.65722010508687	-12.8016914797996	-13.491142951211	-1.51807555308974	-0.808531593440804	-7.76057023655945	-6.99099257731216	5.59521099631911	6.30473534224799	14.1899855980465	11.5731010483608
"1300"	3.46575017126375	0.165038298522577	-1.39581338697241	-0.207030433310337	-3.5642877725397	-3.68604924066058	-9.13380004024017	-11.5342656842083	-0.522802974450265	2.57465816726556	-8.07233657754391	-6.66419560062655	6.96935622471747	6.54437596058894	13.7220407160031	12.2880332898755
"1301"	3.07448193652606	1.87711081513086	-1.44774779257374	-1.36060971028273	0.252486541099078	-1.75151485225748	-8.94914032606087	-8.25635824328317	-1.47000227189732	-0.822205662429167	-8.92036223208375	-3.59713704520396	6.81848344788127	4.97377539307928	11.0968715340584	12.8874780858036
"1302"	3.15769947318908	2.21220484606873	0.348700886319971	-0.842282042202412	0.334257076293744	-2.50501620902623	-14.670643843132	-9.72843639236307	1.01831382263372	-2.29503206859671	-8.02186249352947	-4.56526835160394	4.48588344026995	5.1460004345435	8.96354212724875	10.8038604350596
"1303"	3.48396882062719	1.04948674600955	-2.29514540121302	-0.310506904682958	-0.633250767763692	-3.66325450120369	-14.3656645951981	-12.4993556189462	-0.146608249196748	-1.84668332017576	-6.26468516183098	-6.14448478694492	9.56403283944548	4.92466293154033	15.1044921158983	13.6201819406951
"1304"	2.9320178209243	1.56935263936348	-2.0523658985673	-1.1569339533337	0.70413442613829	-1.78312276800419	-10.9824115863857	-10.7754156912017	-0.104645097445553	0.58023523741448	-7.93633199265694	-5.53218584481324	3.51840898651692	5.80637625027011	14.9101001892899	11.7443620532856
"1305"	2.5339619716772	2.97030461153343	0.66836839043944	-1.93521035311446	-1.6583777200145	-0.698439195284297	-8.61182701806112	-12.3069114550634	0.404516234045552	-0.907477251538152	-7.46364284439942	-4.1919892379999	8.77404031755455	3.6715072755925	13.0464875819659	10.7986625619811
"1306"	2.93619282165895	2.30226249525702	0.319828148776551	-1.69957169957486	-1.48308179836895	-1.07315027345669	-9.57581643019927	-9.19617312193433	-2.82222781101143	-0.924352260239713	-7.24389549160552	-4.50287473528546	3.49290094086586	5.79947411664769	12.6227669672267	11.4644508548463
"1307"	3.23217767446545	1.02206574661394	-2.53832935949728	-0.29174964838711	-1.69339900433828	-1.35344749255806	-11.2926101532074	-14.1171284667281	-0.660309939148693	0.372997770459607	-8.7576295188267	-4.71937823536788	3.30754087591118	7.87036002915143	14.758700111735	14.3366170661977
"1308"	3.70761124860684	2.11810147817754	-2.94728537549513	-0.345453045845144	-1.02888857555863	-2.21543294446737	-12.9221983609711	-11.8823283695565	-2.23672882409054	0.0706678791891271	-7.67073137875359	-4.12144223707672	8.60659610843477	7.2039397891641	13.7997594684875	14.3394425643073
"1309"	1.71468434781152	2.30006833001924	-0.0568344017524539	-4.07895163070885	-2.09105971861418	-2.53659401653735	-12.4004027328803	-10.7336568230159	-2.48244241682116	1.18573777109028	-6.51669397028541	-5.6246050701599	8.2396334955953	7.08163866752977	16.3063519682981	11.4823627326968
"1310"	1.26820464110755	1.01513747264758	-0.0255610888310292	-1.1067933070211	0.704134426138294	-2.46536248346362	-14.1346707410164	-14.6437141088078	-0.543690760880782	-0.823995378857973	-6.80383392778536	-3.70829550918427	8.71597406130325	7.14658379018662	13.4113202601397	11.8652199598881
"1311"	3.68758354714644	1.12950170945103	-2.04712535006415	-2.91976077740162	-2.99629442053185	-0.840602821000672	-14.8194547728699	-11.4216111954946	-1.82135527338063	-0.0937705779705223	-5.54059099486176	-4.9053461325111	4.07390480310165	6.24871066306097	9.84802721770935	13.6502901310672
"1312"	3.48396882062719	2.15928063848383	0.10162685872342	-1.38042495021161	0.350656802098687	-1.61832739213051	-12.2381109513754	-9.15087477597853	-1.0757574454339	0.109055934658422	-6.54065240240144	-5.29078125252049	8.93987101667431	6.6375508834908	13.3809715951598	12.3311925409698
"1313"	0.85985332126607	1.45504236481261	-1.51651247376276	-2.23071415720082	-1.6836967817613	-2.43546023881206	-10.1681200161633	-12.828118460871	-0.739143709438118	0.809762464260141	-7.08349331023912	-3.50878021509057	8.65830103898396	4.81399661684443	15.2267904817317	13.0472942928111
"1314"	3.64019661367844	3.72635579367244	-1.04382692031473	-1.32687547077955	-3.5642877725397	-1.16875096176735	-9.75829942210949	-12.0226587021861	-1.18829089441998	-1.03229723004819	-8.07225695300673	-5.26431702181608	5.69506602654461	5.13292982357078	13.0251563100522	13.5937191560651
"1315"	1.0064040506509	1.7529971466329	0.348700886319982	-3.07010960516791	-2.42187047617319	-1.40041792536787	-13.2092301560889	-9.36315279419592	0.750850210219209	-0.462334391468361	-4.84842101978667	-3.76695228581911	5.8361060360492	5.6762379642711	13.2297285361755	11.9308082341242
"1316"	2.81376536857882	2.8149671480987	-1.1218047774174	-2.18145169479856	-2.90482559202602	-1.74333293952341	-12.4442524454686	-10.6165218788858	-1.86958262655082	-0.077151407425054	-7.60870393004599	-4.99673967892323	10.0474946339566	6.30774976133802	12.4746724643139	10.4561305409043
"1317"	0.480479020479992	3.22357224363212	0.0231260895126383	1.1439303663973	-1.30362913579257	-0.00962134077421295	-10.2248652756604	-10.1913788623954	1.7119834101405	-1.03311102153423	-5.06972837555994	-3.46825054001742	5.62974904691278	5.9109393118094	12.9953887559185	9.71341299599791
"1318"	0.0303391026411944	2.69362574400702	-0.700266037962385	-2.10256515360764	0.464594953498734	-2.45729659559996	-9.94466420986054	-12.3400478292562	-1.29710374659822	-1.07209801764421	-4.50009084563162	-6.58453367061597	3.38668531954793	4.48307938822422	13.617710969513	15.5671543980688
"1319"	3.53390148968105	1.78647269225187	0.262595715138494	-1.34483517418198	-2.84085577709018	-0.889970910955875	-9.65394001738513	-12.2703494204157	-1.10109774707689	-3.21194605141418	-7.83460334167591	-7.15613314564316	6.22246767614292	4.41294987994624	13.1911722837254	11.2533261074541
"1320"	1.26820464110755	2.17788793223792	0.300249585247835	-1.71416965097403	-2.99629442053187	-0.393169126815976	-12.5665001319371	-9.85757303888691	1.10987775864462	-0.0199099373223062	-6.116219909369	-6.45678627102813	8.40354768260443	5.35232520227217	12.5554674474281	12.1653944252202
"1321"	1.53123624372172	1.56874965360469	-1.81621680447241	-3.06898363634759	0.1636309194563	-3.76240109673577	-8.26778294382799	-13.0435559984103	1.10430392917208	-0.269253449822616	-7.41049283710136	-4.91164416727499	5.86914722883887	5.23088984479004	10.5487768195438	12.6548899850201
"1322"	1.53123624372172	1.98777023895988	0.541756234329603	-2.69972315475181	1.22135608051056	-0.0779843770324167	-11.4188695682233	-10.9722644108282	-1.17408615926371	-1.46056216162662	-6.80830089456718	-4.2000015696205	7.15169749907022	5.00671212365937	10.2485075468693	13.0945373515511
"1323"	1.65958833433676	2.93774717496388	0.541756234329603	-2.25378344198303	1.09137585729219	-3.01734114051069	-8.01381332527694	-9.72821826597892	-2.22526546970142	-1.29749346814844	-7.37380052205473	-4.47528698865294	9.82184397278753	7.28512145867269	9.92319898398207	13.1972503199572
"1324"	2.51739454275518	0.589513818198075	-1.79325227947009	-0.07249410423915	-2.41685845197292	-1.91848443539192	-14.7099159228514	-12.4471666746897	-2.19462455356383	-0.373469739107656	-7.50015411681027	-4.19691014259412	9.84223375973473	5.56460206609174	11.4624702607745	13.0188523970329
"1325"	2.01096806682561	3.68200109777499	0.498141249437883	-1.32821459831539	-1.34547195046803	-3.21719018640308	-12.9076733387258	-10.3179244678229	-1.5687209423574	-0.342977028707669	-8.55831585413871	-5.77088301981749	9.1580590687184	6.87993468524575	11.6317030288545	12.9925172703267
"1326"	2.5339619716772	2.2663093300777	-1.59669591810062	0.168094061242857	-1.11170491331514	-0.296983132780616	-13.4127301170148	-10.758526344239	0.12412084703741	0.331932065157509	-6.61153258809959	-4.71889153863815	8.62284848632232	5.6977551587642	12.5157314804273	11.3685669278608
"1327"	3.14929980112655	1.98468803917045	0.24234226196681	-0.189675543578984	0.387610365466034	-2.28951907106971	-9.42525094401846	-8.49562439443277	-1.5655350856035	1.50038544939045	-5.81785336983493	-6.56607791214662	4.44264418742742	5.26080524974152	13.1496247024206	12.8585068048624
"1328"	0.826024117988908	2.79223476625765	-0.167463875262488	-2.81094584746363	-1.36999073689713	-0.868549382330105	-13.3470242304659	-12.2906231345523	-2.05570653221422	-0.434875587072007	-8.37326181315098	-5.52298107395296	4.38843386792947	5.24167344935784	10.9683566788564	13.7497147068043
"1329"	3.70761124860684	2.31245037688949	-0.856053913906664	-0.393177808950215	-1.43212335815984	-1.05831676314152	-12.0382307345308	-11.3671443682965	-2.58843584563722	-0.479128010945249	-7.04202806504934	-5.49561395768448	7.46747549699127	6.67622502444349	11.9015285467397	10.2632262856349
"1330"	3.15769947318908	2.37323538327274	0.270897506939083	-0.640192736992692	-4.28175384469044	-0.0297085697343551	-14.834392774725	-8.38244239741657	-1.35492984279962	-1.31453231770857	-8.12689952297145	-3.30157645918936	9.09247127783132	5.72444105640836	14.6166700769826	12.2553341925993
"1331"	3.70761124860684	0.914567366493051	-2.90822003853636	-0.792311463183888	-0.372824922581848	-2.48267029604464	-12.9160797937853	-10.1643267288498	1.67111543581165	-0.583723706288068	-6.01901477838449	-6.10789526671756	4.45800006549507	7.66174482811996	12.6622870307339	15.1329258311317
"1332"	3.69405698806467	2.27031886620937	-1.00816629952401	-0.308360713560486	1.02741394863664	-2.95302441100623	-12.6330013133299	-10.5461872015055	-0.433504231260903	0.618388872843127	-7.41535061814017	-7.74906227713089	8.37725240592525	6.55482576810854	12.4629770797748	11.2426118265832
"1333"	2.74669587304158	1.84684849890595	-0.0692276378204008	-1.00804382133784	-0.13481506423999	-1.00803076676533	-13.6327960945982	-11.0181104854666	-0.572222977412644	-1.09590139539534	-7.67402650755441	-5.52351722363872	8.95129436566528	4.95534139870533	10.5602349377397	14.0649882463758
"1334"	3.53390148968105	2.19060127861282	0.334356233162172	0.574745779210316	-1.96305790824946	-0.51130769792573	-12.255342914533	-10.5411963523422	-1.56615494864213	-1.63294698300364	-7.15759415887778	-4.71551142352747	9.77293390067784	5.85981568410175	10.1848870380916	13.4310498294476
"1335"	1.57125711289175	2.53214035057854	0.199020190298927	-2.84796498285853	-1.39976314761289	-2.13709483267992	-12.4478475634237	-8.83689458502565	0.826043323158076	-0.772469959090758	-6.09946348174593	-4.55927665936654	5.82202029566139	5.22508398149188	11.5118483079279	11.7635434431543
"1336"	1.69488342336227	1.75982552898332	0.194296738665313	-1.09691438179599	-2.5080415884685	-2.10233180927821	-11.304751116332	-10.5912540820587	-0.444640874024758	1.53350287509185	-7.51842516820226	-3.85201621836225	5.75891539369996	6.69476744893599	9.56504338687449	12.5016098687139
"1337"	2.96188451772182	2.46334569053754	-1.26040926909204	-1.08105722949457	-0.204611012971672	-1.89568326884058	-12.103206871626	-10.4011312131115	0.984310795467914	-0.221595330912249	-7.87466847377315	-4.90910405281171	6.0634155529708	5.88872722776381	14.1136614461359	10.419379375737
"1338"	1.26820464110755	2.45150534627168	-2.80797770015919	-2.20521397569541	-0.484981084928061	-2.48768390146696	-12.027591944432	-10.3623730852879	-1.21120216799656	-0.971855814498912	-7.5762467978685	-7.01797262539983	8.95942189294572	4.67922146058375	16.3944383347698	10.0181245171743
"1339"	2.5339619716772	1.26027843461562	-0.668321350847315	-1.93469879767003	-1.02888857555862	-2.41494635566869	-10.5069151780497	-13.847700115458	-3.16247160456328	-2.31227429766183	-8.00350113862364	-6.01541728377918	9.74283914088944	4.8393836432163	11.7061216455522	11.7898540487175
"1340"	1.60130719893691	1.27652010843996	-0.39814123079273	-0.665498648261701	-2.74770424304802	-1.91191328373862	-10.3266032366469	-10.2260173948126	-2.25034399291402	-1.83483670592153	-6.841205071839	-3.39122486925083	5.70179989901977	6.10264771447647	15.6534475117585	12.117078281551
"1341"	3.69405698806467	2.27809196732577	-0.638660209183885	-1.58913023913722	-1.05742924655765	-0.14015164486975	-11.4507637252547	-10.2780185957313	-1.61454516380891	-2.32561106925661	-7.80680837154674	-5.39736146161477	5.1790909051063	5.33961227610017	13.3121323142287	12.0479206024014
"1342"	1.42750795655349	4.20320231944045	-1.66720034930764	-2.5481799398029	-0.452734877293199	-0.935871466497676	-9.99852084682762	-11.8227071202502	0.124092768981797	-0.00639486160245284	-7.708217105109	-5.75295877992988	3.76057165180539	5.42923551072821	14.3766573669894	11.5168258146135
"1343"	1.42750795655348	2.13077732773186	-2.74954400339294	-1.60073547877553	-0.2151696144324	-0.607645462780581	-10.9420127339261	-11.501796349686	-1.37732143958951	-1.11612977966646	-6.48753451420423	-6.4483235942913	9.77078622637311	6.63526973712236	12.0160884076245	12.3094907774935
"1344"	3.35131703410987	1.60949254303853	-2.45154874268867	-1.06974507176564	-2.92336175869385	-3.39152016911303	-13.0103730944922	-13.8743890670142	2.14372535819533	-0.401344697999282	-7.51638624051049	-6.08032344938291	9.45426371077391	5.26636300984731	14.469345595031	14.6181038004551
"1345"	2.93619282165895	2.75386143365479	-2.64551406217036	-1.81986897261205	-0.49792399257786	-1.22500921074494	-11.4374100208748	-12.1409087632265	-1.67067884691175	-0.491216749678289	-7.3714297104806	-4.21520538605011	8.85592432334895	5.80293281456855	15.5514486354484	13.6102758641302
"1346"	1.22721089176565	2.85510900491854	-1.6092422118548	-1.58345868336124	0.580605392613103	-2.60755918010523	-9.1692757634277	-13.4973432480633	-2.13645761249121	-1.77071018080182	-7.75103065051268	-2.61828167594391	8.94921967506805	7.07016999651276	16.1210521974917	11.5502926347693
"1347"	0.951025693378168	2.34824027162518	-2.52569695852311	-0.818199786379489	-0.225839410037226	-2.42072678161272	-12.8317455420874	-9.65844572053288	-1.25607091372407	-1.52744613424893	-8.7443327290649	-6.51133879280759	8.59026662362711	6.15357835730724	9.9110153819764	12.3325313169829
"1348"	1.22721089176565	2.15993810622782	-0.986559152930051	0.057050278462827	-2.72177292351723	-2.80121671564118	-11.2632477074346	-11.3048815843731	-3.08485091615577	-1.99193628110646	-7.90567412960144	-5.55669738973714	8.46603854339001	5.19322802901668	13.6722707171135	14.2957715392855
"1349"	1.26820464110755	1.41836726507085	0.261537496627687	-0.554694293530085	-0.31159321429411	-1.53180624185115	-13.9629000718288	-10.6726690635966	-0.822697342217564	1.57329950497641	-7.09408789928364	-1.8598308311515	5.60091274129122	6.75103924960243	12.0258033464263	13.3775917812536
"1350"	1.26820464110755	0.784674855468407	-1.75559427597118	-0.654359270966004	-0.116832237978355	-2.98139307993901	-9.76167663008138	-12.2552778772577	-0.361567319475846	1.05361028696197	-7.36942505643268	-7.31829072310242	8.55700042042095	8.72293047816786	11.1816248194798	12.1496256422054
"1351"	2.74669587304158	0.449054882850992	-1.68851459375794	-3.28180076125881	-0.141109059817046	-3.40382001892363	-14.0208814468757	-13.4769613209577	-2.58046162414849	-1.91030021877453	-6.59180689540072	-4.7494062816158	8.99957437378437	6.69706539639446	11.6528388407684	16.637699818691
"1352"	0.85985332126607	2.18515188215205	0.195348475057578	-0.43190104954596	-1.52610060650335	0.603412642364653	-11.8298389521211	-12.4423748390116	-1.13529272650751	-0.759788631254211	-8.23675662155926	-5.05728687756425	9.62131387454057	4.3239494625829	15.6555441182321	17.6159789172614
"1353"	3.07691234035889	1.89215481760089	-0.757337544249289	-3.3695665956781	-1.80883961811161	-3.13151500933927	-13.9569163174287	-10.5539066408556	-1.4645402092959	0.162956838752301	-6.87775180951059	-4.96090744062582	6.46789435373826	7.48374993292587	11.0090520054064	9.79582930322068
"1354"	1.26820464110755	2.70017109810418	-0.39814123079273	-1.4652670738306	-1.96391930709473	-0.670820568598716	-13.4155981253187	-8.8521106491826	-1.9517760108816	-0.783234074299254	-7.50298815928427	-5.30664585725644	8.56125912954834	6.59135129731003	13.514201261531	11.5135817510356
"1355"	3.62255623252432	2.96397190863998	-1.80037206518988	-2.06281148884024	-2.78218452618996	-2.78387739386329	-11.6385307289874	-13.3043874521736	-0.91624041225532	0.650757666328118	-7.14207872735767	-6.26017077717739	8.83316009067407	3.37375548675189	14.5160719266477	14.7385746899997
"1356"	1.49815544563014	1.56108110935428	0.72807759456972	-0.864200652861846	-2.59785244345918	-0.0825100784183185	-11.8016194606867	-10.2693603921312	1.25649268621063	-0.376494522798166	-6.88369049070413	-5.28853465990918	8.84082120928158	4.90558021156264	12.2982008932042	9.80505345756273
"1357"	2.93619282165895	1.27521169607399	-1.57973262374926	-2.67717331111023	1.09137585729219	-1.01096043251448	-9.27434776682721	-11.6943618671394	-1.73831595547657	-1.7260092379593	-8.73769695269713	-4.00033669706732	9.3259749402632	5.21262651880274	11.4685954078874	9.33210253879452
"1358"	3.68758354714645	2.18361064707579	-2.76743504098519	0.741996694131759	-0.0410983813962687	-1.89049946550597	-14.6623589005449	-12.60128698877	2.4223342394868	-2.37670032303841	-6.37756497874621	-4.91909860103171	4.98699634487166	6.6004364281517	12.3676153135062	11.9625319868808
"1359"	2.5339619716772	1.92611955408185	-2.77510369715379	-0.634943718114666	-1.83260961072556	0.447914988274964	-13.3194620552634	-10.7015236581122	-0.264140013541047	-2.68035874829659	-6.95835597937194	-5.57346595368983	9.64724756959004	5.56181817849259	10.9821212454664	14.290892252916
"1360"	1.42750795655348	0.72354461564568	0.269044661848121	-1.62024206981479	-2.8818363324572	-0.532211051245295	-11.8348259362663	-12.117609848559	-0.782157803792712	-2.47484862822727	-8.16386379251917	-5.90773371579648	8.60411017764808	5.81209130186462	12.6245290925763	12.1727493237955
"1361"	3.48396882062719	2.10501299572279	-1.97362923276403	-2.30308463428345	-2.43142390396824	-2.13795943514425	-11.5818474356675	-9.21233078207758	-1.19811169507286	-0.578043420172633	-8.01369353905483	-6.59799523430419	3.29458517184357	4.53977068678628	16.266848942513	13.7891952348062
"1362"	3.07448193652606	3.47008391410635	-1.67709033293849	-0.467746048466823	-0.902957261408195	-1.84293435344335	-9.72897539991914	-9.8057236438588	-1.94268024817847	-1.89581526355133	-6.56827894136673	-6.26456241393611	8.58256852669506	5.79126959853118	11.7362807183211	11.8772084402432
"1363"	3.68758354714645	2.78975687876167	0.732391209613206	-0.84504591289688	-0.978970616290113	-2.832056542954	-13.8984210332184	-11.7338427195101	-1.15648755041027	-0.92592747427821	-7.24824027022462	-4.75901552733037	7.85975649577653	4.37832640378653	9.4325068827108	10.253759508035
"1364"	2.5339619716772	3.16439361392477	0.237422152305741	-3.11759479026093	-2.34923148856185	-3.50853213770231	-11.4052355876158	-8.99349605161534	-0.232389431985177	-0.820947784207213	-6.81983014892992	-5.99733141427745	5.57601708475769	8.70680128492017	14.4106969544937	14.7774268847088
"1365"	2.5339619716772	1.5624021699619	-0.929356483181655	-0.546643360927374	1.0733462655637	-1.05240637419246	-12.756853454745	-14.1406910864693	-1.35038489470076	-1.23956956391943	-7.50161838107334	-6.11820370984205	4.05257061958736	6.33926691420248	16.8698451215244	12.9196093586908
"1366"	1.26820464110755	1.61604529908398	0.373791078214058	-2.39896492917111	0.534162372630947	-1.30768912869743	-11.4898359287526	-11.8428719065211	0.107286723275809	-0.577346211535899	-8.22161898762104	-5.48120348476436	3.13061604963842	4.96018754636432	15.1901306081906	11.484821781742
"1367"	2.9320178209243	1.41842503724165	-1.51391347590919	-1.69365242619545	-3.30987847423074	-2.92306706854987	-9.30950178451685	-12.757240912777	-1.71197017230636	-0.888475765059804	-6.58309590224192	-5.37443239582087	5.55626651342741	5.27201996729395	10.592388102701	11.1170115146792
"1368"	3.46575017126375	2.1297377447326	-2.28396112721478	-2.2015642098128	-1.54793951574977	-0.110040690529379	-12.0152149338384	-11.2323191080895	0.181852967994012	0.84696554964533	-6.46912464021678	-5.56612185066537	9.76722511618702	3.81931682697424	11.9094447501557	12.1167310645735
"1369"	1.42750795655348	3.33025224881674	-3.43776504314416	-0.568506418601475	-2.70621426486016	-0.607751171325647	-12.1440944146971	-10.0435057961569	-1.55629847100493	-0.928373093564157	-7.9161594787881	-6.13991591906275	4.44307642617943	6.43120741360695	12.9818293033834	12.8398309175578
"1370"	3.69405698806467	1.46989483941677	-1.65415096888301	0.106696623482787	-1.37568386324354	-1.29645687777328	-14.9786096099091	-9.26033509323131	1.17256723989589	-2.02755072578156	-7.07366788880362	-6.22850665546408	3.56384089128303	4.53092973122996	10.7115737316312	11.4120919841494
"1371"	1.82943246529668	1.04722825454312	0.270897506939088	0.170928938504297	-0.324387313233687	-1.43024858549763	-12.9889327825878	-9.92921801985243	-0.969147043303925	-0.0834676281667234	-6.45244094780036	-4.23198315453638	7.64120822643994	5.55503996385009	13.7743995863842	12.7048245335081
"1372"	3.23217767446545	3.68580577655059	0.389907595806731	-1.96711409844256	-0.843450225702154	-1.64084218585431	-11.4438037497044	-9.66872014537663	-1.33074894815755	-0.749160889070777	-8.06173123412651	-5.99454930175605	8.90303508752197	5.32300041584623	11.2152196255373	14.4384400889051
"1373"	2.02296381863932	0.702870075543307	-2.12627499139903	-1.7017436425568	-1.83798705691613	-1.87192216177378	-12.6067420162376	-12.3840701237545	0.333997978509807	-0.616985194752928	-6.52473480025462	-6.71442769989941	4.34872833783797	3.83061853967147	13.554749785861	14.678771620106
"1374"	3.07448193652606	2.32899715888719	-1.59669591810062	-1.10276057648568	0.660070199553645	-0.510006914349967	-14.6636218897354	-13.2218950115739	-0.563177451447371	-2.02314308005531	-6.77677019016535	-6.3271084047367	5.34871306565986	7.67781931773033	15.7396395810058	10.7355925375241
"1375"	1.26820464110755	2.31718608091341	-2.64273537432277	-0.635911926451658	-1.32509170571161	-1.89861179422303	-10.9935508727082	-9.87346651357401	-2.44797573718368	-1.14460563177938	-6.6909822004149	-4.71032299687753	4.35789741861365	4.35623885933104	12.2392147506599	15.638692887283
"1376"	3.0769123403589	0.402941489304787	-2.85257384619403	-1.39340647307364	-3.56428777253974	-2.07457784726259	-10.343630291279	-10.3794274673708	-0.093520219083448	-1.06632677925929	-7.10660016533773	-5.56488412694435	9.78546076512546	4.32131962443394	11.786446131097	15.4606788799398
"1377"	3.3781334955273	1.51751980730316	-1.33344239704817	-2.25498570810644	-1.3574936425373	-1.22330072555274	-9.87096646433548	-12.4485015822276	1.23625507200032	-0.327298542081171	-6.06164894166249	-4.92953386408	4.70237334040449	6.38753850605992	12.0869960860886	13.3246131702889
"1378"	1.53924058543611	2.25638710417924	-0.0587134449112372	0.2415096196444	0.077061273454751	-2.59775230280425	-12.3584660663446	-11.1996481007354	0.678460760338688	-0.89494505589126	-7.42291751589571	-6.60071193211445	6.43247689820256	4.54712320501993	15.7776825538687	12.3177228522257
"1379"	1.57125711289174	1.97185988635069	0.269044661848121	0.164954372479983	-0.100074635366819	-1.91413288019784	-13.4847800535175	-10.9053667844671	-0.616060989236289	0.533225574866072	-8.77563279584465	-6.71703005623852	8.75750777202343	6.98784782975763	14.7563209215931	10.731416015848
"1380"	0.76759731002727	2.15207083845026	0.541756234329616	-1.20060728418678	0.397027014055515	-1.59898327193185	-8.4818667883069	-10.7390809556951	1.48500377554979	-1.220407105022	-8.38974379048762	-6.23632341605505	7.32037628371808	4.61206960335922	14.0360761702474	12.9494374085864
"1381"	2.5339619716772	1.92433692849845	0.506264055720341	-1.40484565664549	0.375919998535803	-1.53620852812244	-9.92517187623722	-13.3067558696689	-1.97008911139109	-0.723652878933345	-7.7516447648212	-5.70281413846633	10.217261409997	5.03876098238926	12.0771653405215	12.8365225057812
"1382"	3.57582610810187	1.89257798035108	-1.29148645689306	-1.27836338087339	-1.13356021171165	-1.49958966140066	-10.3198882737796	-13.2380784573297	-0.326993905129933	-0.0132217865787578	-7.71644534283207	-6.31119720291418	6.72705731020663	7.77502875782003	13.2999082011115	11.2469558317777
"1383"	3.54750892234678	1.5423805813737	-1.56475591755827	-0.401295663224623	-2.65856841556986	-0.709488578853566	-9.80898488386328	-10.0511585711988	1.03238032761988	-0.627327038531313	-4.60903449301179	-5.96882229928955	9.25998678615387	3.8408817728998	14.0338191185048	11.8205498319137
"1384"	3.64019661367844	1.21374903914096	-0.978211033179205	-0.824403303287303	-3.15004437389116	-0.823637892489039	-13.7459617892588	-10.6327090790677	-1.47521082608459	-0.143721776539415	-7.19991502157344	-5.46429079345058	5.37165540030287	5.11947612755918	12.375290892891	10.9094011568983
"1385"	3.48396882062719	1.07886970892921	-0.329361351635531	-2.07868757772122	-1.55454897417585	-0.914211049173455	-12.5255788340632	-9.05092684751962	-0.760645715133711	-1.21128762865422	-7.58931994647517	-5.90131426994492	9.15401334635487	6.49226629883598	12.0142002618466	12.2023520482046
"1386"	1.69488342336227	0.534414225161596	0.199020190298929	-3.79256860755171	-1.96230936377151	-2.52526624817936	-13.1293652731453	-11.5157040610219	-2.2696255332885	-1.18303047980519	-7.46334334315936	-6.50657747684163	6.83424782859186	3.4496154530784	9.96854154313108	13.532890821294
"1387"	3.46575017126375	2.74349311625694	-1.54551558364753	-2.08363291290274	1.47832912770617	-1.19567800693654	-11.3657259773252	-9.28165606579113	-1.91878243177833	-0.707043743727028	-3.81763214718762	-5.33132786261186	6.60388181655158	6.1608022987299	12.2226174942721	13.9065490741652
"1388"	2.5339619716772	1.94498908782837	-2.41810972551528	-2.65083575597802	-1.78713420366135	-0.504939322634148	-14.8554544560233	-9.51486761288636	-1.38634505479786	-1.65382147693269	-7.30353221385209	-6.28057831872366	9.01335888905915	6.49388676631671	10.5201276701649	13.647735298231
"1389"	1.86400345628501	0.992710179530259	-1.6092422118548	-1.81053377489852	-1.48939252091106	-1.38988923123151	-10.741478075415	-12.5557657800614	-0.28345435265966	0.283864942697443	-7.22278180002769	-5.77923596318043	9.1816797982445	3.13021871696079	16.6709704150895	14.435135961155
"1390"	1.42750795655348	2.12151923550883	0.270897506939085	-1.22142853735123	-1.99196890496541	-2.14047109217466	-9.71908425870512	-10.255733180349	-1.15014289340552	-0.625228300351006	-7.13888780492409	-4.44994851253177	4.45126836073231	6.46559369616033	12.8494952850697	14.0369718625936
"1391"	1.57125711289175	3.9624903790186	-2.51891076060163	-2.58049368533088	-1.11340684477824	-1.9840277138958	-12.5679337477853	-13.9661384627011	-0.827839846576822	0.350351899403154	-5.51008362910957	-5.13257470402368	2.80375444067442	4.03394009241559	12.110149910188	11.655056994815
"1392"	3.21184797941574	2.41678392433412	-1.62375339844196	-1.24135625274174	0.295260839415929	-2.56290012598391	-14.0748449370071	-9.87125152373604	0.72313992682907	-0.108745463268819	-6.06741037923234	-5.58447223907928	4.99515031920133	6.88363804335428	14.2310468005208	15.4627161742782
"1393"	3.43133568163517	0.603494242280302	0.668368390439456	0.433098896869583	-2.20752334222518	-2.22197202606291	-12.0957553704088	-8.83524034369717	-1.12713908674485	-0.562606859555685	-6.55249915267971	-6.22600597256263	6.37958692898189	7.39936449195922	13.0671684855014	12.4822080146494
"1394"	3.15769947318908	2.34448347920521	-2.75584519272367	-3.05640899463949	0.197835265996064	-1.31290025006504	-14.6865520969759	-14.094134704035	-1.65059509932748	-1.0261373111334	-7.97397245313776	-5.38007484280675	3.29930425594959	4.35406204332736	14.104254244668	14.4909661095422
"1395"	3.68758354714645	1.12050062883779	-1.19653260223158	-0.653171629928025	0.0252044294189609	-3.4560041429833	-10.7945207013903	-11.2089411584543	-0.698413029684345	-0.575559054097235	-8.03551108745953	-5.85757223746032	9.10566334557391	1.97692341576048	14.141019850999	11.4147627859857
"1396"	1.69488342336227	1.30956939853599	-0.819906900410349	-0.642652023629536	-1.20383601154272	-4.49125336597012	-9.82577733153811	-12.8737359675166	-1.86339719467688	-0.0678110126809743	-4.94300834913503	-6.96595084609753	8.16827873900811	7.69752463268086	13.1681563313132	15.7101173449065
"1397"	3.46575017126375	1.44134426925024	-2.89025039286622	-3.12504216054607	-0.863676157068764	-1.04297375213938	-9.86846195266806	-9.79585305037963	-1.72970876365582	-0.789754418581843	-7.82824094688136	-7.39239724990699	8.60351587408562	6.55334722684707	12.3666006291248	15.2788870937125
"1398"	0.951025693378164	0.142582791836002	-0.708339084179481	-0.88677447915076	-0.215169614432378	-2.19115688424779	-10.784011883165	-10.1863118051555	-1.50571368809781	-1.066554894184	-7.09572234592577	-6.42766815256151	3.34051932334872	4.20912600837502	12.2902365320097	13.0012240075233
"1399"	3.68758354714644	1.8669450162493	-1.31875412632739	-1.04456660852747	-0.114416345449714	-1.63093368267109	-10.3309122909165	-13.3406085434974	-0.326368525585846	-0.0743570917389961	-5.57579911756759	-5.15422837794283	4.04214502580707	4.57864193006231	11.3230920599423	11.1051572498202
"1400"	3.20373123886641	2.39874659476241	-1.12045377524449	-1.11412350535085	-2.40774739051538	0.325573262682592	-9.24363649332472	-13.4879327147555	-2.52502640055073	-1.57819736465391	-7.17775423163883	-5.91534069899259	9.51910153094243	4.88036143892081	14.0071376863438	12.1228624889138
"1401"	3.57582610810187	1.9698281289034	-2.63168214550798	-3.05439163226623	-1.80359774012456	-1.40326486787757	-10.2212481382551	-11.3940962414208	-2.13069817332479	-0.204793263443742	-5.46885545599502	-4.91639676684006	5.10693069537414	7.61285722842913	11.9441641370249	12.5679897733605
"1402"	3.57582610810187	3.08918353649173	0.340884827394668	-1.06164851071563	-2.1933326597369	-2.60592495001935	-9.83716308181679	-8.96173624643049	-2.4549404572208	-1.32152728998253	-7.2309731560224	-5.8897238396221	5.69160920215451	6.73628658174349	11.4236308895072	10.9228721854336
"1403"	3.68758354714644	2.32871561368731	-0.771537977931037	-1.61179147948902	0.0771026666477455	-1.64013864745209	-9.14840369826668	-9.79217675766421	-2.02720287463066	-0.911858611922288	-7.93516740440909	-3.33217034151694	8.284882066122	7.41854121827023	15.2416719616634	11.6282699329736
"1404"	1.22721089176565	0.779669347224726	-0.746503348280731	-0.705578311832533	-1.94510582178439	-0.801299727122794	-10.9313694999132	-9.28782364497829	-2.35412154928578	-1.50208654992532	-5.91132428160088	-6.61972616864338	8.62218380264952	6.25515738054318	12.3452549525692	15.2209334843771
"1405"	1.53123624372172	3.02275157556034	-2.26048113615199	-1.15540474261688	-2.29285585002486	-2.05246538433808	-12.2079416074489	-11.1176236196723	-1.16505744443059	-2.57199125732738	-8.00808670135966	-6.11448731030065	9.33139727690823	4.68691692049628	14.8796137165984	15.2961952209069
"1406"	3.62255623252432	1.18637408312998	0.300249585247835	-0.368308873975142	-1.62862737424073	-1.02103515385377	-12.6095094881138	-11.4955602564587	0.811656215359039	0.163801920927036	-7.19296775579617	-3.13971694919016	3.15917736989343	4.3939890614237	11.1717212547972	11.7485461289496
"1407"	3.46575017126375	0.894841184482519	-1.40918168871606	-0.198922907052794	-2.37347114368381	-1.58064494503869	-11.4158842589378	-11.8864282136781	-2.9666260534172	-0.947754574047733	-5.94602094927417	-7.18567471680674	9.13978277515066	3.75484527169237	14.7384940256967	11.0006546797553
"1408"	3.62255623252431	1.78030284824392	0.224699237485794	-1.26118224577888	-2.46558594796773	-2.0196023007684	-10.2101113916963	-8.54133064849484	1.26452464050959	-0.149461130785054	-6.74847470500158	-6.41487822437009	2.44995912154664	5.51736818004025	14.0153175017228	15.1487459716738
"1409"	2.16556760226465	3.09113524577756	-2.85388551668909	-1.92695198219826	-3.71330202682249	0.17138581574719	-9.95719936302167	-14.5682599256964	-1.48901374027968	-0.544166040831802	-6.02358605577579	-3.98848539817392	7.05060994208815	7.31910591951994	12.7547415033579	14.4290199211555
"1410"	1.42750795655349	1.84136378830877	-0.47456439541128	-0.596100307995129	-1.40283167015797	-0.690275243611769	-11.7807522160924	-10.1516221454294	0.0189451975725423	-0.697314126816458	-7.17094929824687	-4.56756271707794	3.60060476028304	4.75448602663483	14.5946801073832	11.9532937867251
"1411"	0.467109602223086	3.0385626615023	-2.12419237077606	-1.06428105966375	-0.633250767763699	-1.31702708851378	-13.2026986544749	-8.89509592137847	-2.47753729594191	-1.91940512740774	-6.76054443246352	-6.7414172243237	6.14927416166933	5.94029199659227	13.1952391085379	12.4728528395152
"1412"	1.09793957510369	0.427656423429395	-0.692033357515034	-1.52313426116822	-2.83334093777723	-2.431522840271	-12.4973535311462	-11.2630274019728	-2.3700552734741	-1.75131379082142	-6.97305390340292	-7.06457526249775	3.73718870120508	5.36903692520658	12.5787527562415	13.0174315478697
"1413"	3.64019661367844	1.7899302760152	0.107466928271938	0.140917908739265	-1.93612749335033	-2.88861438957915	-10.5144730490007	-13.6745212797329	0.812636668931186	-1.2127354276655	-7.23901317433179	-5.8589220092685	9.60537333331335	7.229844738992	14.0732267845608	12.5247518041622
"1414"	2.74669587304158	2.63025359097319	-2.49895591600342	-2.1800965050067	-3.05253818884366	-1.32554658995833	-11.8968463125552	-12.4399054294155	0.988856246843053	-0.403956614367547	-7.18725780577603	-4.40243038821783	4.07417756924162	5.3793821690503	10.8316830748277	11.6874538889584
"1415"	3.25929910996267	1.75842464618428	0.66836839043944	-1.04483533709114	0.500779850412215	-2.85913220861073	-12.3324102251589	-12.7514028190505	-0.295833302459846	-1.79804391677018	-7.52830748634053	-5.4297531743973	3.91255724123212	7.64385866456514	15.3464493818459	14.904802564186
"1416"	3.62255623252432	1.32967353123001	-0.0768288341439723	-0.666846416791584	-0.0683702324488333	-1.03818427647999	-10.4880920242898	-9.39460296327396	-0.532884153350439	-1.88078509965963	-6.47476966649263	-6.22479333441872	9.13915750687185	6.11622064265519	12.7371090765811	14.8003083054667
"1417"	1.26820464110755	1.54185529463636	-0.388781220481335	-4.46829370887751	-1.00460899198302	0.82173429300067	-9.64102662934659	-8.14389185391124	-2.87972915219306	-0.0812279247720564	-6.57855723406129	-3.66391951946585	9.24112839803959	5.4862082639213	11.4772306592619	13.1554294102871
"1418"	3.48396882062719	2.65142299184944	-1.80037206518984	-1.23927178144259	0.578006350412531	-1.53580659470519	-8.29349257537988	-11.7622505901596	-1.4895849370558	0.221583608323223	-7.06371057764698	-4.93114488597413	8.69357140353537	5.6801556361377	11.4348443854728	14.7473797461975
"1419"	2.5339619716772	3.90283022413646	0.498141249437883	-0.235506888380132	-2.21560865587773	-1.12951740040991	-9.67205255960187	-8.98922364110408	-2.37474084918614	-0.683266946682565	-5.44822783695147	-5.51465929456879	7.80054949767501	5.81811844291225	14.1482090814427	13.9751604025477
"1420"	1.28134568107049	1.82635033422127	-2.99021439640438	-0.709122921936359	1.09137585729219	-1.27975598883055	-14.142146962825	-9.89374593052735	-1.47155218392729	-3.19188717340104	-7.49559531214436	-4.80679531383721	4.06568994656477	6.37707735010104	12.2518906206747	14.243351177212
"1421"	0.411683385223013	2.10859615251895	-0.0960977902175183	-0.612597636774821	-2.07092822576855	-1.09290883418795	-12.1514810285051	-12.401387232055	-1.64597011591898	-2.56960873552474	-7.7357974400532	-4.56734689788137	2.4012434966096	3.47092919146464	11.3268913355028	11.7122583245956
"1422"	2.1652882584534	1.32426391962649	0.158932986939159	-1.28797347987804	-2.66658161346911	-4.30158592087535	-10.6639614449281	-13.2980529446735	0.436853139636587	0.952914573600089	-8.22915027507324	-4.80412069184233	2.70689083914849	3.65646197646984	9.62651170879665	14.4067397794285
"1423"	2.93619282165895	2.02841734892779	-3.14473533230767	-0.0567450769953112	0.282207931901658	-1.5807698210724	-9.98647319972245	-10.2058747749405	0.836118183541286	-0.479290478478883	-6.9455448606603	-4.64712830671741	5.61785426544147	6.06980420178744	13.4633617728477	13.9709227538201
"1424"	3.57582610810187	1.99081172480705	0.547194686094846	-1.25676928439702	-2.51016796508048	-3.16371150335454	-11.5030895941766	-11.7799083684987	-0.268875982028999	1.1730909176142	-5.80344956800279	-6.28773327708482	4.85232862156113	3.24814958572292	14.2952083429879	13.3140836780274
"1425"	2.5339619716772	3.34545977059297	-2.57406125934888	0.156367430669735	0.255952847343374	-0.192165081004934	-12.2709356317999	-13.4116003979646	-1.56888512493802	0.931731449442883	-6.5264615043516	-5.66653405711044	3.85687064119589	4.34212030588391	15.44257410828	10.6340977412548
"1426"	3.53390148968105	2.00439289077492	0.265477241232243	0.115644018839389	-1.49206369509567	-1.47511019839459	-12.0800175455557	-11.8919372495291	-2.60652234051391	-0.093227843076388	-8.22814461385971	-7.36932610895323	9.0355920029842	6.61145776763097	13.7967687936896	14.3942204993893
"1427"	3.48396882062718	2.00221105814037	0.490607755120909	-0.862026492915937	-1.93621648567242	-2.19156769228847	-12.0167855657274	-13.0486139103541	-2.92379737612482	0.632832996453912	-7.30965138065363	-5.12744279919061	9.90955196750323	6.21664974816501	9.30925548725388	13.9767436791721
"1428"	1.69488342336227	0.98663382428426	0.334356233162168	-2.19443089644283	-1.79783483043039	-1.98248197610047	-13.2183035628032	-9.29932304858917	-0.602872908545233	-1.71258915557442	-6.56741511947882	-5.23975358166912	3.30126533923706	7.53984110014966	9.84927311988577	15.3469778778338
"1429"	3.23217767446545	1.81690500478349	-3.1159352900834	-2.26088437407025	0.306394163258408	-0.401934601866163	-13.1287045564904	-13.013483814423	-2.60072238713992	-1.92448624511	-6.68175160384588	-4.36133040057268	5.41240492391435	7.57196654181781	13.8687524735706	11.4561343553602
"1430"	3.46575017126375	1.01582211018306	0.144640631756318	-3.44550087447368	-1.17607672596114	-0.963096282295204	-11.6213876553424	-13.3961914043017	-0.348866443015452	-0.448720975053464	-8.27216532509544	-5.37849894292161	6.24593283894536	3.74281553256839	13.5173717149166	10.4120599648989
"1431"	3.70761124860684	2.50951812513807	-1.39581338697241	0.258557384746651	-3.56069794178435	-1.1472197171649	-9.10903771718449	-9.23787734191252	-0.754328924679422	0.355796210801452	-7.96379959941692	-5.88082040115907	5.37111815976426	6.15649251056506	12.3676565665519	14.285048127359
"1432"	2.01096806682561	1.95550128811664	-2.26170316052647	-1.29461334974522	-3.71330202682249	-1.54442632027917	-11.3646633429389	-10.3685764461879	-1.79308609813206	-0.15193531387783	-6.67325069387698	-5.13463842163119	5.46066968423006	6.9252053419884	15.0950280460534	15.5652051226264
"1433"	2.69599210891245	2.55551328145865	0.342396442383649	-0.839230943560314	0.185284504167989	-1.81326969143473	-11.9094021746795	-14.2260547050692	1.44555540778078	-0.0837329986143348	-6.71485162860122	-5.19263934315771	9.63392185861474	6.26963718208362	12.8625889607076	10.1115789536906
"1434"	1.09941027613563	2.2417059342829	-1.13301193596243	-1.52188684466381	-0.839204268976741	-1.31909733133516	-11.8679290985441	-10.8787684392215	-1.51168258258433	1.19148474171083	-7.28364210232698	-6.24764546703119	5.08546356102145	5.48018562273301	12.379965926907	10.9134911265335
"1435"	3.68758354714644	1.27797100694	-0.915208665072395	-1.34752705612695	0.468824004112594	-1.37189082865846	-9.56665007373032	-13.3332665488947	-0.470784822140752	-0.0188647697987056	-7.04555713959673	-5.77859579215253	4.53572911016294	6.13856335239122	13.7851535030615	11.6819031725484
"1436"	1.53123624372173	3.14819573088807	-2.41810972551528	-0.946086114974872	-1.40570542921185	-1.58965971862482	-10.2709249702308	-9.94885701979874	1.47300596900029	-0.865649717405803	-6.95649906188319	-4.29750052608328	2.55891398239033	7.70714766384857	13.1088375166703	13.6511061792775
"1437"	0.544822164592993	3.83338382627538	0.547194686094846	-0.600957950877272	-2.06294970163259	-0.529008399120558	-12.1656207770013	-9.81189246109304	1.36510735214615	-1.05319785225385	-5.87816051913381	-6.87828191435912	4.45860970168751	5.96084973337638	15.2441635906934	13.0054921111709
"1438"	3.0807109034577	2.80108913685901	0.340884827394653	-0.736612575877505	-0.812606984504187	-2.08685998731699	-11.7788028823002	-12.9144870734597	-2.29870123828153	-1.40745789169757	-6.42983357684332	-4.64589451141665	6.25545077884231	8.97465943506755	13.1996900580603	13.9674919988295
"1439"	3.48396882062719	3.90441027452499	-0.713619736250722	-0.46537510248964	-1.62667109207551	-1.57936509869802	-14.2223821647339	-12.2829334656792	-0.90963478583021	0.307950068642451	-6.62943720727373	-5.83133367266828	5.39402218872646	6.41194880718768	12.3939448342466	14.0724656939852
"1440"	2.5339619716772	3.53271885973181	-2.79020282595403	-1.39946582737289	-1.94643957184122	-2.42670546884713	-14.1612188052745	-11.3229628196348	-0.799840983142004	-0.142092836541706	-7.16537520408032	-6.39674878389108	8.00466333369852	3.41947814208201	12.4217942800645	13.8329601723733
"1441"	3.53390148968105	2.11141773779292	-0.245958824435214	-0.0951056223437607	-1.41668815537787	-0.295589041621311	-10.3034546476458	-10.8889291793665	-3.04461497131457	-0.195858264997087	-7.38246250680358	-7.55480591341321	7.93856105654218	4.97023945128547	10.8721033708617	11.0104246920347
"1442"	3.48396882062719	2.8016517281284	-2.14005368811391	-1.63083421371847	-2.22528898242185	-2.90211998957479	-11.6914362739867	-10.3735482106512	0.873508835506218	-0.345576862915821	-4.67040639796175	-5.61484733807799	4.48667646468297	4.12554462560459	12.7180974734767	13.8461283833312
"1443"	2.5339619716772	1.85119406819896	-2.92721141486345	-0.883463508991155	-0.702832350719538	-1.64890521906159	-8.88007621851915	-12.605783304261	-1.42971632578158	-0.237417938666756	-8.3916840419937	-4.66103463967583	3.21859175186659	5.3451869646829	11.0897417661885	12.8569617903272
"1444"	0.951025693378164	1.06989378614512	0.676402525748545	-2.61153049359992	-0.0888109424971614	-2.4418649604336	-10.3809761676366	-10.8054709521785	0.566450085522091	-1.3002556963909	-7.69016002799198	-5.04835347008157	5.05212395711579	4.93369036364422	11.6753092430467	10.9530237074772
"1445"	3.70761124860684	2.67150766128233	0.757012295606178	0.17291131947929	-0.787069991202779	-1.72509780388289	-13.4592948634832	-13.8199559179774	-0.92460784708299	-1.46845348390625	-8.14838542972273	-6.89044713308432	2.48882454993534	4.936557066475	11.909182615238	14.2680988155586
"1446"	2.96077905224282	2.57490374633787	-2.53832935949728	-1.6354276475581	-2.89728823179365	-4.34124551735371	-10.701630967709	-13.171449262582	0.000781256373195139	-0.723186748965418	-5.96112735419348	-5.61923743492315	9.79416031322079	7.17979021344696	10.4949894933981	13.8098543505165
"1447"	1.26820464110755	2.27426187660228	0.199020190298927	-1.80435558887419	-3.25080655056393	-1.79626511146021	-13.4089428861528	-11.0933116206708	-1.20534948862883	-1.23691299652886	-8.92654930286306	-3.93536413546431	6.2372309807479	4.23184525467231	14.4804774593723	13.4167081828241
"1448"	3.127200690307	2.2233447672416	0.0231260895126383	-2.3483653058839	-0.470323310223836	-2.4989881475421	-13.2830566567805	-10.4694641390356	-1.19247154265983	-0.694950524922806	-7.57091184606461	-4.97396464377992	3.53694979674524	6.55314678232516	11.3032043906364	15.0093305181844
"1449"	2.5339619716772	1.79441177530263	-0.668321350847315	-0.230938066413147	0.626127146091226	-0.7419972715886	-10.3016707550639	-9.7225077637627	-0.777848701353707	-2.06490656635757	-7.79170396432645	-7.16995633599717	8.23318097808248	7.2799132103273	11.470128584622	12.4075686887967
"1450"	3.70761124860684	0.789495988814868	0.541756234329616	-2.06464406177209	-3.30697657399318	-0.783368754802822	-7.63634897603466	-11.5463262098692	-1.80558495524079	-0.715524177228154	-6.47606668304926	-6.5111117442712	5.88713402263894	5.25462647795388	13.4474776767536	8.81797263568806
"1451"	3.84458265812916	2.75933745131948	0.66836839043944	-1.93260586861325	-0.0192587212308863	-0.915777263408956	-12.1806927883093	-11.9883052795487	-0.0504489838049898	1.15477235131862	-5.93151098921246	-6.85041180109431	3.84203456673884	6.60150546627982	12.6681695682256	13.0136039444379
"1452"	3.14929980112654	0.795201489705687	0.199020190298922	-1.18622759464908	-0.592519865169752	-2.09888313511833	-8.99306892696992	-15.5470212361886	-0.0223732844683752	-0.340356018498705	-8.02328664169216	-4.58736880698145	7.88001983602372	4.87772185175151	15.0841242738051	11.2970700822086
"1453"	4.05976192419725	1.65093949599142	-0.990759811889009	-1.00602201071481	0.496547250198767	-3.04090668535324	-12.2598061636932	-8.23802926361313	-1.86845604671046	0.39944287464658	-9.45256383019427	-5.75026264997926	2.96929393190887	5.55662137374288	12.3837733918204	11.0620244088066
"1454"	3.70761124860684	1.9484662568446	-2.72634899641529	-1.30212790593336	-1.15896067374151	-2.16939601175171	-10.3754554936206	-9.69387094840067	0.0999695790247504	0.122067669984512	-5.4239571970564	-4.32010162074646	4.16860457563977	6.53086285565449	14.9522394443858	13.6295727869201
"1455"	3.14929980112654	1.85721162665968	-0.870519491339338	-1.8923609680045	-1.64428107919334	-2.90121709180761	-9.9809902954877	-14.3414929316394	-0.836527830709201	-0.359952502954818	-7.35294172141751	-6.26499150251631	9.52933101118313	3.96295632987634	12.2676544674281	14.2569691256001
"1456"	3.57582610810187	0.53482325881653	-0.866123296803389	-4.00450653723364	-0.225839410037226	-1.94924612061255	-10.2753087793706	-10.2882459555135	-0.0814683461813216	-0.822258691129394	-7.89296258041462	-3.45600442690615	6.95281935386292	6.10629745727557	13.4019102118638	13.2245558948169
"1457"	1.69488342336227	1.14416080370971	0.342396442383649	-2.14660697722367	0.0856915966845492	-0.131228681240812	-10.1754134914616	-12.1063085315988	0.127223087159692	0.103032483481576	-6.79960728658149	-4.93883677535311	8.98551408123032	5.93992045536667	12.227068054984	15.0283747316424
"1458"	1.22721089176565	0.0804402321623158	-1.53959235774521	-1.38613276237086	0.366064849797355	-1.01226558293506	-8.33205647801882	-13.1475714957102	-1.08858615370267	0.133292587746996	-8.50993896430309	-6.66214653633285	9.59212294407037	7.77692482011966	13.6090141721279	9.62414148690429
"1459"	1.26820464110755	1.00508831634011	0.490607755120923	0.0306276572985224	-3.62324459825658	-1.25854648602212	-10.442967123967	-9.8251941958596	-0.422726584270529	-2.68002205413355	-8.53837329665165	-5.57153173488769	9.6831054894458	4.27330231222937	10.1128893211304	11.4267355291784
"1460"	3.69405698806467	1.61491981985342	-0.965474610881689	-1.24686123839374	-2.30007630819842	0.203939821092547	-11.6590180589591	-10.3372259474095	-1.11787942413247	-1.30411659863767	-7.19480753335998	-7.59763014340331	4.46341624696751	6.75090179433205	12.6895386053575	13.9174340122921
"1461"	1.65958833433676	1.5012381342088	-1.16964562359677	-2.43816257942361	-2.23023461804079	-1.36304203824565	-11.1478744832962	-10.9979865087806	-0.0803155485262066	1.22402710297479	-7.85057206343141	-7.04991080228827	5.20789544565278	8.16770786631085	12.1253837391253	11.5030145347339
"1462"	3.62255623252432	3.0752920256024	-0.828460843941968	-1.48057717605685	-0.32280582262999	-3.0254761127828	-10.7529337277573	-13.5153658388861	-1.36658917425426	-1.96135154924585	-8.29500803401262	-5.56254124456585	3.82265245916035	4.70690008365982	9.24755581289085	12.4477379800895
"1463"	3.70761124860684	2.55570721466073	0.237422152305738	-1.50267045065704	0.723063566663509	-2.06002887784993	-12.8885015736579	-9.35187041028978	-0.78482323141512	-0.480779852143638	-8.58409734818425	-3.79119186759473	8.15842096982746	4.39341869851504	15.117857193178	12.7394590811452
"1464"	2.5339619716772	1.45589616813947	-2.24225352505972	-0.711197891592111	-0.978011991592004	-2.49037368325302	-11.248719603875	-13.6913033441927	-0.546141059670228	0.418656424008803	-7.69605732647883	-5.1002815483555	9.64615931912418	4.67913140101856	10.8857914092696	14.5233853234805
"1465"	1.42750795655349	3.66066185622152	-1.41309222369531	-0.458692450827726	-0.635914759055034	-2.73903044907089	-15.0985019088933	-11.1775626218674	-1.66879440593904	-1.71070403531618	-8.68571295314605	-5.71569554794962	9.3992001145603	6.01934633632297	11.6692894368204	11.6011564037127
"1466"	1.53123624372172	1.04988045615062	-1.06228047021567	-1.87640378098515	-1.80375690729071	-1.71115656004933	-11.0759767209296	-11.1154948667358	0.108972207102481	-1.60168024902384	-7.74156256315645	-5.65810735602103	9.27172806527475	5.45934530277443	12.0949701385628	12.4448549945202
"1467"	1.58915648360366	1.93755154666193	-0.849686569847636	-1.02912422995886	-2.13757533645289	-4.87931534265414	-9.77282749758192	-12.0470107061503	-0.838402625194654	0.854669357600148	-8.66428661791562	-6.2904076597127	3.55689200682151	5.24192134561552	11.0405766994488	12.9045346555807
"1468"	2.74669587304158	1.4191751409572	0.142844610079111	-1.84830347429671	-1.36764887896804	-2.48319032227099	-12.0701762002882	-9.12851755854691	-2.98914957398545	-1.13893119396677	-6.5755250102407	-5.62044292825066	9.50840914150469	5.96508292350241	15.0597808514177	12.5649383643072
"1469"	1.26820464110755	2.44676373849285	-0.222027362484402	-2.15577895624559	-0.346546772966882	-3.36860325733568	-12.6533023710588	-10.8039343634476	-1.88435032436196	-0.616836851227652	-6.21161639109634	-3.41160756547017	8.9455296168724	4.73031778827931	16.0390998629281	11.3017522771851
"1470"	1.53123624372172	1.2678685478466	0.334362995605679	-1.29873732783455	-2.20955650179456	-2.77596944376713	-9.89863727764616	-12.9995637108647	-0.734653506006731	-0.957577320469021	-8.35913968752484	-4.55158190703822	4.92968243070588	5.05258814893869	14.32657005719	12.5267734379002
"1471"	2.5339619716772	-0.950403196758546	-1.05616585813592	-1.50846046561714	-1.47536250590466	-2.53020199821658	-12.7620260343785	-10.8690589944584	-0.143914038777806	0.000527099160986921	-6.71647877737748	-4.57627491901596	3.3042530230867	6.98732714585632	12.6288337876192	15.26130331764
"1472"	0.326024672448898	-0.0417848824279805	-0.167463875262489	-1.47360494760418	-2.263589783083	-3.12655033427747	-13.4091560686042	-13.9852457072987	-1.90885204961942	0.525198811774382	-6.75524884966107	-7.36856474972399	9.33556120728059	5.83831154274292	12.8685418803259	12.1050027745653
"1473"	3.15769947318908	0.815962239676754	-1.9726725068741	-1.56378701631959	0.83753985612736	-1.53239707889612	-8.71905714706068	-10.8969312835355	-0.174247078948415	-0.768633522972933	-5.57685951315261	-5.14217045424522	4.6718373985095	6.11824101443746	8.55988482319159	14.1695237382731
"1474"	2.5339619716772	1.09441230676268	0.305011719762245	-1.38406841175176	-1.93612749335032	-2.33594880801149	-12.8901492811288	-11.7066300539125	1.09944324225748	0.895760246845481	-7.80843844031748	-6.59938498392607	8.82169465668688	7.00139985523487	10.9757748188929	9.59667078591744
"1475"	1.53123624372173	2.32069210634858	-0.993100958643979	-1.03597855837669	-3.41627234927976	-2.14692532604033	-9.21983678185004	-11.0903340307159	-1.48579837199323	-0.611755288435826	-6.51415847612016	-4.15415673527173	2.80105614826192	6.2480711479691	11.7939867870548	9.98471944884385
"1476"	0.78153199351921	2.82012474455591	-1.60935303004378	-1.44111591959215	-0.22681811848949	-2.81036721080449	-14.0834309253879	-12.5194203067541	-1.49666018399398	-0.232432839356488	-6.27389442611786	-3.76473914237489	5.05935094505723	4.39665233574577	10.5295707385016	13.4233222435456
"1477"	1.28134568107049	2.65990624131335	-2.48115972373229	-1.0288811942889	-3.54487620524728	-2.81797305900328	-14.4946023011108	-13.6495108475001	-0.0332911571556739	-1.33352236075142	-6.65684381674645	-5.64020882334157	3.36978406967758	7.0245596637438	12.7604345017511	15.0110614166208
"1478"	2.80207833051768	2.26816924099244	-0.0568344017524444	0.0477568204530771	-2.39518409267409	-1.65915574713202	-10.1105555012397	-13.5712757429237	-1.48098192073055	-1.4374141181762	-5.49702655548518	-6.51641061440869	10.0610530940211	5.68929449433107	11.857399171547	15.1655433487785
"1479"	2.5339619716772	1.70954345996857	-2.61744001339725	-2.69473831928061	0.270837344798822	-1.70585034072055	-11.8569023702604	-14.0740318405842	-1.08130902694326	-1.09090994017135	-8.3286938999179	-6.38188289710215	9.11850028304665	5.30030667881941	16.1534664969306	11.6874169422455
"1480"	3.48396882062719	1.59023949749998	-2.01183396532925	-4.05244859582396	-1.39235047257627	-3.23728180557017	-9.50532094597554	-10.6541904515666	0.323117362240261	-1.67118556406772	-5.77208591776567	-4.20848528278351	4.47744304165421	5.91183469469681	12.9764480157975	14.6133114190192
"1481"	1.05104259834954	1.69951218048933	-2.8809853791419	-1.29092049919169	1.10400966584284	-1.53215176518517	-10.9969572516202	-10.9792662682102	-0.97990333247134	-0.335541278953273	-6.58421900397123	-5.22735765477737	2.65182094730572	5.2915006501013	13.70913292814	9.62908878343872
"1482"	2.5339619716772	2.3048725376248	-1.47608237742339	1.52227730498904	-2.20572254732403	-0.603895864993029	-12.7086121617916	-11.8436166344095	-1.73119739284146	-0.54319724485454	-5.95838241257896	-5.71143739450313	2.65220485528457	6.83619675439382	12.1452755413821	12.2925192556758
"1483"	0.85985332126607	1.56099723614812	-2.66367320479294	-1.98708622188249	0.492640639854525	-1.43860374358976	-10.5335041691069	-13.5083185560554	-1.20553177948219	-1.57337807504384	-8.03742863130464	-3.9934589564577	3.59255437577867	6.26559537380311	12.9983455255041	13.651572533712
"1484"	2.5339619716772	2.25640794488705	-2.62360424595939	-1.12721153811776	0.560333401956978	-3.66999486054082	-10.9508894102293	-13.0008373426678	-0.735775197639652	-1.0992067169698	-6.22259035562768	-5.09153715917025	4.29408321962911	4.21728353611936	14.0787901555097	10.2796720064307
"1485"	3.53390148968105	2.9681069175972	0.07634706660272	-1.12945287734803	-2.93719447262916	-2.69946973748488	-8.42176715969617	-10.3021657429634	-1.73747772973735	-1.73114019121628	-6.91838882271188	-5.03629275682955	5.38170879315321	5.96646806997231	13.8238223065095	11.4798271210037
"1486"	1.09941027613563	-0.615114975796783	-0.631338392343994	-1.42455668579252	0.442128755046272	-0.802427759412489	-12.4736622710327	-9.74927155121225	-0.414480689357028	-0.0788548121546803	-7.05516797103441	-5.31288007761091	8.45971891581368	3.64948268975316	13.3356066094368	13.3098275838126
"1487"	3.48396882062719	1.98833427414859	-1.07696451535422	-0.650250801879108	-1.78844572686787	-2.23897233938818	-11.5898670038936	-9.89015436966921	-0.241298534397157	-1.39986048145314	-7.67033338619316	-5.66563833176281	9.61830691609973	4.6808599662019	12.5124872911038	11.0774498053992
"1488"	3.23217767446545	2.47551208985959	-2.40116272226198	-1.3842292235963	-0.259655588756602	-1.21129356474181	-10.3349488792516	-11.9894630117841	-0.722379038358064	-0.417237880257002	-8.54227240951853	-4.84235544437675	6.82272920471905	7.15880343635185	15.8571656904427	13.7070606372032
"1489"	0.826024117988906	1.99249647169312	-1.06725797573441	-5.51441190919902	0.626127146091218	-0.795928419873151	-10.3402011417199	-9.69180151993085	0.124919762358265	-0.78927996735009	-7.33870265611476	-6.36585751137924	3.60651401095835	6.79323370418245	11.7482640763287	12.5227626398794
"1490"	1.69488342336227	1.76792388744597	0.199020190298927	-1.4055355981669	-0.471927474479559	-1.63818956806061	-9.59094963077267	-10.8678848956159	0.924141184752751	1.79671177772874	-8.59307140702129	-5.86809582573641	9.3897036808931	6.16226715726529	12.6345516248564	10.8306260675818
"1491"	1.49815544563014	1.71318993396988	-2.81629473393799	-0.854948647849223	-2.15051585216228	-0.451284504014298	-14.7732999779378	-11.1495836619119	-1.16092686137258	0.432638721297082	-6.05958203008623	-4.53849065107938	3.6144442813103	5.45585763760836	13.6620491102894	13.4716952374381
"1492"	3.69405698806467	2.18343648012003	-2.78742967011639	-1.4782025872443	-3.29472342507965	-1.50835250385079	-11.8424478483913	-10.3645754146945	-1.96756933533786	-1.61761564892226	-7.47072719121158	-5.86373646916297	8.86810996361092	5.9453442422816	12.2531960695446	12.503424696072
"1493"	2.5339619716772	3.61393791678536	-2.53832935949728	-0.835085698372503	-1.66750991494039	-0.158845240446452	-13.0717358735772	-11.2242288669168	1.64468129664494	-0.669276124333811	-7.29151634777506	-5.88208115285011	3.29232515639837	4.80884726673855	14.0843949227729	15.4891380469141
"1494"	1.26820464110755	0.901272095650438	-0.592632405001531	-1.03529314411468	-1.88221690157342	-2.35416844439723	-11.5133583099179	-10.2134409967626	-2.55459716955498	-1.61595734424947	-8.22242338067667	-5.95533648365907	4.33734134167668	7.04756988840998	15.9198874856511	10.9229853845079
"1495"	2.43588398448203	1.56084693019223	-0.979335058340991	-0.930288048393152	-1.10788238567653	-1.67243797722763	-9.64426076345409	-8.83333109449343	-1.35507949554377	-2.01133204710046	-6.90915506808209	-4.84976393000772	8.36566529971967	7.7981076740995	10.7640046629973	10.4984436579226
"1496"	3.68758354714645	1.91397746251992	-0.381556511389213	-1.54125561396388	-0.066984891655035	-2.46175496916109	-9.56613302788792	-12.6382391839444	1.87921112643057	-0.64170904207254	-5.74011854972054	-6.61237166511109	9.66140201258073	5.98740222510239	11.9903622425397	12.4997351264209
"1497"	1.22721089176565	3.42857224434508	0.732391209613199	0.115644018839389	0.588828825252084	-4.22845723622659	-9.94026036233189	-13.0900805250732	0.779985574655227	0.704074567998493	-8.48218638198062	-4.20349685185991	6.83488140482879	5.0959743199755	14.8314172379791	12.2836299151219
"1498"	3.72552284306842	1.23701371298367	-0.381556511389211	-0.776791515718346	-1.97136707124377	-1.34646712902158	-11.5372298393497	-13.5712842087573	-0.418613014241231	-1.80554913355778	-7.51468967987263	-4.49302711806385	7.95057239497738	6.41862989881427	12.9660692400972	12.9799178590243
"1499"	3.70761124860684	1.73769667288161	-0.77884633179993	-1.89633940785107	-0.318236706301537	-1.02013049044814	-9.73155225921813	-9.8142283092399	-0.636303389179869	-1.29282703843427	-6.20244022731199	-4.86262494560048	2.02679436600248	6.40517289691418	13.3889960094033	14.9341551145076
"1500"	3.69405698806467	2.7753094434313	-1.04257802041271	-3.96981434463284	-2.72344267206991	-1.50207703034516	-8.67973319816106	-10.8225292794785	-1.81133144398892	-1.38612770543564	-7.67232970044996	-5.10951659595951	9.75143635840582	5.07536077856003	14.0281062488899	11.1826564053275
"1501"	0.555332345974033	2.00260838010882	-3.14588591927956	-1.11960271745215	-1.84388944215258	-1.19782573047612	-10.6651045762878	-13.8227320065407	0.330255954016922	-1.42634541478886	-6.56457425587739	-4.72831633306161	2.79987467108711	4.10362796678784	12.8809275969614	10.5109335003617
"1502"	3.48396882062719	2.80094995370467	-1.58688467309033	-1.87237217450556	-0.63591475905503	-1.57433824370707	-15.8984267834445	-12.0594748462314	-2.22475779974499	-1.20149899700836	-7.67989576556691	-5.38764129182204	9.09967097634624	7.28888559734768	14.887715312605	12.6799589733553
"1503"	3.3781334955273	2.32152944078876	-2.85502951103748	-2.44118645746055	-3.63111941828442	-1.62530640039515	-12.9186555266789	-11.6383157937971	-0.321841775489261	0.261727428424694	-7.81870115068804	-3.97716468367451	7.72645374991097	4.74832082904974	12.6859872562758	15.0358407292483
"1504"	3.07448193652606	1.89293282955082	-0.870519491339338	-0.627219990703233	-0.468582708845389	-3.12149919223958	-11.2820218145123	-10.9000299843106	-3.42686392697256	-1.12345547876198	-6.92246906864431	-6.08822049632498	9.60753019086804	4.61245591216955	9.59048852074189	14.7361873310577
"1505"	1.63478276357674	1.37571392375646	0.547194686094846	-3.27886687837378	0.211855974473056	-2.88580166271419	-11.8332273770291	-13.8061377321891	0.92658738983788	-1.16711885630636	-8.66316042492564	-3.79309547252377	3.06286219707287	5.44300548590833	14.3598155665802	14.9275829229565
"1506"	1.42750795655348	1.98060102828418	-0.592632405001531	-1.36516850288615	-1.65814959771738	-1.65754921682877	-12.1977732767879	-13.5957277971322	0.694343112343368	-1.95539062800474	-7.28109237660142	-5.57430184191224	3.27880991088404	5.0470315644126	16.1431716578814	13.4652790301753
"1507"	1.49815544563014	3.98904721400342	0.66836839043944	0.184199628506611	-3.35172591701769	-0.635692212912722	-8.08284463774903	-12.5208760898133	-0.160492620571859	-0.84229251302973	-6.73658230289477	-5.12215705903772	7.96406119052353	6.72215686290214	13.2910399108949	11.6739076693982
"1508"	1.26820464110755	2.81964689957258	0.10162685872342	-1.43694925200423	-1.67552305674722	-2.08021523172541	-8.99776928301375	-13.7067256748853	-0.856282617017829	-0.512031621010568	-5.26278507601606	-6.31613860582448	5.76326923547391	2.52548935623652	12.1775491534478	11.370537885787
"1509"	2.53461344855324	1.18013728828516	-1.6092422118548	-2.64832473690629	-0.0980876047848001	-3.67901279472146	-10.1818346854253	-11.2442987099282	-0.681893971410563	-0.860449362478094	-6.56362485357603	-5.75927843029039	7.66638517720538	5.21916342825013	10.6854603349271	13.0371938435209
"1510"	3.68758354714644	2.10776894411629	-0.786108713456803	-0.0449445236083517	0.597757970962064	-0.794462615352051	-10.7066643771797	-11.2959156512555	-2.76758534309196	-2.12721184182417	-6.09867273002789	-6.4294434131831	6.71167645750964	3.81312750722516	11.9228598719105	13.378270513234
"1511"	1.57125711289175	2.63593915501055	-2.57373221222908	-1.44333282939206	-2.2140888824114	-2.32016541875117	-13.0727524523368	-12.1401957370469	-0.595570969252819	1.14519449675646	-7.75535712055383	-5.2956783118696	10.0720097058172	5.51878455855265	11.8562430977959	15.7544476097128
"1512"	2.5339619716772	2.79150883197107	0.30000075995336	-1.60161869229846	-2.28549973122581	-5.00515861626889	-13.8134464120378	-13.6477032261413	-1.63853283832705	-0.450937512731668	-8.07413968101197	-5.67411383303227	5.35847029952235	4.38587690064589	13.7180556892053	12.8907552687518
"1513"	0.411683385223013	2.72260961799759	-0.786108713456803	-1.59288416238505	-1.6836967817613	-0.609222282207224	-12.1759736097538	-10.1081627627724	-1.32828515826377	-1.09982209240574	-7.4227843899527	-5.78595971449123	8.71048372872619	3.97829583490226	14.1376409796169	11.5300770400819
"1514"	1.22721089176565	2.21597362038575	0.340884827394653	-1.3843393508494	0.298534002626194	-0.453228515852613	-13.9180965441478	-11.0023550918191	-0.797315889526711	-1.30723329674934	-5.43222986808534	-5.42722684112846	8.67280822596121	5.73874344229422	9.11957042832061	12.9192109935141
"1515"	2.5339619716772	3.53872292223998	-0.860821013909974	-1.87728491288266	-1.43318881975858	-2.14517113727584	-9.36932586182408	-11.9250505325675	0.037916722587851	0.588276020080525	-7.07845339199969	-5.22509169741537	4.83829692448563	4.19895085887283	11.8042058834133	13.824186015429
"1516"	2.81374517414273	1.17750079844135	0.119538871358467	-1.45317366992147	-0.068370232448844	-1.64743635242635	-10.9862055022949	-10.7757744769119	-2.02494072257143	-1.88705759948042	-8.19927771883736	-3.83161118280976	4.14004391796784	3.86447553167804	13.8844703622945	12.6836440331247
"1517"	2.5339619716772	1.20329858136252	-1.4760823774234	-1.46331821712004	-0.291863542562379	-1.93418665995722	-14.4410776521415	-15.5401208361684	-1.79030580773623	-0.723314013820803	-5.93298600891355	-5.27142942350915	5.43875867999212	6.00422546027359	14.2338427727914	16.5148945242019
"1518"	2.5339619716772	2.13345373747788	-2.53832935949729	-0.547349435787841	0.900192490846432	-1.79002454027241	-12.3657993760286	-11.7824858787841	-2.11295752941573	0.180892995176466	-6.41802977576688	-6.09560046864965	8.45968089373187	5.13084651665068	14.9542171329399	13.0169215374232
"1519"	2.88267764084082	1.53498885633714	-0.786108713456803	-0.53818994879538	0.983651490144164	-1.86144773490344	-13.5608470493196	-12.6320846991485	0.0147026389763111	-1.8984689775582	-8.39565251949643	-5.46980358939107	9.75082727615844	4.92044830314736	15.2067822797899	15.4571039650677
"1520"	2.5339619716772	3.1982906454973	-1.01174704783471	-1.33687965176574	-2.86543602099557	-4.10991508323427	-10.9956448401168	-10.1195225836067	0.965034192772664	-1.0782456532241	-7.12995906482758	-4.10384574299518	9.05433176543277	6.52745772214914	9.97051269230603	11.1108229138314
"1521"	1.49815544563014	2.03107248213104	-2.52569695852312	-2.081266936925	-0.219876312485118	-2.99546820561357	-9.57272357855098	-11.2343921533794	-0.705168136729309	-0.0814964150115711	-7.76805053442197	-5.46959538532093	5.64478326014845	3.90761876934516	11.7704520162081	11.2808847570213
"1522"	3.25929910996267	1.56200957633075	-1.69182873694528	-0.839277161554777	-0.116832237978341	-0.593099263596586	-11.5626850684315	-10.7305051999483	-3.04585670799191	-1.39857457508789	-7.81216698421794	-6.84480997619238	9.09570310243571	3.61624973013376	11.892918119097	13.1375949954201
"1523"	3.23217767446545	1.55505950717895	-0.592632405001531	-0.524607246891527	0.696515204349953	-0.801874309991809	-13.8418844772636	-10.156727147428	-0.0622328071023523	-1.30514506840599	-6.70430064131969	-5.20778508770523	5.58484010503719	6.30138125369203	11.3488641693329	10.1593266440409
"1524"	3.69405698806467	3.16964104120717	-2.816294733938	-0.0868142820303983	-0.48633845147567	-3.29382184684805	-10.9085361327973	-14.7556709887284	-0.861583276977264	-1.31189660506131	-7.75521620516141	-5.221742497077	4.84278025100017	6.67979775846298	9.80776111568693	11.583889456334
"1525"	3.0807109034577	1.73351168911828	-0.611264864041462	-0.0461838861124018	-0.355705562441311	-1.53337828153143	-8.75404441297707	-10.3953433829339	-1.15940496039914	-2.20240949135848	-6.68130881132146	-6.91511881032802	3.24818034896229	6.2963946279026	13.2811538565938	10.3949072125836
"1526"	1.63478276357674	2.50282655959625	-0.807417530178817	-1.45378013298629	-2.0139814852654	0.485762189868149	-12.4725155253583	-13.2287485156184	-0.253638156567578	-0.727207790479798	-7.67061798184091	-4.64282028562493	9.65040293554922	5.79215290953073	15.5266244102322	13.1106761689357
"1527"	2.61740188951775	2.08772772300064	-0.819906900410349	-2.00985609784594	-2.13365984424843	-0.950849894310267	-12.0445641624008	-9.63486274988347	-2.41263682559675	0.680811886136657	-6.90389884414546	-5.36233315505004	6.65720936956473	6.85615352935764	12.188866947086	12.1893978044572
"1528"	3.53390148968105	2.03576580943875	0.300249585247835	-1.17594028088992	-2.26345685849578	-1.46899975765483	-10.8088355669391	-11.7572267123622	-0.882926092336914	-0.813935856693006	-4.54146347120841	-5.54416233843263	10.0453204520064	5.29240494527216	12.7193819760513	9.28184854952684
"1529"	2.93619282165895	1.9028789203548	-2.76096809739875	-0.964579912858182	-1.73469943709636	-2.63418179776573	-13.2122861644733	-12.3956853086159	0.0344783458071687	-0.29745120537425	-7.78303406329925	-4.34555671590396	4.09719810231583	5.88484685856853	11.9078095328222	10.7225602079877
"1530"	0.544822164592993	2.60518484660891	-0.0661198179898752	-2.36289791669997	0.244942067663484	-1.36892762726328	-12.3018056424221	-10.3644183487439	-1.73174973189697	-2.68045148404947	-5.95119569025829	-7.35927505602317	5.59898311678499	4.18843850752397	14.1186500400378	12.9202123037724
"1531"	0.874289200802199	2.64285030308358	-1.26383768801639	0.597710498226893	-2.2075233422252	-1.26433765328851	-14.1648608695422	-12.6363373557104	-1.52422793056115	-0.591760506756788	-7.16092621147302	-4.59536104387073	8.71552992762473	5.139186991891	12.6737536711192	13.3539949889973
"1532"	3.04759832715263	1.96200600776357	-0.527239733859089	-1.41327192062009	1.47832912770616	-2.19610892741472	-10.6514243874803	-9.37014732608401	-2.35379711019609	-1.2013455994255	-6.80416423510894	-5.02351919838696	10.0968883051496	7.31145674811745	12.0614254187719	11.2938523835729
"1533"	2.88267764084082	2.1561659055799	-1.72430195381729	0.1768289028173	-2.30795308448282	-1.38973370456801	-11.9773759932032	-12.8154528954231	-1.74434833882684	-1.23206240772688	-6.92409656202008	-6.20692749699674	5.00778148409176	6.93520504659727	11.209717675741	12.4463644307897
"1534"	1.25839115026524	2.18673330244667	-1.10884991749993	-1.13487359848095	-0.484981084928078	-3.21489712530191	-12.4914241888617	-10.8340269730776	-0.319894628364676	-0.0998537134992899	-7.70381339078962	-4.55615502272149	8.80851544949975	5.24592470009753	12.4742378869806	14.5311465574643
"1535"	1.26820464110755	1.77966402656888	-2.46350298550856	-1.92805176208414	0.70413442613829	-2.45688075593176	-8.6328482760367	-10.5046862394228	-0.852662233346672	-1.0594363808541	-7.39149124989473	-6.58266321985324	9.61566400332861	4.14452242932909	12.5130085267526	14.4339995123669
"1536"	2.5339619716772	2.1051395838585	-1.05616585813591	-1.73632103865107	-0.7690391002829	-2.65537943715957	-10.0263378127443	-10.7526717837021	-1.36826530669699	-0.468734856031526	-6.72168873693923	-5.60046249534227	7.18969253311506	4.85658573888387	13.5116998720786	13.0112473927911
"1537"	1.26820464110755	2.52913864642752	-1.6092422118548	-2.60363149839952	-1.53276594953808	-1.59250816455284	-11.3153369427747	-10.8917228673189	-3.08386348471467	-0.358015893998863	-6.1415518373005	-6.15869519680444	6.55554990254694	5.53001674741174	13.2885622803462	11.2634263811153
"1538"	3.53390148968105	2.20437029446325	0.334356233162172	-0.704390440650125	-1.41810696929198	-2.72025070020805	-10.0224712459083	-10.1206949317899	0.453624855145066	-2.89474833858503	-8.10931626313738	-4.5265310165037	8.31272769416087	3.11280539511507	11.5754150442532	15.2287248255867
"1539"	3.46575017126376	2.76868117819535	-1.6092422118548	-0.821116327021903	0.420950940200253	-2.78145831416788	-13.2742723554628	-9.76862834149461	-1.01637026138012	0.659183097045035	-7.16576764871464	-4.57661028871873	9.19530531872123	5.19624842306998	14.2818854962689	10.576425047604
"1540"	2.5339619716772	3.68632061526088	-1.12300950818269	0.55471673180463	-1.89710001355779	-1.4702795015838	-12.5277913823913	-11.4641579531846	-2.76352300674889	1.49487085582283	-8.24573805755135	-7.73427634104518	2.95286987635191	7.0955285817415	12.5640248659063	11.5620776422161
"1541"	1.53123624372172	3.84659702779406	0.757012295606178	-2.00010993288521	-2.79612102237319	0.57487175539659	-11.0005737934091	-9.78847016190727	-1.00503437179193	-0.967470337783323	-7.67983373952122	-5.91596313812906	5.22825219254036	5.17954281339809	13.1265461420839	11.5156350657466
"1542"	3.69405698806467	-0.530673005832639	-0.0768288341439723	-1.22615349499787	0.307272880717289	-1.01550421545398	-7.94526606136646	-13.1784811588225	-0.00833871221352506	0.47706098910616	-7.08056072545107	-5.25018180450856	3.52485794933817	5.13278717792593	13.368918404923	10.1782027037446
"1543"	1.69488342336227	2.58184333708405	-0.650027788988047	-0.302143854556763	-2.38217718969739	0.282916465307151	-8.38151006392492	-9.03142968847499	-2.6957270863936	-0.438247551580264	-7.69509856434612	-4.54538124447235	7.88988128351626	4.87720620690422	13.6811256774075	13.562735586665
"1544"	1.71074327922796	3.4237436650058	-0.892691527988026	-0.0309849314825953	-2.16429803140973	-1.82064985580851	-9.34297049891249	-11.1569535813712	-0.999045769082659	-1.13336538552884	-6.09729466739423	-4.61056512978224	2.65777523900456	7.76249972236436	11.2152862989395	10.884707435638
"1545"	3.62255623252431	2.13405835512977	0.72807759456972	-2.73844823093342	0.762004955570961	-1.60067635073964	-10.8839369840604	-10.8365202123246	-1.17216953713285	-1.01100254299163	-6.7086005542081	-4.19625497740646	6.70243413979938	7.15013911354227	9.29330909633844	11.9764439294258
"1546"	3.57582610810187	0.302128375139592	-1.03643003433353	-0.327508451454552	-0.0962276304836019	-1.29110248597471	-11.4032853603646	-8.74128411977511	0.286914473297082	-0.864104836421235	-6.45644762675458	-6.14794585375156	5.30574895988771	8.48154881077835	11.6885044591355	10.2558380878177
"1547"	3.48396882062719	2.17662225980408	-0.614117322403581	-2.24039109397334	-1.57806026245392	-0.53761235496602	-11.6171579607475	-12.1631525527496	-2.08495886795313	0.473835616426534	-6.20307133678038	-5.95474534234545	2.89548423187867	6.68120069953069	11.1569886179696	11.9715609968624
"1548"	0.411683385223013	2.26382138606766	-0.744559455297161	-1.54772020712605	-1.13356021171166	-4.4343994930948	-12.0131684952584	-11.0397514941836	-1.32363377273591	0.258988106297346	-8.82268531634074	-4.48867765294255	8.75985614530629	5.90157422348193	14.4168834289728	14.8934220253527
"1549"	3.07691234035889	-0.44233752480078	0.334356233162172	-0.635604919795037	-2.06913472439944	-1.68302319180763	-11.9430076286024	-11.7529867114031	-2.17259046194837	-0.974896553866681	-7.43606515170201	-6.25873234957985	8.2158574437685	5.04414674517787	13.5319433951887	13.0604683535907
"1550"	3.43133568163517	1.6532326373245	-0.289186805079159	-1.16038977042837	-1.84388944215259	-0.882064190195818	-11.3451207159284	-10.0948789678708	1.32683349028537	-0.541525892149185	-5.73130449071858	-6.23689216435443	5.49846044187852	5.20067316919331	15.5941120040314	14.2837819768051
"1551"	1.26820464110755	1.87413057496358	-2.85716468925299	0.133814057370183	-3.56069794178436	-2.54299649180705	-11.0010219143817	-15.5913116687275	-0.151359638399821	-0.675382352935465	-5.85266206328929	-6.1872611827383	5.5409351722635	5.14292285446363	15.2701337678778	13.2342696614604
"1552"	3.53390148968105	2.47507384153999	-2.0326015380647	-3.51289519667739	-0.674829025433186	-1.24025380896932	-12.4963728187995	-13.1071698863596	-1.22476994268507	-0.753174966808224	-5.91680049679687	-6.04185912276927	4.41609128741208	3.56526730845275	15.6019824111865	14.1117431292323
"1553"	2.5339619716772	2.21260454219142	-0.631338392343994	-0.470838804511202	-2.21360985536956	-2.03246592228925	-12.3945970020301	-9.78163416616023	-0.630546016271958	-1.77335245380106	-3.51220050562506	-6.92265134534273	5.0206719172217	7.01100607001896	14.5813902443195	13.0108794930304
"1554"	1.63478276357674	3.75366282647968	-0.181244622343676	-0.452664185412208	-2.92519306790611	-3.92818584711969	-13.3373937718576	-11.9184226810324	-1.63605081239121	1.10782136499662	-5.98680428584996	-7.64655328483282	8.7538610701559	4.76782353079129	13.0252623531527	14.8272079690748
"1555"	2.91847085802888	2.22951805311091	-0.316843940882355	-0.193064575258707	0.420950940200251	-3.58806507596579	-10.3586630834884	-11.0223490412739	-2.01410173203878	-0.66148640511893	-6.6860879699846	-5.56777955640695	9.59837940878198	3.62291890736378	14.4278145260978	13.1779392192456
"1556"	1.28134568107049	2.03144199286312	0.017641876481882	-2.32343520883642	-0.721633281241362	-2.91372136058798	-14.399160950726	-11.514860664123	-1.37341997913649	-1.23558902416639	-8.38813971660593	-6.77460123470374	5.34003023820472	7.12444699083183	12.1035430205927	11.270089995685
"1557"	3.127200690307	1.44713711209225	-0.447310762738851	-0.731045379111637	-2.34152725597989	-0.143482480118418	-8.33644834123539	-14.0408695734214	-1.76626313676192	-0.447119761684657	-7.99983894396645	-6.75712877184862	9.16306523624146	6.10674739463578	10.5912476166276	13.4975337112663
"1558"	2.5339619716772	1.38808801486656	-2.40289125818553	-3.25152022272475	0.971660935607751	-3.25911910734632	-9.88641969263492	-12.5828695347263	-1.746888041467	-0.66250061319464	-8.86939457459992	-6.62512586463269	5.24821206256678	5.35714570973509	12.9184347528379	11.4826379017109
"1559"	2.83764512656436	1.67648906087064	0.0847178362895258	-1.1874023628791	-0.825598221308994	-0.849445220412552	-13.3144875579888	-12.3916810686861	-2.46072347403662	-1.07770968326433	-8.30618989856235	-5.58514606288995	8.2838328803215	7.17944983988212	16.7273569406958	10.8513172472114
"1560"	1.25839115026524	4.16073565708914	0.218881427770127	-0.877670310708997	0.146456039618928	-0.998627823322553	-11.068473800683	-10.0658895089319	-1.00139954673621	-0.000575370728229377	-7.95047176115625	-4.0797723267252	9.08804620236262	3.59091617446378	11.1920578402806	13.0279426328812
"1561"	3.68758354714645	1.97810249931511	-1.06725797573441	-0.0678839999783133	-3.7133020268225	-2.39357886954385	-11.7083121211645	-14.2466567662796	-1.92843188705897	1.3483984058608	-6.77630395712219	-4.7070311603619	3.17560575192203	5.10145412576987	14.6854470297698	14.2421563835071
"1562"	1.42750795655348	2.45291823390331	0.163955755814019	-1.9726153379469	-1.01970639411691	-0.64668710061426	-15.3852066013553	-11.7450600298826	-1.70317407799748	-0.364863006739402	-7.17529803995109	-6.49063722527446	9.78790929667592	4.33510174786171	12.4503679007098	12.3961919370837
"1563"	3.127200690307	3.03860453906556	-1.49906893387537	-1.35691045861812	-1.75103306864327	-2.80388299631036	-8.20669309817446	-8.70944411678138	-0.150362560937376	1.13645920816076	-7.16170430108113	-3.67783498892596	9.14568069553235	3.09435553395693	13.531798936566	9.84565960877466
"1564"	2.5339619716772	3.52726232092797	0.41205730185952	0.0406633399682991	-1.87365855468413	-2.03783154798706	-9.53565164923335	-10.6862252180465	2.78232697250411	-1.26672866258172	-6.83919871019403	-4.92980862518879	2.65777523900614	5.92950511346333	12.7523623679489	10.743113019218
"1565"	1.74147216236367	2.25825143840494	-1.43479054963692	-1.42421540564393	-1.88288984184848	-2.07169929800458	-13.2010433889434	-11.5395493215455	-0.240269953814358	0.517050457932731	-7.69360132814115	-3.52503439931732	3.2620733561243	5.90057004811282	14.1225110121809	11.3074519941444
"1566"	2.59383901775426	1.49121054223837	-2.62360424595939	-1.8281642478907	-1.03802257060603	-1.04984029717794	-10.9600325697192	-14.1612771055491	-2.5994311812546	-0.723951425174855	-8.01347425178861	-3.96149859801246	9.61241927200983	7.0625770615419	11.1433992846585	10.9224119143731
"1567"	1.78236386472476	2.26143245460658	-1.33060794994301	-0.427585678551329	-0.899356522445447	-1.78464656059387	-9.67626355832369	-11.1283278406255	-1.82911396789729	-0.66461676907315	-8.524412036506	-5.25599206777343	8.21996682596914	8.24369019744546	14.957061339572	13.1250892268124
"1568"	3.46575017126376	1.11509314895949	-0.062170956994189	-4.85277043793338	-3.7133020268225	-1.82353131599645	-10.5655788643783	-10.9475081978617	-1.69546612559184	-0.936461970850599	-7.16462122296568	-6.26525295200054	3.99763108345547	2.98924475612405	16.5007239397837	11.8533166663281
"1569"	3.48396882062719	4.04970527198332	0.164054702382778	-2.9142836612773	-2.59785244345917	-2.73438489209157	-8.37277707799859	-10.5008071363301	-2.10193273789406	0.520175281947507	-7.34441437409761	-4.51574843565798	5.26124586425174	3.21905133199161	12.4112462521207	12.2366972918837
"1570"	1.22721089176565	3.26305686391791	-0.398141230792731	-0.846727102647739	-1.70817993005187	-1.88416596440201	-12.669698835114	-12.0500871398375	0.423001258112504	-0.567440603170503	-6.7030904749899	-5.028619200066	4.8132721460144	9.10640854478742	13.8400870070706	12.7211129050794
"1571"	2.02179115789832	0.704545481253965	-0.99832094021209	-0.621640429693437	-0.812606984504178	-0.0279396675351591	-8.23247086896405	-12.1837201525831	-2.89054289035624	-1.59479456311434	-8.83664600489423	-5.4945181919463	6.09894210252498	4.71351457180176	13.0806535457276	11.3012025002394
"1572"	1.42750795655348	1.78724973244761	-0.840586250542968	-0.957645066132698	-0.116832237978351	0.333312216360389	-11.9430076286024	-10.4890043414269	-1.77290394904307	-0.149356613968496	-7.1612582453112	-6.2092310275532	4.21215466170081	8.86197415755534	16.1504900898032	10.2368495455263
"1573"	3.07448193652606	1.17671458099354	-0.947726625456244	-0.896270479730873	-1.37804429735447	-0.893141964424759	-12.2506174809556	-15.3299018275371	-1.75964634952131	-1.24223147129989	-6.45121535308353	-3.64563460088999	3.7279341827514	5.33371731235289	14.3769365254225	11.7323577681762
"1574"	3.24060221453234	3.29886538584992	-0.181244622343676	-2.31370486985443	-0.532609810029285	-3.0858719456044	-12.3957039931216	-11.5318982315662	-1.68508329243486	-2.22613591983281	-6.95535642911654	-4.29523767142973	3.98754958413045	6.02028805592743	16.4248868112204	14.1931038109597
"1575"	2.5339619716772	1.52833083644784	0.07634706660272	-0.964431059235408	-0.586603465827391	-3.3955434831863	-10.6328147686981	-11.5127454045185	2.34766471904307	-0.325420993777944	-6.09480807337837	-5.29071320931497	8.55264227623788	5.0407528260106	13.5674534471199	12.3910581158094
"1576"	3.53390148968105	2.73229408946559	0.122647353390321	-0.576192801439003	-0.132987531155736	-2.12068179545135	-9.75834258027324	-10.7538536731999	-2.16479032302494	0.271077508294033	-8.24107851876976	-6.02225592611086	2.66057466112878	5.57404481902529	12.1290314651456	12.908811873714
"1577"	3.48396882062719	1.71460127310871	-2.8902503928662	-1.7340323305788	-1.01743259557141	-4.26232004630459	-9.08040325822754	-12.6674919625268	-1.09664498817031	-1.30470595463679	-7.26765675769234	-6.04652445152299	8.85348338238338	5.74351508085433	15.270697299879	14.6700720192428
"1578"	3.53390148968105	2.71640176189218	0.676402525748545	-0.327626965335038	-1.31798839532217	-1.64051353947422	-7.96904063549488	-9.89812238721002	-1.83095004868275	-0.62959785216034	-7.7148470389486	-5.18522523671917	9.20778755227212	5.95922103613137	15.0018080579809	13.3630403271764
"1579"	1.22721089176565	2.92868813202982	-2.50131463549945	-1.16138525657441	-2.01955686457133	-1.16946149067451	-11.0682519593438	-9.84193155548921	-0.416052232165274	0.306514234097101	-6.50548901751758	-5.12888977886165	4.79149231011283	4.59104711574774	12.1983494810263	11.3178101278885
"1580"	3.53390148968105	1.58486267859291	0.25827452901045	0.0255534966206334	0.257946219462611	-1.43518256461045	-9.8992203255823	-10.531301623607	0.800461743939613	-0.636935094600227	-5.96024289975605	-6.39513781490289	6.82211774729267	5.73943180861932	15.2628855676031	11.3842359504763
"1581"	3.70761124860684	2.64166651077214	-2.89025039286619	-2.13568110129064	-1.73161498296268	-2.35255223393225	-10.9268830460281	-10.1979063655374	0.610102301173747	0.585042192236746	-8.01848928818879	-5.98809541102136	5.49076792537438	6.8421593588936	11.5241496252612	10.995898911572
"1582"	3.68758354714644	1.64746118734875	-0.993100958643979	-0.00869354537459602	-1.63527825134647	-2.40009036511271	-9.32930808816007	-8.71465760401173	-0.976806672173132	0.269648086540543	-7.29053840202304	-4.94150821896647	9.30202867180501	7.86379092567647	13.6383537803851	14.6626641719547
"1583"	3.62255623252432	1.4261813918696	0.547194686094846	-0.704117768367642	-1.62233708201352	-3.10541996540418	-8.88509112209876	-12.4740581849633	1.91338998125624	-1.11052947170086	-6.43385884541509	-5.55053867887085	2.5074319676538	5.41867775098437	14.7162914200926	14.1131555245087
"1584"	3.70761124860684	1.26019739514353	-2.57576052841243	-1.1788175939148	-1.366905558685	-1.18002777377557	-11.8918189031161	-12.0586911698258	0.444910319530535	0.404682166915095	-7.54738855037748	-5.79297858154591	5.88565551556737	4.53841124003026	13.0608362733609	14.6194218444114
"1585"	2.5339619716772	2.56964108119718	-0.849686569847636	-0.990608172284394	-2.59052571164031	0.0911833900137227	-11.377483274197	-11.563377284272	-1.57032120686473	-1.28544678027	-8.25333815862692	-7.70251668389042	3.5582221571613	7.33405384978576	13.5944484311459	14.097882264794
"1586"	2.74669587304158	1.72257617519409	0.624273153114186	-0.666309819363231	-3.03002690036359	-0.492970262230775	-13.1224511301426	-14.4050755403143	-2.88961738761331	-1.15982575549404	-7.23663143801503	-8.18633121550573	6.52558803668975	5.57923348883432	13.7680469980029	12.7801224085877
"1587"	2.5339619716772	0.993785958754352	0.565231518730528	-1.65696582096531	-0.386614159486402	-2.89451604457878	-13.2048151672633	-13.6120196040991	0.396476600883171	-1.65994560333586	-8.4986206190454	-7.71624932380726	6.80698091185783	5.39327887579982	13.5664786361743	14.0896947152344
"1588"	1.53123624372172	0.94598603186411	-2.31422402904729	-0.821077150277878	0.0268721649321888	-1.66848568111693	-10.8405465942465	-9.21059834763077	-2.12522892806039	0.164689928157341	-6.65103519360881	-4.14935244356999	3.91230717716541	6.12165092639574	12.2224543926149	11.5850397635137
"1589"	-0.372460467046985	1.16169179467672	-2.28863607680008	-1.12524615649687	0.70413442613829	-2.63089006428867	-12.2903576044414	-13.6214954612495	-1.36796702944704	-0.907241354048497	-8.25688642208167	-6.30465782462837	3.84776024614321	6.52800005640753	12.6001208237179	13.0303967292303
"1590"	0.859853321266064	3.04615282368032	-1.3955057774359	-0.568256300297155	1.47832912770617	-3.38962477004679	-10.3670226579185	-13.8879001573208	-2.17313887546956	0.412040360357045	-6.03835453175303	-5.41019090004702	8.11325685847611	4.03909639763279	11.7375976811359	12.9486846447212
"1591"	2.25127576686786	1.83133466566689	0.342396442383654	0.030285847230373	-0.616951312028233	-1.50719538515757	-8.70254243869498	-13.3995238817854	-1.87934626114051	0.857375842167783	-6.27975753847973	-5.95292624338456	3.42531397625956	6.79566267674163	12.6078888900774	14.02616205477
"1592"	1.22721089176565	2.14803841412724	-1.12045377524448	-1.04930965834464	-3.04087229981174	-2.57059824875605	-10.4816572805022	-11.6073905184171	-1.65999053695095	-0.724304438221354	-5.79168361419039	-7.68385165586355	3.46838005146515	6.06999128543847	12.8045410314697	13.4133843888503
"1593"	1.26820464110755	1.51740492631185	-1.75559427597118	-1.1282729863893	-0.0936704811427747	-1.19898039978744	-10.2840611332482	-9.91370878464246	-1.46542738714999	1.18816197696274	-7.79762480064757	-4.3434160779854	4.3610380240284	6.91330059037868	13.1058924161565	9.39409615633879
"1594"	0.85985332126607	2.15322046648744	-1.00655974879323	-2.42169144788446	-0.0444150973486724	-0.445813610799008	-11.6213887954615	-15.3503856383875	-1.02649803484017	-0.185227487068598	-6.0493247870541	-4.98522181595639	3.8254074023513	4.73317426200705	12.3790668292427	13.8276453861491
"1595"	2.5339619716772	2.75183219916944	-0.929242517099885	-0.584639231706536	-2.84309309743629	-0.916975749279727	-10.8136268196242	-11.5980263092571	-2.39948675014326	-0.224386791312291	-7.3482712319427	-6.01741293796993	8.0272725150487	6.82598811066548	11.8384254996918	13.5088902000282
"1596"	1.69488342336227	1.13022717495591	-3.26525599549308	-1.75978769507855	-0.64299549753898	-1.65341368407783	-10.3237493551306	-11.9544919983802	-0.262721894104732	-1.31866889516578	-6.27921368091958	-5.858512809212	6.55914367186387	8.59991078507712	13.2977645229994	10.3756736374221
"1597"	1.42750795655348	3.0991538174717	-0.928599129472632	-1.60840641559153	-1.52217962822403	-2.54938994289698	-13.5642874262841	-12.3966719153054	-0.514053194129781	-0.404722423954344	-7.20308016736982	-4.55544369512424	6.73051069618309	5.62165760221648	12.9506461218788	10.7502300857586
"1598"	3.53390148968105	1.32463517616833	0.412057301859518	-0.157030098176916	-0.624473177990012	-3.05314182866537	-12.4258291523658	-13.1163464730303	-1.28848198537391	-0.886528936466151	-7.75338232527867	-5.11991006115289	7.67119742162992	3.44839807399938	9.55664716436928	10.3022717342165
"1599"	1.26820464110755	1.61246222528608	0.261537496627688	-2.04196190451262	-1.47230749467392	-2.27567277099189	-9.56360140287292	-9.71768569732769	-0.27054227526158	-1.0660754049729	-8.33965452693965	-4.64203548495966	9.0539215274043	7.93834047942763	11.7672841774297	12.0367511288404
"1600"	1.26820464110755	3.29612707367183	-0.627927607799857	-1.23995586642703	-2.92901084375193	-1.59890350387571	-11.0593393206987	-10.8289862249768	-0.65387596274733	-1.68944589138953	-7.2605833945473	-5.64832364704482	9.2026780887728	7.79720535956145	13.8946217656056	13.6439195235904
"1601"	3.46575017126375	0.580044925198384	-2.7894728852378	-0.733876431726689	0.0523895957755344	-1.27913303744489	-11.392728782383	-12.6697832101183	-1.27319361376567	-1.95030123267752	-7.12178249802989	-4.33146709839105	7.14367734640462	4.75830348826073	13.204193995216	11.2680770093441
"1602"	3.62255623252432	1.89750449561118	-1.48020216408485	-1.02436437601326	-1.91007261107237	-2.75304065754844	-10.5610776322537	-10.294626398198	-2.72075353968574	0.205219738890964	-6.35923320605975	-6.06051420005408	6.5369013832429	6.95856569343366	12.1244655044547	12.3928171070502
"1603"	3.70761124860684	1.06699134580401	-2.78203094206806	-1.60057583341529	-1.12644012791006	-2.12211156694361	-8.94634132214838	-12.2286816864157	-1.42867390099647	-0.0458999566584525	-7.76393497893883	-6.64151974040514	9.77178736854655	4.99400093046909	10.6236391071174	10.6437379439593
"1604"	2.68444242761198	2.20569376208235	-1.12045377524448	-0.358364620524495	-3.4715527570457	-2.00887684174943	-8.26109697052137	-12.889881500206	1.76945765588471	0.880932570471379	-8.02393482146087	-5.34864997848134	8.13499268067104	6.59877251602361	12.8385407481302	11.7463608566643
"1605"	3.53390148968105	1.14800658499725	0.163955755814019	-0.515742835238155	-1.36429696444956	-2.26716150259055	-11.7648857162451	-10.0776603907067	-1.38915605928616	-0.516193585679994	-7.07962925245682	-5.66273533742218	8.42226069116837	6.34770062963174	14.4511759575047	12.1245784369835
"1606"	1.63478276357674	1.36428133521527	-1.9932369777165	-2.0760739039464	-3.30987847423072	0.327425523514755	-10.7620768985728	-10.2453515539021	0.190176640719806	-0.113304307476079	-5.45118578120208	-5.96850906707487	9.46788160306482	8.24352780137893	12.8060361472822	12.3276732241718
"1607"	1.22721089176565	2.67407503825993	-1.01031124745268	0.466734991012922	-1.71664201963593	0.173786828209005	-10.2642748143933	-13.4845910493468	0.170796220272469	-1.69375861073386	-7.79864075554844	-4.04181775878403	10.0687867113533	5.01234309669319	16.8619783448124	12.5342050844201
"1608"	1.78236386472476	1.17458016530056	-1.80037206518987	-1.17222844253453	-0.585262785529807	-1.32069063695335	-10.3319029821291	-10.6393738286346	1.16573622976915	0.527760529588445	-7.11015795783417	-4.78695305474964	4.14886498758973	6.87818964777265	13.3864295050697	9.83453291155089
"1609"	2.1652882584534	2.13833822370831	0.522013907635014	-0.0355656285577871	-0.920727676390321	-2.22080875019	-10.7510897596416	-9.91408538818321	1.4140720721108	1.33376777934813	-7.25439384538021	-5.50349036414536	8.86375722131666	5.75381564323426	11.8298052754374	16.1614493288085
"1610"	1.58915648360365	1.05281973574077	-0.492209936837279	-2.78989176359723	-1.48222224313474	-1.48050084931283	-12.1448394587386	-9.25046542895141	0.0793573421506815	-1.55049834148995	-7.52218130725003	-4.3396844141644	8.79353666711507	4.94276113375931	9.8261656674267	15.2866649734673
"1611"	2.5339619716772	2.58519622039944	-0.769665408119928	-2.58212454237147	-1.63815751242741	-2.71991088271958	-9.5389194283906	-10.7282395129148	-2.05878324030155	0.391480640054857	-4.94547991830326	-6.23811606699413	5.07911740409235	5.08786353308018	12.8394741229942	13.7862659305307
"1612"	2.93619282165895	1.1410620688868	-1.29921605335158	-0.841324539478457	-1.04503346223345	-1.13234106476768	-13.6141709092612	-10.4000092874598	0.611175247588409	-1.57269369129585	-7.48996215538919	-6.25324003603896	6.60533343891513	6.91005102805253	14.5814210499631	13.8500764868977
"1613"	1.53123624372172	2.58223837902983	-0.181244622343676	-0.94541658763112	-1.01436900223948	-2.34648668107416	-8.86436494011621	-11.8934474244189	-0.614853620693069	-0.474438153742643	-4.62932425241875	-5.73648859283826	3.29013915997171	5.27376646059948	14.6059007228417	13.8947883216793
"1614"	2.93619282165895	2.86660534252931	-2.64636114707199	-1.37392844423693	-2.0952663331039	-0.0891722421990892	-12.4432906624624	-10.3424582048507	0.947301603413033	-0.243609305366117	-8.41360617385506	-8.1611444883672	9.13443831800691	7.56258579537737	12.7703560058168	14.201853498824
"1615"	3.127200690307	2.0967075492992	0.319828148776556	-0.265189453575394	-0.13481506423999	-2.85458971104257	-9.61614385318427	-9.43471934343944	1.50867608936106	-1.82558537747243	-6.95059494478247	-5.51630192612625	7.97874793450029	5.56094175970605	15.0879873410442	12.4135921182849
"1616"	2.5339619716772	0.997420193781105	-1.1218047774174	0.200306706918239	-1.81814103620541	-2.95351552454337	-11.1939809306701	-14.4198826078961	1.44806571519495	-0.611755288435826	-6.8106733450305	-4.90935141330768	5.49935821579055	7.10646480834534	14.7649736389371	14.4238029441315
"1617"	3.68758354714644	2.56644023655543	0.258274529010462	-3.03852302628695	-1.54575626087885	-2.54994490775762	-9.85479713213997	-12.1823934640419	-1.80219639844903	-0.683793675569796	-5.82544555618252	-6.22365527765024	9.77907713391653	5.27749201194613	11.9170070638956	10.6227716520112
"1618"	3.48396882062718	1.01683420429668	-3.62103423030891	-2.2434375708902	-0.746827785755123	-2.24757545538593	-10.9443909691273	-9.14215508133225	-2.59134681867256	-0.553607922822462	-7.48560354294871	-5.06545643101264	2.96903693853275	5.55631346700328	15.1670070385428	11.711883576558
"1619"	3.53390148968105	2.03122571281824	0.395496779611995	-2.42579791517094	-1.38164071874071	-4.33924679047428	-10.9331022132615	-12.6441093296381	-1.56690200541316	-1.68818959088323	-5.80061330230314	-5.64519739399408	9.64290056054274	6.08489952322756	14.37724742836	14.3337254374701
"1620"	3.64019661367844	3.52787420997077	0.164054702382771	-2.91566985971228	-1.79397738464076	-3.60149701923339	-14.8407429930927	-12.1265312858755	-1.11255476902529	-0.785953846213951	-7.74794171835313	-3.69289701583861	5.64681982999307	5.88578202774036	12.8997232004748	14.5052794439567
"1621"	1.42750795655349	2.48696993434197	0.0976339561121644	-0.996880292290482	0.255952847343389	-2.07294946675445	-10.6929076025367	-9.70525982944201	-1.4113958280653	1.4585350698388	-7.93738975663967	-4.60616542437385	3.72200494235118	5.99408563454525	11.1686018218448	10.7693022982995
"1622"	2.81376536857882	2.02498254721176	0.291784447984827	-2.54968063891978	0.334257076293744	-3.71047094962537	-10.5069151780497	-13.5134824233365	-1.25693531969744	-0.775097324206437	-6.61571387893807	-6.4534772055836	3.19398061217673	4.81347131237312	10.6082921961594	10.9269422082622
"1623"	0.555332345974033	1.56166910754479	-1.33060794994302	-0.612097579990641	-2.42541536342092	-0.889827956305042	-9.84789412233192	-12.2492721769124	0.830336545953094	-0.0686887345172236	-7.20558681134935	-5.26565421289326	9.68449502294068	8.48354427553786	10.8132449863314	11.5708569372297
"1624"	3.69405698806467	3.65697804446896	0.449077346100248	-1.78084269040172	-1.13499798761973	-3.81267142864204	-14.2552727685428	-12.1266876030175	-1.20848114654529	-0.511180635920537	-7.9201422722305	-4.95578243857855	3.49442004665148	6.54703085762735	12.1893860768495	15.3586446699629
"1625"	0.326024672448886	2.17490977531948	-2.45784883743944	-1.11148689047902	-0.481017540880247	-1.40310848723704	-11.9431634706685	-11.3950203045056	-1.43301668326349	-1.9171017674292	-7.57468010039135	-6.73910256354244	5.68242121773565	5.89199731013661	13.2982797712194	13.9042669971161
"1626"	3.25883174695873	2.68223070469463	0.231922182660659	-1.27652248999017	1.22135608051057	-2.07433975138964	-11.3487758809971	-10.0603069694017	0.5051878992877	-2.01696346650726	-7.04593463524868	-5.15056070062285	3.98738158887283	6.38539143044049	14.0995006639488	12.8272555590489
"1627"	3.127200690307	2.23105963602089	-0.639031796093253	-0.736008093448132	-0.404230543807372	-2.35528367872722	-12.453849110816	-13.6000759065158	-0.1786221070545	-0.724927961605941	-8.34350942853766	-5.69691631307107	9.73042003041517	4.86830492479943	15.6913987002631	12.5298892520627
"1628"	2.93619282165895	1.00335746077527	-2.6567643209277	-1.1979001407372	-2.30132691080678	-2.39614484036203	-9.27371987398134	-13.2189128375541	-0.956831037885923	-1.49751203029708	-5.83027355600449	-6.84059498537478	8.5343945806807	7.41291728271665	12.0705509670421	10.1204772191543
"1629"	1.58915648360366	1.61426325674195	0.295279413824101	-1.45294214722174	-0.471764225502323	-1.88101356005454	-13.8807090694828	-9.21651241225352	-2.06269225043734	-0.453642397031531	-7.58333304301762	-6.51241684040167	6.31733746278968	5.78663914902213	11.5321655014954	13.4845217584423
"1630"	3.69405698806467	1.53121401644607	-2.51749059098518	-0.865706953445603	0.206913338600275	-2.95082629884843	-9.8511548143895	-14.6584723879278	-1.5440086169287	-0.613425555849694	-5.71785710159785	-5.21043442915982	9.14906262799015	4.7194841648973	11.2291124073602	14.842787137889
"1631"	1.26820464110755	2.12323442510885	-0.592632405001531	-1.98262883622255	0.508334663069303	-0.37937491918386	-9.86344963297181	-11.5108702053443	1.42096422889272	-0.0499229842609547	-7.25601276387875	-5.98239248168608	8.33762042977346	7.54660985240232	14.0224183851869	12.7780587312596
"1632"	2.68444242761199	2.16857655510976	-0.38878122048134	-0.116806686171184	-0.0235594966242825	-1.12907973869292	-14.9080352980204	-11.0482141314907	-1.68333570533415	0.367106601653946	-7.56631521428383	-6.0567478445441	3.24908218784751	5.49265009161588	11.9841573654793	11.2634002139147
"1633"	3.62255623252431	2.47232818097282	-1.6092422118548	-1.41442194651174	-1.7934068622249	-0.907174480035857	-9.82919997398411	-10.6950890470723	0.254092197516132	-2.47298354864941	-6.27580172889723	-5.19385051567957	6.69473221159991	4.45468157636296	13.1167794331259	11.6174694818181
"1634"	1.28134568107049	2.70248184549947	-2.24789797954194	-0.815556100020878	-4.16624640260964	-1.70696056962114	-12.6841143409151	-10.6222202558908	-0.373345043825883	-0.334421185809224	-6.60839656132669	-7.34769763173907	8.06270523651727	4.65067843395339	10.3264451695211	12.2110517137358
"1635"	0.826024117988904	1.0528560759115	-1.25679008062068	-2.59400893136091	0.180896544987836	-2.13607634169385	-10.8813202633307	-9.59461707906433	-1.98716928921638	-0.106953837033083	-6.93185762521689	-6.10227493266969	4.26528273859924	6.7178955044954	9.8067992613059	11.324757338153
"1636"	2.5339619716772	2.51803612149552	-2.81099275037869	-3.82019155315496	-1.54615715337167	-1.75763989395839	-12.9051341768117	-12.4644726760679	1.95117391493004	-1.00249264018799	-6.99312301542541	-7.31903929152874	3.95741949009809	5.50087838633233	16.4067552564113	13.1504625876386
"1637"	1.65958833433676	2.49234119585222	0.506264055720336	-1.76489681072881	0.420950940200251	-1.58821453854685	-9.4907954971614	-11.6131267009758	1.69207574288625	-0.850514910106501	-8.21342537717896	-5.73550206979607	8.16315962685071	4.10857221649501	10.551082854895	13.8012079683807
"1638"	3.64019661367844	1.57502857758453	-1.60568973969358	-2.61943109632153	-2.09225638240089	-0.727885361139508	-14.4484016341593	-10.2205339747243	-0.741435208673312	0.247969102493717	-5.76938072881707	-6.55166327867932	5.49340869383486	5.62103510027955	13.3605276914789	10.8377467223081
"1639"	2.81330726557684	2.28406636465969	-0.947726625456241	0.547757928646259	-0.977594344461851	-1.76501049927246	-11.519146943261	-13.8600208425688	1.35570613561517	-1.96052115693581	-7.1536645154381	-7.63413475538185	7.35825837056947	5.21402789924689	12.7313542352433	12.7150966207953
"1640"	1.26820464110755	1.66893123804522	-1.60924221185482	-2.15883527717326	-1.24148912162986	-0.945530411573996	-10.8767836889038	-10.8605172844282	-1.72829956311787	-0.78480743563161	-6.56164267912175	-4.70213284062981	9.26274893278853	4.21376594766829	11.3680086021172	11.2034791582787
"1641"	3.69405698806467	0.374791076898543	0.378445121056229	-0.977672057827971	-3.11028576671776	-1.99007424391124	-9.93147980451829	-11.2452061725699	0.24014728713865	-0.549711847233529	-6.67247472926012	-7.76431467966014	3.66674519858804	2.8987459269666	11.2629906965447	13.6178000589664
"1642"	1.09941027613563	3.02000536558112	-0.38878122048134	-0.733643135411654	-0.0888109424971482	-3.84542404711602	-9.09326777856312	-12.7603034572399	-0.0658513056937198	0.883321702001907	-8.09775169959461	-5.80295256799718	4.05951937622063	5.05166022353666	15.2371986752105	12.6520856530069
"1643"	2.51739454275519	2.07345346494996	-2.82344812562889	-2.28952686885253	-2.22372226970972	-0.818568613754371	-10.1166897395052	-11.6959755846509	0.162147123536904	-1.29513498728743	-8.47847866404054	-7.01795067814177	4.66495935790804	5.13480179101306	14.8768988826134	12.6227892348513
"1644"	1.53123624372172	1.36041815153805	-0.388781220481335	-2.27037231520628	-2.1488691821028	-2.44026816729732	-10.3299603610537	-10.1783209390344	-1.94970759046408	-1.55729272142304	-8.23774614985555	-6.13267003833221	3.35405873927886	3.79561074204592	10.7444253106392	12.7447059571505
"1645"	1.26820464110755	1.68858353033482	-0.171417253286763	-2.33732657648448	-0.225839410037226	-0.315932617801579	-11.8330480799205	-12.188539814022	0.190891134439899	0.325602742034575	-7.04566554894775	-4.90614137863808	9.20882322900191	5.45005124614257	13.2498454167248	10.6066220773049
"1646"	3.69405698806467	0.263553463797419	-2.85502951103748	-0.821146941274143	-2.66996274969613	-2.82835258567043	-9.16296085700094	-10.2325644736481	0.405375158576474	-1.15121505935378	-7.31971542656839	-3.85989782432272	3.63573962928133	6.55879603135632	12.2647138744276	13.0840351256499
"1647"	3.69405698806467	0.841126192330554	0.340884827394653	-1.85139949705489	0.739454144094718	-0.302115597888839	-10.3430492316015	-12.584450784816	0.173121105585915	0.478472966214871	-6.2471204638266	-5.61291262723992	3.39160780129789	4.73947567692558	14.5710547810049	11.3775233518943
"1648"	1.26820464110755	2.54663432378858	-1.3346442417685	-0.729235743758778	-0.738295696716149	-3.17301426078555	-12.4208661471664	-12.5408632616535	-1.22315301326091	-1.34703451698455	-3.69198308193701	-3.27692166606035	8.68125983711259	6.07049654952719	14.553593981815	11.694574255737
"1649"	1.48926697380617	2.30664135188962	-0.208474123089632	-1.17044530974106	0.173913549914825	-3.44387207326422	-10.9046139108473	-11.9603287344153	-0.180382464368453	-1.24450859930504	-5.95980126118605	-6.41885310158353	2.8182839230477	4.62582981695689	12.4653594975957	14.631052950089
"1650"	0.85985332126607	3.47396862390132	-1.03943951654412	-0.536724453243538	-0.980055387239453	-2.38783661844386	-10.7936091449472	-15.0954776059048	-1.69216346846248	0.63851865807526	-6.30970371994792	-5.04428239919341	4.45794444540844	6.83532666726095	8.85184840924514	13.0921870427017
"1651"	0.153699175150446	2.19063399772738	0.732391209613182	-1.64026124529557	-1.97517901563066	-1.12020067506189	-10.7389653846193	-7.27175517884886	-2.2785788134428	0.154247656416688	-6.80259036568314	-6.00244196070588	8.7211904944861	5.80699360547099	13.4565049340905	12.7919890851946
"1652"	1.09941027613563	2.63082819548613	0.732391209613182	-1.67565561511536	-3.71330202682251	-1.22880652998485	-10.3810141862916	-9.70757401315924	-1.67010547342936	-0.139974105284264	-6.85823227684758	-7.60326292688865	8.33098472618483	4.68948810621665	11.3309444598259	13.2397886433738
"1653"	3.68758354714644	3.7491615321977	-0.053808050611158	-0.148506476792915	-0.13536753020476	-2.15739073615571	-13.2630016226634	-13.2320501044981	-0.123105645933114	-0.0815855058273304	-7.35312921629363	-4.25384351237132	4.62992032918391	2.60508697207056	15.2092609476513	10.4883937355247
"1654"	1.26820464110755	1.3168083901186	0.130509694398359	-1.22174103033647	-1.15652511343976	-2.20402348830217	-9.99065726505906	-8.63411458191832	0.516803829562011	-1.15423260793889	-8.5785988361914	-7.18437985639391	6.01413466722848	5.46653534373105	13.7121392142872	14.254637533313
"1655"	0.737674920874248	2.01730762938595	0.142844610079111	-1.93350677728435	-2.01944995684688	-3.14508734973939	-10.6763522646463	-12.3033340789876	-1.78981754952961	-0.131340000115926	-6.73457435397403	-6.86140460831187	6.62485237518928	2.88452865605065	15.3460552028861	10.3766457241613
"1656"	3.72552284306841	2.81979794896948	-0.635691854281309	-2.11708395450175	-1.91010855835445	-1.51142314777511	-14.7773811514272	-10.5663145280375	-1.07797682904585	-0.577269076294791	-7.52219976561154	-6.03469234071832	5.25199609316982	8.05735132252235	12.1210437778054	14.2859546801949
"1657"	2.74669587304158	1.71907774572948	-1.49906893387536	-1.06167351300221	-1.70464842861587	-1.21237818551573	-13.0240214808224	-11.8733641292062	-2.7843901767658	-0.755657355158026	-7.58112106533884	-4.78861560946959	5.38270152171335	7.41727608273789	10.9933560232673	12.2799794147568
"1658"	3.72552284306841	2.39843130125985	-2.49895591600344	0.0519985038148267	-0.355705562441304	-2.27063414846552	-10.8445223232468	-12.4981409794297	-2.59134681867245	0.445962119511351	-7.36397660989986	-4.8900734541751	5.72523516211517	3.70995167054527	12.6026124905526	12.7511939204531
"1659"	2.6760927788008	1.84115437702752	0.70232527238103	-2.21751664079904	0.882001689725637	-2.4365104550662	-11.3572065644445	-13.6161920592443	1.6015094714717	-0.672594501179603	-5.92069893331734	-6.14160041531633	8.73878348793409	5.12135374375868	14.1037637641174	12.4835756880998
"1660"	3.68758354714644	3.58246494313955	-1.01804277119912	-2.09275638805737	-0.619966101496599	-2.09900996129079	-14.1845728415161	-11.6289054320957	0.986071013178947	-0.592461662614258	-6.87401315537661	-5.52553210772804	6.14828952443006	5.66895093069997	14.1983968186885	13.71900145237
"1661"	1.77252256953906	0.884261974305838	-0.928138782500892	-2.09849186051819	-0.319029508071654	-1.78982537296458	-12.2607799856218	-11.2067509570158	-0.104574933988722	-0.668899373964493	-6.05260632983459	-4.91616146570158	7.57289463438148	4.9839909025316	14.1921296786842	14.4080121105674
"1662"	1.42750795655347	3.22036196827052	-2.56470894645206	-0.271913197582415	0.124482321654973	-2.46588949137603	-10.323606832685	-10.7626615868052	-0.0428605104569162	-0.665065828045084	-8.28421014538678	-5.54522373711567	4.20448954995322	7.04341382757158	10.912781922297	11.5504324384621
"1663"	2.5339619716772	2.55574756622517	0.490607755120916	-1.26634633950895	-1.04539056053638	-2.3951359613503	-10.5715177602953	-11.4716699316126	-1.79141886393783	0.00708338908550846	-4.97203560915806	-6.90474367481966	5.95868046414534	6.85628838748529	14.6903879958931	10.3019529500594
"1664"	3.127200690307	1.01157343836911	0.0231260895126383	-1.40826362820434	0.0523895957755297	-3.56340931991174	-12.6495457840918	-13.6720276907594	-1.50638254439341	1.50977513245673	-6.33397349908053	-7.40998029682822	3.38784980287103	5.23672148819683	11.2892149343427	14.3689679164448
"1665"	2.81376536857882	0.646175243916638	-0.547001984888463	-0.341231113032013	-3.5642877725397	-1.96197983121435	-11.3723611669487	-14.7418783096316	-2.30909303494512	-2.4499298325408	-7.01555676942453	-5.61414308360061	7.11170025542524	6.73422482958091	12.4859955632567	10.7456436814279
"1666"	3.0807109034577	2.6109831730333	-3.38994900284766	-1.60818970888527	-0.416718328664768	-0.687311768475584	-12.4225348640822	-13.6649752350983	-1.5634619768528	-0.587062991743688	-8.22073014526302	-4.72459177374494	6.82460677383316	5.78883113418163	14.453519912425	12.7512360735052
"1667"	3.33611491552334	1.45295205778881	0.340884827394653	-0.873424398500313	-0.324855680811673	-1.85337012591275	-10.3026918096248	-12.2183254171263	0.305933005483421	-0.553793809402049	-8.68674155331095	-5.87359983509748	9.40995987814795	4.07448446256731	13.1793807916059	11.2795070562803
"1668"	1.22721089176565	2.35699207771367	-0.818796404830579	-0.301397901720475	-2.7769317790784	-1.3854426560327	-8.31384427280524	-10.4266265132556	0.274823594563167	0.413706301374357	-7.20338988286091	-3.60249919482818	3.67145990745419	5.54054905105939	14.6285036479115	13.1387277827359
"1669"	1.26820464110755	1.91321531041733	-0.0255610888310433	-1.37942112450445	0.064027619051754	-0.69459917282869	-10.6763522646463	-11.1518256172753	-1.21669592619419	-1.22442323238003	-7.50721994703151	-4.69181597654658	6.36005526615296	4.85212973840458	13.3134999897945	15.313490086856
"1670"	3.48396882062719	2.24047884693182	-0.876099774685211	-2.78481186922699	-2.42033249756271	-0.476188114226963	-10.2237831712628	-12.0768572943039	-1.37035120759383	1.52667443506582	-8.47473917255659	-6.59477964854009	3.95032408744127	7.90725388439157	13.6016558047597	11.8711230850455
"1671"	2.6760927788008	1.68782915334174	-0.207532195406468	-2.20759367255203	-1.35742821624228	-0.707301937201361	-12.0586076664571	-8.69178289041311	-2.19729872849318	-1.96372621066803	-4.93411882884413	-6.07121453695827	4.24629643853563	7.19421244150862	14.9533986627871	11.9049460949459
"1672"	3.07448193652606	3.06481067241705	0.07634706660272	-0.848779448744788	0.290566909992317	-2.25188648588696	-9.27378394674875	-12.640395377003	-1.16223992783001	0.85615993577349	-5.69572036490263	-5.86594318587741	8.81258441702443	5.75282217295844	12.294550933172	15.1078143429885
"1673"	2.8803367386609	2.45581605898662	0.0861168073681574	-0.895455259703479	-2.14363829053067	-1.50569300762384	-11.2674815090586	-12.902913102189	-0.0438744558112992	-0.402287398509704	-7.16464800138912	-5.26962892530083	8.81139997714767	5.78370742431373	15.2225283243734	13.6838677792435
"1674"	3.127200690307	1.62069499374484	-0.757337544249289	-1.79115142216255	-0.13481506423999	-1.60078971003089	-12.2225157368238	-11.9474586403349	0.868869575034346	-1.21484285994634	-4.00981045607159	-5.66065913078331	4.08818165857905	7.10517956344401	12.7143129178164	10.5366163437238
"1675"	2.5339619716772	1.50338095205965	-0.0988298730785885	-1.51308458486975	-2.1141789609652	-2.268341883315	-9.03387548663604	-12.9385824989688	-2.43611105335322	-0.31183603212566	-7.23288759176635	-5.08181413163034	4.13312109294215	6.2891042272972	12.0081724659359	13.5199350225284
"1676"	1.93255647088118	1.84784114578576	0.447706165986359	-1.60465246265948	-1.24312963719372	-2.07407295450662	-12.3265145944225	-10.0552493653855	-2.44717427813703	-0.0807320350623092	-8.33311167756027	-4.29393163128488	6.91141509470095	4.79087364080615	15.0846020664896	11.1151566204387
"1677"	3.53390148968105	1.79236176437897	-2.27926740236996	-2.40374039010285	0.045048027559139	-0.935282188306028	-12.4480078728594	-13.4020842013486	-1.79226885841018	-1.5931040696637	-5.13966438873899	-6.41456172838118	5.83957176083842	4.46050448102679	11.8497328976882	15.3377080410748
"1678"	0.826024117988904	2.22584068632744	-3.3073658422292	-1.06186572723223	-1.79388119239201	-3.59642483419231	-12.0304119323407	-10.0060999429049	-1.75508934996245	-2.48858708502991	-8.11205839778207	-4.72407403737695	4.52367082580705	6.54903846403792	13.3192696991412	12.757033481768
"1679"	2.25127576686787	2.12254956157088	-1.54511273350415	-2.22114520320879	-0.481691074545033	-2.24521117110133	-11.6336608810813	-8.79727414446166	-2.54418843269373	-1.45553694667624	-6.39495710859465	-6.57489011176308	8.35151379289517	7.47054953673427	16.0158775778796	13.1093957912079
"1680"	1.28134568107049	1.33203092679676	0.389907595806722	-2.24909591374473	-3.51583688681315	-1.72816978465696	-10.8417615291361	-12.7160752498994	-1.96176736914951	0.993049335737283	-7.24835174104385	-7.06123100510831	9.95482397304693	5.4106426470782	11.8424961426539	12.6960542886829
"1681"	3.25929910996267	2.46943688839511	-0.22336730475354	-1.58024081270317	-1.29720234413485	-2.88123371498644	-7.78983510844915	-9.5221185131516	-0.0288272726751908	-0.378499759825496	-5.87376746369325	-4.46188397525436	7.35713319146368	6.0264398542085	10.612840070293	11.5050874309989
"1682"	1.26820464110755	2.39488671694174	-4.24181682140251	-0.208751961288995	-1.86350948520701	-1.11050680404587	-11.9721584168049	-8.85033497215288	-2.09175185839599	-1.44597120391198	-6.47636955884496	-5.78562881712053	5.80037680932713	3.65188488346686	12.3886567987666	14.3043044249184
"1683"	3.127200690307	1.58622185988473	-2.60860713188805	-1.90759700834025	0.364739946045203	-0.802257880600084	-12.3172356372114	-10.1129040227468	-0.501041642390767	-0.141684109959356	-8.47435989635798	-5.59189710060999	5.81897952778596	4.07120370465005	11.1237953291326	13.3657283494135
"1684"	3.43133568163517	2.21311039207911	-2.45784883743945	0.351002635495022	-0.0683702324488404	-1.75292805173136	-10.260873677748	-10.8531882861225	0.333764110858667	-0.295093906330408	-6.4820953576891	-6.38873202105365	4.88892833992721	7.30261655361306	14.3704692279278	11.4568158685087
"1685"	0.632413614486091	1.71766133447019	-1.72430195381728	-1.54427455672012	-0.0936704811427688	-1.23125049439218	-10.7774801157426	-9.1736382792013	-1.04993152366171	-0.681464810883791	-7.68280904310853	-4.12293072783395	9.89591850318681	6.46925654507912	13.5336458631733	12.7744452087625
"1686"	1.58915648360365	3.18683712550906	0.270897506939083	-0.620764339520969	0.824676929297833	-2.32223858709462	-8.44728349070911	-9.10120061716047	-1.49230496340363	-0.8293467207995	-5.84273458468126	-4.24287529282846	5.82093320565636	5.10533319784694	12.6481392437052	12.4894066075733
"1687"	1.78236386472476	1.01884888349009	-2.00323514552776	-1.93252448588186	-2.03754692541334	-1.83482623636343	-10.4919635878414	-11.7812067933207	-0.0270306028240546	-0.091618180348019	-8.8304320724917	-5.66814550186347	2.80473478377779	5.88964630636673	12.6690988091429	12.6051428148407
"1688"	1.71468434781152	1.38928400340697	0.541756234329616	-1.26032491155893	-1.98970904501054	-1.05873114283983	-11.6367170408497	-11.3073627482182	-2.48480848006669	-0.677489483822361	-6.88615037988395	-2.99627351737061	6.17111843413069	5.0471640559748	13.1628047729198	14.5792007142948
"1689"	0.737674920874248	2.52934483999012	-2.38445120810747	-0.839854408473431	0.937519697444525	-1.47654387679201	-10.9894571423731	-11.331552871071	0.926126492756274	0.510893183373071	-6.67459165117441	-3.81522662956651	7.96753895300293	5.0310965939872	10.9071461775086	12.6122396070043
"1690"	1.53924058543611	2.50329926592092	0.0528544750867593	-1.7706755778171	-0.870893849882521	-1.2022859086085	-12.228085387122	-10.3031545448252	1.85616652830801	-0.201284915259882	-7.65907237711154	-5.57994122282345	5.09130329693601	4.95630396251973	13.040823657329	15.4615187690678
"1691"	2.5339619716772	2.56249129265404	-1.13797842185629	-1.11762873906961	0.400636491447963	-1.64289249662497	-13.3225296212942	-10.8259522115792	0.532287397936322	1.43801765017076	-6.57651039767518	-4.74990740569623	8.32218942673888	6.26838938770821	13.3363084269501	10.32960490349
"1692"	0.467109602223086	0.643496429430936	0.732391209613195	0.0974070150790867	-1.60460486803505	-2.76704542510672	-10.1853546500875	-10.5694646842197	-0.348404220757851	-0.583430375953714	-7.77261278165908	-5.12509842880459	9.47847235654512	4.80082133070083	10.6666622557307	11.0894315081794
"1693"	3.3781334955273	2.23259492718425	-2.76743504098519	-0.302242163507607	-1.012163343138	-2.61563410473937	-11.8872728056397	-13.3299326058672	-1.48365391429536	-1.05594814728089	-6.66060589938412	-6.52757666656966	6.44202778000214	3.65212564181878	15.2712046764832	11.3834896444531
"1694"	3.48396882062719	1.92812941364511	-2.51205482607507	-1.96742748009949	-1.17291402217541	-2.25734827962191	-12.1125916745262	-13.8166157980947	-1.98375116829745	-0.0892636968546138	-7.42299427415353	-5.1552834938692	8.19765791717336	5.22699156976839	10.9697994560083	14.494431219115
"1695"	3.69405698806467	1.71281105160193	0.195263434232079	-1.8162821510282	-2.03054880128905	-1.11146285054529	-11.2378452133356	-14.2253657336532	-2.32148187678795	-1.34706552770011	-8.89311161530861	-3.74347917721312	8.8148786884873	5.16832070409462	13.5663149723003	10.9924240355225
"1696"	1.09941027613563	2.63906835676069	-1.64886064827697	-1.14626208347362	-2.2497033397412	-1.97961149890057	-15.0384245595597	-14.1733655778703	0.916339925219205	-0.191524649088421	-4.73605087914962	-5.50636759038168	4.91569741494872	6.11526520701717	14.9632149867689	14.283679863748
"1697"	1.53123624372172	2.27339285143632	0.498141249437883	-2.82688191804934	-0.136314198481387	-1.40047948615168	-11.8968463125552	-14.1604888151812	-0.821195766650588	-0.868326316237858	-6.91748245707401	-5.05534118881582	9.42083767185492	5.7118844126725	11.9751774207496	13.4783354544015
"1698"	2.81376536857882	1.10608354079318	-0.639031796093255	-1.43769373647547	-3.4715527570457	-1.93970719597438	-12.7304796292064	-11.9463311016822	-0.837449918543254	-1.84433630240022	-7.292886720388	-5.52970291409851	3.89047998806461	3.87463791299128	12.3949772973472	13.4890946735258
"1699"	3.70761124860684	2.96010954763981	0.334356233162183	-0.215603124559144	-2.49328518944545	-2.63161630301002	-11.5468011282893	-8.83283065179091	-2.51423269612493	-1.95022956305957	-6.73487841701355	-4.3138035564456	7.27672031248584	7.76703984344451	14.6740595799578	11.0790572557825
"1700"	3.68758354714645	1.13548485035419	-0.219428447483343	0.671574631992843	-0.707571072193858	-1.01306310510067	-13.4623963216805	-12.7634238633667	-1.20133401660993	-0.356862646750531	-7.13051302079041	-5.12145542914796	7.47665005306856	4.56535060227189	12.8693207988623	14.7770220289306
"1701"	-0.372460467046985	1.40934024952151	0.490607755120916	-1.74524748971808	-0.73657836461054	-2.26168457581215	-11.3655266790573	-8.46313751047434	-1.07596636222804	-0.959112248227127	-7.10371579358794	-4.38235925452255	6.96112121211888	3.61845531225779	8.92709088648854	16.8220514009903
"1702"	3.07691234035889	-1.0305628382504	-0.791427998299284	-1.73251728967681	-2.06294970163257	-2.30738494312262	-9.61530779866918	-10.0075656090773	-0.790747484887195	-2.34359850941891	-7.32730976855092	-3.15471285369781	9.93719906144689	6.46914239131589	13.8159610712565	12.4709032333585
"1703"	2.5339619716772	1.73924016119095	-2.39022699970473	-1.26266719570862	-0.845117315822181	-2.58137882704803	-9.36752700409468	-8.71333485065285	-0.803210357464868	-0.935433187418008	-7.04458654332284	-5.26770914468592	5.45428438476431	4.98291260212589	16.8164455762753	12.8702049884061
"1704"	2.5339619716772	2.26939506406252	0.412057301859518	-1.14752528595421	-1.81335112389667	1.12151627317977	-13.9079726481214	-11.4485122961331	0.211751314570328	-0.312484430451131	-7.07201320750777	-5.04609925035483	4.31963681990093	6.18801080747292	11.9483538459109	10.9308292008328
"1705"	0.411683385223013	1.96346786660918	-0.609498328474909	-0.479360903691789	-1.84726257631887	-1.4664817437583	-12.3362354115763	-13.273367086437	-0.814788112509444	0.812788957300786	-8.30614124747644	-7.03035141653037	4.14398944757885	5.66713136192603	14.7841644251116	13.3661591556097
"1706"	2.5339619716772	1.40856545227804	-1.25744289593057	-0.65202174282453	0.636052955001827	-0.586180841420148	-10.8747506936774	-11.2812172126026	-3.0623699481614	-1.33926346234092	-7.38419152246844	-5.38015011192273	7.80105126387692	6.11301801193239	15.5961262699748	14.0671856466627
"1707"	1.28134568107049	2.92400317176247	-2.79653395920619	-1.26168787851555	-0.94693466801224	-2.11817046508831	-9.04546946215635	-9.86077626899902	-1.37374252000341	-1.49624866072875	-7.79770082412208	-6.12105680547957	2.77867636818708	5.65204875686008	10.9567304224489	15.2863787116264
"1708"	1.26820464110755	2.20611625646971	-0.527239733859084	-0.568229638934856	-1.69256650904472	-2.54914875630567	-9.13009840308269	-10.3819092417341	-2.54105534086813	-1.52893116369493	-7.31830109872637	-6.59332909421072	5.79221127560998	5.84971920227692	11.967892626812	9.71269887241103
"1709"	2.16556760226465	0.412845628426652	-0.959831969002862	0.311120505130782	-2.01195242918552	-2.57106113783912	-12.0492361553907	-13.7233364505045	1.18604823442478	-0.523492937020064	-7.42374554984484	-5.55219846701572	3.80403386685047	5.73286934305989	15.0540003557725	14.7215586244621
"1710"	3.62255623252432	2.99676239462845	0.116334722016241	-1.83361467481378	-0.0417744749485812	-1.94814334081463	-14.6698167416537	-11.4122567221085	0.0219062768907971	-0.868414088545741	-8.42725847815665	-4.98428587627922	7.77073602100448	3.69828436698141	15.7134115450787	13.4387519678628
"1711"	3.72552284306842	3.92944090381258	-2.23688841059805	-1.93017842036308	-2.12644125467224	-1.42649610860549	-10.0482560728414	-10.7544157978721	-1.75886603810932	-0.254480187962254	-6.09290206396685	-4.48367043573901	9.68071015679218	4.9773261151878	12.1874430813177	11.2705158563477
"1712"	3.46575017126375	1.17851844891737	0.300249585247848	0.0718224514055291	-1.00866580883844	0.462217129326641	-8.79769656963765	-11.8603577997457	-2.63722703554459	1.53252642508943	-7.36165843142698	-5.2490481118856	6.11593746558098	6.80569994867854	12.7553829713936	11.1608118109098
"1713"	3.53390148968105	4.15296853809955	0.012867115331706	-1.26059413710027	-0.0417744749485812	-1.85367753828024	-10.3596127930517	-8.75350377972423	-0.555117645638573	-1.110335342369	-7.0557916790273	-6.14013092710541	4.69478202406215	6.07459393747286	12.4573080964917	10.9735449650965
"1714"	3.48396882062719	2.00587963200322	0.72807759456972	-1.71564279589373	0.492640639854525	-0.682528429333963	-12.339389965434	-10.5429711245302	0.450831490857569	-0.81374716151093	-7.14649037465347	-7.1134227436466	8.93982073962719	6.41107133263981	15.3726589464644	12.1754670339327
"1715"	3.48396882062719	1.29022636624354	-1.57973262374926	-1.18584959455978	-1.33764985863149	-0.355919891958679	-8.95154990516843	-9.90174169118223	-1.77293754786546	-1.12185407282383	-5.54324968711757	-6.53830681955277	5.38852241659836	3.94647014516895	12.782619429138	13.971284551453
"1716"	3.68758354714645	2.13478597560845	-0.0141259149820243	-2.0325833194465	0.25595284734338	-0.815445934625417	-13.6658979188494	-12.9092268009052	-0.282897429280726	0.257737295958192	-6.19047882829726	-6.1080067003944	5.49910874506245	6.69890424852055	12.85388772255	15.3300586763728
"1717"	1.22721089176565	2.09598239253533	-1.72545191701401	-1.44603394358652	-3.05253818884367	-1.74390727298792	-11.2570645053044	-12.4101612548587	1.45837612602587	-1.317620359202	-7.94768929217275	-6.39539281488914	4.20957617740172	4.5155592984792	9.03596335220911	14.4336624697654
"1718"	3.46575017126375	-0.129405647119845	-3.88786674424496	-0.876480537128995	-0.642619213743217	-2.19577097253391	-8.16517625465991	-13.7230157553751	-0.448891783796227	-0.395076804073727	-5.7981435549401	-4.34341407212445	3.21859175186639	3.8239472877571	12.9541920023006	13.2039253800668
"1719"	1.82943246529668	2.33293104264596	-1.59669591810062	-1.98515292433289	-1.08726535768832	-0.827070267684049	-7.86053018370309	-13.4079291608114	-0.481390472121626	-1.95292302684401	-7.4930869593948	-5.77184104737454	3.42515719083391	6.59748004677995	12.3934712396496	10.1281197319136
"1720"	3.70761124860684	1.3253079891804	0.10162685872342	-0.477545256198649	0.227923391846658	-2.18584028626398	-10.9665704692754	-10.8427577594	-0.667113960641268	-2.43491280326613	-7.34326895848957	-4.53986388166046	5.41173867145474	3.52438377906256	11.6244187213616	9.90589154927553
"1721"	3.25929910996267	1.93345240573626	-2.88807835887794	0.283762571516877	-1.18886738140718	-1.10854510272615	-13.3775956089617	-11.2005703718603	-0.83213082308968	-1.35359748885829	-7.2241122372496	-6.14753913165835	9.79946261928567	7.46810137802585	13.3287741484144	12.9454294642004
"1722"	3.68758354714644	4.06884498325404	0.340884827394667	-1.28263604801889	-3.07706883828601	-0.163496682552172	-11.1565184119133	-12.4054095959169	-0.15092646983843	-0.775275199072899	-7.85789218812932	-6.21242693013296	3.84026772261477	6.10403561726109	11.2742426386784	10.4486840257813
"1723"	3.46575017126375	2.48929452039472	-0.317588253230126	-0.591693523362331	-0.498434107478349	-1.64986885629735	-11.6314128249131	-13.9459272087187	-1.91243506771125	-0.810045812937624	-6.83243489868805	-5.99635948663391	4.49353069315374	8.15571230883074	10.7342441705903	14.7282397740513
"1724"	2.5339619716772	0.608151269653673	-0.275309467934099	-1.19042931302154	-1.35835054011919	-2.27792909958249	-11.3217124177031	-8.76330595494681	0.173837830097133	-0.470681180774692	-5.84659285183314	-4.59142309962279	4.55294183436881	5.36678702462604	13.0437257301772	11.5286838277623
"1725"	2.24581666622238	1.6390048876997	0.70232527238103	-0.659068663427624	-2.82993429845239	-0.958518084936562	-11.5685295897776	-10.9066358657032	-1.81408402753018	-1.73493878023597	-6.52106160422832	-6.12268254067071	8.29725736748314	8.15840842113268	13.2030404601606	15.5823192538312
"1726"	1.42750795655348	1.06313580784893	-2.61744001339724	-0.835974005468231	-2.09225638240087	-2.91591948978731	-10.5848039558138	-14.0082572155119	-1.6448004876835	0.145195963591258	-8.07864675074631	-5.49376468024338	9.72980580464294	6.86875505224469	14.6928170419906	12.0188284591644
"1727"	3.46575017126375	1.57285188012823	0.728077594569708	-0.654335695000474	0.194636564707274	-2.19205854661614	-13.7607859255234	-13.5298692953766	-1.77345345281969	-0.551299479875381	-8.59529660195119	-3.99108421173377	6.26784390311482	5.98395103240221	15.5617848770701	11.9325626684377
"1728"	2.56679650276163	3.19624757564021	-3.3043922974532	-0.490671464545263	0.211632411322829	-1.98918175899451	-12.8061275566451	-10.3791058059333	1.16086759525962	-0.0527483737939928	-6.84541865906041	-5.70923933328414	5.44461022972807	5.91261878070872	10.1480804887126	9.21764900163071
"1729"	2.5339619716772	2.08076720629593	-0.215115768858506	-0.623748313586972	-2.74119499337464	-2.78155764117891	-11.644016542489	-12.4662536309733	-1.98889887845678	-1.20445551322343	-8.33300873151464	-5.02094416988604	3.97034032310388	4.47017243325202	13.6726513744149	14.0440701283541
"1730"	1.69488342336227	1.97368926688285	-2.14168963746115	-0.545510692486017	-0.497923992577875	-0.83381120998797	-11.8849998321683	-11.4558748688253	-1.7614263023533	-0.767135483925855	-7.97601504531985	-6.61723509139679	5.57659338545905	5.60983312383126	14.51987962158	12.0272494410675
"1731"	0.240641233980339	1.74328041386372	-0.388171209525839	-0.652492625985706	0.213496412589871	-2.96186326396577	-7.93001233561492	-11.1400728704426	-0.354356160454341	-0.791487304503976	-7.54458259733062	-4.9046231317602	8.42236966329853	5.59577153027624	12.6724557623381	13.2151528348976
"1732"	3.23217767446545	1.17503061062835	-0.527239733859084	-1.2085308399414	-1.43568517868442	-2.50515864155565	-11.5223706898731	-14.9035325145921	-2.60029895292511	-1.5815879219455	-5.90684798051043	-7.83026378078564	4.58102434879654	4.1517111431177	15.3381379343137	11.2152038082492
"1733"	1.65958833433676	3.46125156499726	0.0454561962145198	-1.24657496599346	-2.07155652776464	-1.36316831986397	-9.29489151309952	-8.35398912883935	-1.68661759027983	-1.40650908991201	-7.55596997287137	-5.2919883167841	8.91454596360465	3.31718799260579	10.9080972673287	14.2730736751024
"1734"	1.63478276357674	2.22672344683146	0.334356233162172	-0.0718904260437747	-1.38556310747482	-2.93324125501245	-12.1908629074731	-13.0042190296177	-1.9604087107801	-1.9045485274307	-8.45226764463343	-6.88869975194671	9.63262311761881	4.83963807087156	11.1372774872651	12.9485109423326
"1735"	3.53390148968105	2.70873831994843	0.10162685872342	-0.443114805208243	-1.49825195985454	-0.942176758216196	-11.4621351724255	-12.3503038252217	-1.57937451851991	-0.232357215611287	-6.5451499546354	-5.9086943211686	9.39482538094486	6.18177495128191	13.1032992255041	12.4423504719946
"1736"	3.69405698806467	3.38983954113013	0.67640252574855	-0.193496313668493	-1.59601803956775	-2.00134637475843	-9.97099967753318	-12.3163125080133	-1.8502585427972	-0.91241255840541	-7.09650624672666	-4.8459067754847	3.87138823239934	4.63674440749735	15.40588386295	14.110809231436
"1737"	2.5339619716772	2.83156847503539	-0.670555807512484	-1.10438017337674	-1.18802685383654	-0.799876522960833	-12.0884137928888	-10.971943088989	-0.295218217396438	0.957592580623652	-6.01653334340394	-4.43654374695517	5.46493648792985	4.70460846893527	15.177912104551	13.5481896486006
"1738"	0.526472102246683	2.53758789633044	-2.14314085885338	0.434396528070838	-3.49814562650175	-1.61745753822627	-10.825704556844	-11.9717623550692	1.09431759793172	-0.613614456752415	-4.48879561566038	-4.83233478188228	8.66801178058337	4.07120370465005	14.138971982708	12.9094140316328
"1739"	1.69488342336227	1.71765990432356	-0.846466233010655	-0.587588881810495	-3.3717859730721	-0.985315823890305	-11.6169512741372	-10.2270668180103	-1.98753429465052	-0.496350424395729	-6.56215791179037	-4.5323103520515	3.21459216281856	7.17789693376546	14.253452830814	10.1182750250644
"1740"	2.68444242761198	2.36883011787785	0.0847178362895341	-2.59545450542797	-0.874741900169563	-3.41224478922189	-11.0593594588999	-12.3240588144714	-0.469513609474054	-0.452389793290631	-6.8870467879015	-5.57334252692229	8.67083178308533	5.79166475944101	13.8655729571877	10.5771574440107
"1741"	2.81376536857882	0.212131213624277	-0.359522057479143	0.443818710848808	-1.48798750721897	-2.88856023871836	-8.98774410915508	-12.956013262571	-2.10133740684751	-0.289074839709817	-6.22410141685755	-4.22833977751065	4.04836953096612	3.49753701491805	12.4214637564659	9.53437908597385
"1742"	3.62255623252432	2.54070161467749	0.406598605495798	-1.37423360818232	-3.71330202682251	-0.877384310146898	-9.35398943514065	-11.0559259170571	-1.36149165733352	-0.430075298386271	-6.84054165151965	-5.84986871460538	8.72803616451915	6.84497630761118	12.3498218776864	14.5360083335545
"1743"	0.201384499193617	1.14368702456557	0.340884827394658	-0.912454000276645	-2.32197181913893	-1.44267012506568	-8.57205932448156	-14.7890213983884	-0.432249229881108	-1.45646365303691	-7.22291427418009	-6.01782623555136	8.99333652944437	5.87400216516193	15.6239563877194	11.6256492683474
"1744"	3.53390148968105	2.86917924636676	-1.18347292800235	-1.79320989083485	-0.632647186175222	-0.979313276971214	-10.3881656222523	-10.3821813812104	-0.950398647516341	-0.376739545533169	-6.07143337387633	-7.95414682464363	9.28760068223788	7.08520878007959	14.2817212795989	11.7332492215554
"1745"	1.26820464110755	1.51920966744429	-0.0568344017524539	-1.1957953787884	-0.21516961443239	-2.17596214232229	-11.3874954912287	-12.1948542564049	-3.21700832057479	0.0365881732361205	-6.79963287096385	-5.31487005221998	4.56746563255679	4.29150898231378	13.5880743330406	13.8739989756124
"1746"	2.96188451772182	1.50291074673717	0.270897506939089	0.303095542764136	0.29670272681355	-1.73588672835847	-8.53717989155045	-11.7875814505801	0.298498348468841	-1.5914399188794	-8.00394946906138	-4.32871044983745	8.6780679304977	5.9128803388844	9.77095288481995	13.3094253773999
"1747"	3.07691234035889	1.68669019975739	-2.46350298550856	-1.13507420361509	-2.41514869970664	-2.215854659499	-9.97552125094835	-10.790612966458	-1.61219713383567	0.905381255757082	-7.33307412962913	-4.85092754987685	9.24876575031453	7.43767276040664	12.7204150347666	14.9669428087849
"1748"	0.951025693378164	2.50782718890496	-2.55084169390315	-2.72479652856352	0.131906863592844	-3.77731846341753	-13.4195201351003	-12.1356838508754	-1.00589159846389	-0.110365395140421	-8.67807670371069	-5.78936728790329	5.12005524945489	5.01396994272229	14.8832530649752	12.7823311062798
"1749"	1.26820464110755	2.96670595443862	-0.496373451937965	-0.218773766721164	-0.618628369842122	-1.92730304950734	-12.9128754108308	-9.04243545287122	-2.83179916191862	-1.5688017546983	-8.60452960508458	-4.83493208240128	5.83060827321315	6.15499414878903	13.716368135883	15.1607104555666
"1750"	3.68758354714644	1.52768065449871	-0.0568344017524501	-0.561783264165575	-0.272310319835529	-2.44994193920088	-13.5077421887371	-13.0696643694933	0.311529457836966	-0.0836934289655913	-8.25002118921445	-6.28276489834508	4.51410610799792	7.90974377009574	15.5645087796996	14.4454736582489
"1751"	3.69405698806467	2.1424471939137	0.732391209613195	-1.54847852069707	-0.416325946645879	-3.07798089760748	-11.5867673053602	-13.05680255382	-1.5234880481734	-0.656118951326687	-7.94816357298028	-5.83374847735954	5.93652549356217	4.82146449504534	12.1490100817469	10.6040426684471
"1752"	1.26820464110755	1.16731245938142	-2.24789797954194	-1.71850587427847	0.0912429286798603	0.209718598970946	-14.1786697224983	-9.43538926090351	1.5811535793141	-1.40065453578699	-6.67101900967898	-5.58666240416747	8.82896708820917	4.62825101330996	12.3163735968724	12.4079404159908
"1753"	1.53123624372173	0.550709232194945	0.339931181308556	-1.46653027900375	-0.621970630970682	-3.04948028384039	-9.95734738896079	-11.3926437090084	-1.18648408634712	-1.2952443905459	-8.07011484324894	-5.18905017361126	4.1509623486045	6.64646707452276	12.4951296125713	11.3737714864028
"1754"	3.37813349552731	2.38688619359189	0.72807759456972	-1.40117813855136	-0.488894823087442	-2.9531830514339	-8.69200410656813	-11.4833787530549	-2.29217116195566	-0.354504883238471	-7.91378695671235	-3.69538044255657	10.0106287355951	3.94437699848573	12.4017480137363	14.8201440355777
"1755"	0.480479020479992	2.68749682434446	-0.0189554775437231	-2.33018985964666	0.457468166996563	-0.582675584943082	-8.76477624704572	-10.1175677316251	1.1373519308824	0.872208408563686	-6.1315882188341	-6.15905859861205	9.59557101585224	5.99946140667414	15.3345478824834	9.91315298516928
"1756"	3.62255623252431	2.50383282032439	-2.49251881291848	-2.36341366775938	-0.116832237978341	-2.54863641107145	-13.0346162941845	-13.3337313915518	-1.59372051065505	-1.92887854387319	-7.67521069835925	-4.94557945725065	4.3011511687161	4.86183746177185	11.8354012829791	11.7618361615786
"1757"	0.85985332126607	3.96986371768254	-2.7512818425687	0.475865804728568	0.0192437270890196	-2.23583330518301	-14.0436311645706	-13.323365020459	-2.02996932485216	-0.429289782637159	-8.73535535887659	-5.89557392587393	7.73015526498218	6.31625916757171	13.9511837260589	10.402235767576
"1758"	3.72552284306841	0.778825092828807	-1.07042134177709	-1.47607676081005	0.124482321654973	-0.776013470764208	-12.5436077706517	-10.0743942722428	0.969068135965595	0.0649171017461434	-5.43096745673295	-6.04815807798634	5.64514729640163	6.55454128886212	16.1058242004049	12.8165842378721
"1759"	3.48396882062719	0.105876090492836	-0.631338392343994	-0.292743169299841	-1.41268253156082	-0.433150238237912	-11.2672384013683	-8.77361039037716	-1.36665272512649	-0.313504033464379	-6.7886921681776	-3.38243362133442	5.06409427419704	3.22350047164686	15.5566889272607	11.7224312330585
"1760"	3.07448193652606	3.09597511969902	-1.24101945597661	-1.16411607431933	0.335264910359017	-1.81044781567727	-10.8650205930901	-12.2463461918019	-2.1144564520041	-0.317976858779022	-7.92698668149429	-4.95770619551066	5.87401216057901	5.64793319877177	12.2994492353803	16.5992315026831
"1761"	3.53390148968105	1.43996210056872	0.261979711514878	-0.432465251735982	-0.088810942497152	-1.10241738123417	-11.7135694518298	-12.3146427201817	-1.87254157087005	-0.648771940359056	-8.19911015332418	-5.14908787485068	9.38765322709737	4.24025900111872	15.2415683412209	10.6652680631498
"1762"	3.43133568163517	1.51958108006147	-1.18109874190745	-0.406311683896329	0.448400263916522	-2.22955494799784	-13.4286858487228	-12.1907823880122	-1.87929559577124	-1.52595967422336	-7.34839236939822	-5.81602129159948	4.15299530655181	7.65416029612434	10.4408538778742	10.5899789718046
"1763"	0.132891799083936	2.96289379924377	0.128198786718687	-1.58086979163073	-0.703796685568371	-1.70458009888315	-13.8062556687882	-9.45552694171398	-0.248054211123449	1.53277565559514	-8.02399673981719	-5.75835253829768	3.1288405812674	3.70223312247442	12.8465133294319	11.2118434844023
"1764"	3.21184797941575	1.80623457848865	0.342396442383649	-2.04997050949241	0.458536269164986	-1.52907257931995	-11.3140719892004	-12.2781861948986	-0.180978359657577	-0.978984763254694	-4.61050766105243	-5.66315269328638	6.20783565806874	4.96626282985001	14.3634748290741	13.149967703739
"1765"	2.5339619716772	1.84481293067186	-1.06228047021566	-0.295143094673849	-1.81070846507663	-2.10884518824901	-11.464611243608	-14.6081840093244	1.18786576411868	-0.100040290304716	-8.06150796288006	-7.1001326780078	5.08719560038525	3.80281720675207	14.6643354553864	12.3792965479086
"1766"	2.5339619716772	1.77467996180055	0.300249585247835	-0.941469382891896	-0.355705562441335	-1.18589518820193	-10.5507959145599	-13.5177900639357	-2.69544965891035	-1.17181687032398	-8.42340667020461	-4.37116533377812	9.09281623450783	6.26739631842115	12.252528723924	12.3667770682528
"1767"	1.53123624372172	2.73311411669251	-0.292261474818287	-1.85714981060138	-2.72177292351722	-0.378205394146674	-12.0628940784673	-14.2247033486503	1.22586240560171	-2.10384743123312	-7.43014530419353	-6.33296322695352	8.98072618501536	6.89704471149597	13.800727242644	15.2819830311281
"1768"	1.28134568107049	0.850379638851004	-1.90795206628383	-1.47959687895037	-1.81844983200612	-3.63771211539688	-11.305866171498	-12.018942619494	1.33376093009828	-1.63603830421676	-7.88283616777825	-5.81888665490638	9.31263638048682	6.97953566263574	8.73028904679817	13.0273457382983
"1769"	3.15769947318908	2.39542965729942	0.522013907635014	-1.67185497352521	0.387610365466034	-1.01094240692989	-8.64678655589371	-10.5369598209343	-1.75382933874084	-0.52937326208822	-5.9740491618502	-5.75613792755593	6.1794422817877	6.60678488335791	12.3505678236881	12.9194255985675
"1770"	2.8803367386609	2.75819161665415	-0.0118445156848695	-0.655477907371584	-1.82331066776638	-2.88432471410867	-13.655552108391	-13.1883631347709	0.659621228470507	0.465089128813165	-7.21582831515353	-6.07730079919757	5.29420521524377	5.4882110021778	12.4756516558498	13.3244904705643
"1771"	3.64019661367844	2.24960743598928	-2.60860713188804	-1.66423542510732	-1.59720001723514	-2.69447042902828	-8.57011219942237	-13.2153164082582	-0.5172810479489	-0.381506245630014	-7.5625436127233	-3.79053209916402	4.42705659016426	3.99186491807511	10.1789640939079	12.5755788275007
"1772"	2.58718562029484	3.1138602672906	-2.88010428519796	-1.57642875511474	-2.30132691080678	-0.602309180911495	-12.3767856930804	-9.63160417997985	0.893618538949932	-0.513362193764638	-6.54620963704562	-6.76018405382895	3.39385543752346	8.37884728549144	11.1979996961363	12.003733850702
"1773"	2.93619282165895	3.05124271578722	-2.41810972551528	-3.25377294544272	-1.13799636258244	-1.44514079967407	-11.6666875474326	-14.4235887215455	-0.277128596831661	0.145995563871074	-6.15076086391429	-6.65301015454035	6.80892115071687	5.81542682853923	9.45555896017994	13.045369909498
"1774"	3.46575017126375	1.74593795927921	-2.85968255454182	-1.79164547556787	-2.24970333974121	-0.508734207306803	-10.0308058304183	-10.7204814748394	-0.234258270029054	-0.634362753133359	-7.85249287773475	-4.61323798591367	8.5808899024288	7.54078378698858	15.8027503340979	14.9364405044647
"1775"	3.53390148968105	1.89887699535395	0.0821772752113696	-0.804065258250375	-1.88772441405551	-2.47987930407838	-10.591754393206	-8.89243692479758	1.12110675960057	-1.56216810931236	-6.54723059685876	-5.06813270068728	5.92234282205674	4.26089717021574	13.7027783577544	12.2367504051186
"1776"	1.92000763606821	1.61752160447503	0.732391209613182	-1.80960871339069	1.31197731343851	-0.668444325392417	-12.0464387670371	-11.7297359046064	-0.610797210871353	-0.14947447575725	-6.02937164885713	-5.06287828789051	7.3339799507819	7.11557268905664	12.7870345308152	11.5380074634237
"1777"	2.93619282165895	1.85980548621675	0.261537496627687	-1.10945670250121	-1.81335112389667	-0.694236041080822	-10.7381092002221	-12.0680922554072	-1.86407143195511	2.04538154942421	-6.92869846738238	-7.26229281402922	8.48855959346638	4.72003852592084	13.5548063826003	10.3384906016677
"1778"	0.411683385223008	2.72356886175238	-2.61744001339725	-2.06576146749944	-1.58574719014917	-2.20134761886232	-12.0167855657274	-12.6386188167585	0.495208969269152	-0.0539626579673414	-7.22711219645339	-6.09387279087139	3.79907162184181	3.8863088729133	15.4469327581374	15.8288992802711
"1779"	3.56402534049093	2.94884175573311	0.158932986939163	-1.3571540553223	0.627776576578935	0.352426114428515	-13.061536653731	-10.844618104927	-2.22984349850436	-1.33051350724766	-7.08225176265391	-4.33959507625968	8.67616148732058	4.99595319223775	10.3245900476666	13.1057323984088
"1780"	2.5339619716772	2.84366280085836	-1.66720034930764	-1.1672527298332	-2.94573536311144	-2.30149374089847	-9.62315525037715	-12.132254320384	-0.570292729856361	0.279154935929364	-4.1933434339905	-6.81637508227136	9.79317816032306	3.93166951778104	11.2659265688142	14.2954955727999
"1781"	1.58915648360365	1.51578278563545	-1.69182873694527	-1.83729888930774	-2.00340878824735	-1.62001826604354	-10.1153571636712	-11.1729863414543	-0.73512097281425	-0.0977948817042722	-8.00290390451757	-5.29542455484671	5.82760709146838	5.57672832244301	13.6995226718743	14.6202887191305
"1782"	2.89717100545359	0.541362776833737	-1.61050610010664	-0.806617758723767	-0.691410790638982	-0.272917282610677	-11.0252486824474	-11.4533471833331	-1.29345500831913	-0.26779505265033	-6.43046058745438	-5.81115583365068	9.53718741511355	6.50181547264029	14.6186745077433	10.4874835094684
"1783"	1.42750795655348	1.5351055119687	-1.75559427597118	-0.520827772732753	-2.38867276634978	-1.45953190455756	-10.0715805202019	-15.3858522823703	-2.04831103194863	-0.822989109569249	-7.63679727729741	-4.50253161210556	4.98690212899104	6.82370342113682	11.7909805407178	10.8488329875371
"1784"	3.53390148968105	1.12380719808228	0.828544175072932	-0.274279023631095	-0.586853245161589	-1.31753121732406	-14.0241155115368	-11.8776427398706	-0.61606098923623	-1.96912235819433	-6.9308638968426	-3.74085380811355	6.10360760306367	7.358270764817	12.4229100747383	11.9151702409263
"1785"	3.15769947318908	1.63864972826982	-0.765030403455078	-1.11559762001347	-0.638349657771022	-1.78520173250285	-10.9292726081574	-9.20978153348476	-0.484619267670216	1.57474761640335	-7.50265715169942	-3.43933562322419	5.55051786172203	5.42920788280454	12.131780024248	13.1029262009748
"1786"	-0.226495565199287	1.12483312880293	-0.527239733859084	-0.865983147898679	-1.77634094404149	-1.29881766385321	-11.4465253207947	-8.78312136972403	-2.51814650812852	-0.450496991282528	-6.97796118904086	-5.34642997691348	8.3868567464689	4.641218477465	14.4318744802206	14.4736242202919
"1787"	1.53123624372172	1.95213876332539	-1.1218047774174	-2.29722841948034	-2.82745920586897	-2.14959241593184	-11.0327565768463	-10.5903827238449	-1.70802009146101	-0.0880843600094716	-4.51516948704371	-6.13070090998518	3.82431302619965	5.32399344347325	11.9365890444249	16.4808182438104
"1788"	1.22721089176565	2.15034379644295	-2.81629473393798	-1.98685463279483	-1.58782919299592	-2.10354311352706	-13.1616462273032	-11.1015222591705	-1.47038005135764	0.340008601390938	-6.57331348915584	-5.39426101455158	8.85073788351142	6.71357563500782	14.4931847745837	15.0437247661159
"1789"	0.480479020479994	0.790034169999952	-0.12081526457932	-1.02538706008537	-1.93612749335032	0.366410503993475	-11.8514556682224	-9.19322370030752	0.568760471784343	-0.200359095913116	-9.03143956320156	-4.80836275101918	8.83244633296087	4.62765520388648	16.0109730398682	13.7228818080499
"1790"	0.85985332126607	2.22024368881436	-1.02151805394996	-1.61398912659808	-2.3047007821471	-2.85447292160898	-11.4578204863554	-11.4304655003835	1.22571472441253	-0.760059389032151	-6.67503074845183	-5.06374766672225	5.31784832892766	5.29923793436824	11.97915282423	13.7786987714844
"1791"	0.480479020479992	1.78045388100347	-0.786108713456803	-0.411317599449925	-0.853629982035473	-0.98097129488938	-13.2007846340631	-12.5035064804065	-3.36912758882168	-1.88315848323203	-6.8951226084385	-4.77058264593009	9.50930740462288	7.10963651501236	14.7786628970334	12.9000217824729
"1792"	0.509114569150069	2.00139287644134	-0.0117723484166007	-1.88067630286648	0.882001689725639	-1.89382530239826	-12.9097977317554	-10.4264262832417	-1.22992138495254	0.209765441806148	-6.67216752696971	-6.22438888497444	4.9069368675312	2.81015783126129	12.2191611874368	12.263955029065
"1793"	1.53123624372172	1.54419214014983	-2.41300454379416	-0.264552983898778	-0.713148536668714	-2.51089905924406	-14.4952485027179	-10.8751103223387	-1.87056801183641	-1.10442248715887	-8.61250190552266	-3.42495197949144	5.33829903847656	4.50538663785102	13.7901702774802	13.8848160435207
"1794"	3.46575017126376	1.26037625581156	-1.06228047021566	-1.30793358570451	-2.90527937970506	-1.11709992484306	-11.1606218213631	-13.8578789447028	-1.21691087134851	-0.301873294614554	-5.50398281183871	-6.8500299521097	9.48606894292078	6.16980805403837	14.4589678749112	11.0949679457569
"1795"	1.26820464110755	2.43015530443935	0.334362995605676	0.575516089852071	-0.0888109424971218	-1.34857296258817	-9.2054296778388	-10.5799804268217	1.65809577660665	1.07584396881328	-7.5874612093556	-5.65681431035247	7.55733895599413	5.15638074519033	8.60537362103837	12.6291081450642
"1796"	3.62255623252431	1.88374100293845	-1.1218047774174	-1.79930649106409	-0.0683702324488475	-1.58110774392818	-15.1550770129221	-14.5214530740696	-1.18893608998863	-0.642563712243826	-7.13524062143168	-4.58054851930763	3.73887488856604	6.58570628575963	13.0586714107544	11.0035869589228
"1797"	1.25839115026524	2.44340723668785	0.265333306397975	-2.2556554295167	-0.0444150973486742	-1.54836897367669	-9.26367846702839	-13.1479711157305	0.615175328877664	-1.1484433010467	-8.17886000925807	-4.90204407841089	3.9336945602266	4.97995686176121	12.7986755895682	12.9222546435124
"1798"	1.62061078763076	1.99891907165419	-2.77117663446932	1.46711152272792	-0.818077923751447	-2.73006231209825	-12.2083679874748	-12.4631877582627	-0.990219426171608	-1.2762049841698	-8.55971365569209	-5.2575995487728	8.71568390851589	4.95969638240855	16.1634467394187	10.8136256959288
"1799"	3.48396882062719	1.5382228431822	-2.25924000231775	-2.06567027644522	-0.550143730012567	-1.13053965248292	-12.103206871626	-9.29858785017097	-1.24713645305721	-0.236347520103535	-7.64333423303746	-3.47037596624692	2.51426193987022	6.7219842079409	11.5726278959955	8.99383010271969
"1800"	3.70761124860684	3.6460412147872	-1.32743494241642	-0.763058822337345	-0.264154142289669	-3.06561977083297	-10.8770677235809	-12.0679328032418	-0.869207282309278	-0.67976183635001	-7.16493067544549	-4.38165361422777	2.47675934891742	4.22876151379369	13.4456523001919	9.51871868227486
"1801"	3.46575017126375	2.75457109412765	0.11953887135847	-2.77388050315817	-0.982928352925175	-1.03331217042661	-10.7852770394877	-15.0714091470319	-2.49303701717664	-0.54998150820787	-6.9681713868619	-6.5119496003399	3.42774545794627	6.13076863219788	13.9081679661301	13.7266827036925
"1802"	1.28134568107049	1.4934515181743	-0.167463875262488	-2.14927767366896	-1.21228474101159	-4.31986372122642	-13.3177644428296	-10.3557729149362	-2.08809410326752	0.763103972762906	-7.09462612904955	-5.06929524153131	6.06211090843725	4.22453166571746	13.6114859901225	10.6274638865065
"1803"	3.127200690307	2.7205367493111	-1.1218047774174	-2.35983356471853	-1.07802411733353	-2.58638809775389	-13.7076079414983	-9.67634116355421	0.262215786537437	-0.17218262201392	-6.72338423607333	-5.02576758214876	5.48837963033101	4.46102957441179	11.6365034036746	15.3903125593672
"1804"	2.74669587304158	2.10211182855642	-0.615665480079329	-0.765412650449472	0.62612714609124	-0.270634148284492	-14.4433541295551	-13.2351955231201	-1.39562906773365	0.376290821374525	-7.55454176928667	-5.38033888491124	6.26643699029269	7.55581984872012	11.2124335966385	13.6829750510153
"1805"	3.62255623252432	1.64980245146564	0.406598605495794	-0.0387893188260763	-1.91201825147329	-0.715311598828466	-8.73838709128791	-10.2137668383727	-2.36399458632839	-2.30706300753244	-8.88796049915406	-5.44095195204395	5.61179735758729	5.10426991280274	12.9256659871921	15.8068733887129
"1806"	1.58915648360366	2.67983455345943	0.412057301859518	-1.42986988748801	-2.20752334222518	-1.16906568901972	-8.74824469733579	-14.2837524111255	-1.99500664631648	-1.37080083757321	-6.31317644907793	-5.42255366277372	8.12487461798237	6.78331880625525	11.3323236729261	13.112152400484
"1807"	1.53123624372172	2.53318359145159	-0.771537977931037	1.00210945912696	-3.25098508063538	-2.01041640255507	-14.8896352802535	-9.41010030836848	-2.10257693235049	-0.211108290046369	-6.32069596615074	-3.87595042812558	8.85726222414208	4.17394998426218	9.42069756376161	14.9909066037978
"1808"	1.56506547751884	3.34677224328685	-3.28300749474227	-2.46410384745518	-0.278738812977665	-2.39482102299279	-10.030314475858	-9.32232025471652	-0.683285538457432	-2.01433881213006	-7.46868445206487	-3.89490044541371	4.29308903064369	6.2058813959992	12.8688460229343	13.3757679221467
"1809"	1.58915648360365	0.901757867883334	-1.00873201032887	-1.66816722948068	1.42665235209705	-1.36456579794553	-11.0943367949981	-11.0804063043239	1.39880574840009	0.525069226936299	-7.66588669682986	-5.37602191600313	8.35524740284897	3.91849899315057	15.274680600417	11.4947357839902
"1810"	3.48396882062719	3.86385155501639	-1.55999646874072	-1.81923827087419	-2.2365122828998	-1.90554235365295	-14.6039877998152	-12.8737067609155	0.476308677642007	0.182858173045372	-8.16148083683932	-5.50642569776266	5.32698728225922	8.13058372957905	14.5408501895561	10.953626217066
"1811"	1.28134568107049	0.992318593720647	-0.245958824435215	-1.49986721644444	-3.90923188544132	-2.00301108735534	-10.0346522316703	-11.5852599519703	1.20527231597836	0.132738044059671	-7.45928581488975	-5.56897107461564	9.94253848006057	6.52307048500806	13.0585400552666	11.8744307135437
"1812"	0.789805777517908	2.70482604229941	-0.744559455297156	-1.07025515761616	-3.39492455029946	-2.83684363136651	-9.96856886430791	-10.7447622984041	-1.72142960829334	0.749457546572552	-6.65440570694904	-4.94624405478549	5.09668386103395	5.74450760321116	14.5331879340951	11.1708541266992
"1813"	3.23217767446545	2.62096406345163	-0.0113406547173407	-0.385500798036631	-2.81690257120182	-1.02488267342587	-10.7229906568628	-9.94607398753406	-1.17212798515528	-0.0840631493719462	-7.48263735054527	-4.99500913107467	5.80525363721068	5.0951926250105	12.0077984953874	11.4473399251495
"1814"	1.82943246529668	0.730915185199827	0.107466928271948	-0.780047799082208	-1.30486625274486	-1.46173228654792	-8.76107417657383	-15.9641337233971	-3.06852157800684	-0.371487238217499	-6.52355463394952	-4.94265246995991	7.57902811224306	4.41222775903718	12.4467506954596	12.6689682761055
"1815"	1.26820464110755	1.04717639758577	0.648016573892799	-1.54967642184015	-1.18902445712773	-2.86558141390244	-10.7868356728483	-12.97354351656	-1.6341366616383	0.692303253074609	-6.90712172801332	-6.29454506272656	8.77630102778313	5.15260928734309	14.5558520329221	10.6079445865584
"1816"	1.42750795655349	2.0340740973477	0.24234226196681	-0.645927008350085	-0.624473177989993	-1.25931136706059	-10.7852770394877	-9.30857545413392	-0.549025686117945	0.141318922369634	-9.05032791195415	-7.12272156117519	6.81514344177381	5.83367297844281	12.1382762492346	12.703773147468
"1817"	1.42750795655348	2.52454596186012	0.497719574410287	-0.700452182981457	-2.24876143966427	-1.88760932314803	-11.6954808377423	-9.10893596530143	1.21280916874061	-0.835528648316708	-7.02735948079613	-5.81216039234601	6.33134236478042	5.17782680783724	11.6302702088685	13.2446924623383
"1818"	3.68758354714645	2.00259500210247	0.342396442383649	-0.762936508563163	-0.202457819119541	-2.52129198896258	-13.0480052330397	-13.6600637759509	0.747357011429629	0.752943316965551	-5.62398287328999	-6.10965958343527	8.491592374621	7.8731423823333	14.2198746498761	10.5157590754938
"1819"	3.20373123886641	3.12338104683054	-0.447310762738851	-3.07048030395742	-0.230919582130832	0.12169708627203	-11.3086951106881	-12.5544694864565	-1.69640286521297	0.263680565746997	-7.29905151854244	-4.94256569077751	2.90178728787509	6.95974152980922	10.5125013974351	14.6043962300799
"1820"	1.69488342336227	2.65645394765606	-0.647337915965328	-1.96634725163444	-2.72328551593921	-2.50986474735181	-12.0138635903848	-10.0922181914978	-1.9308931393757	-0.488060040891954	-6.81872596299544	-6.01868862605274	7.31925308384281	5.14998914436219	11.8059357791331	10.8588871581302
"1821"	3.04759832715263	1.15370818763098	-0.28455623600532	-1.0886916324223	0.0406190667514601	-0.395229509382562	-8.58335782381767	-11.6455403692848	-0.203542337001655	1.93737538815248	-4.10196452899373	-6.22893635753475	5.05088559562038	4.97997197174599	11.4792827758477	14.6573216716207
"1822"	0.480479020479992	3.25221429545913	-0.492209936837279	-1.56894246894116	0.0588453049451759	-1.78297721201297	-13.305936557568	-10.3696264326735	-0.143148542708611	-0.712910752849651	-6.96459503603749	-5.60351832409281	5.149872957999	5.95838950344407	15.3355999698781	11.7817811526457
"1823"	3.69405698806467	2.51275561468216	-0.99114997735216	-1.23854205927331	-1.71270016886055	-2.15637771504754	-9.55778323805932	-12.7320404846415	-0.583109139436849	0.640807348399987	-6.46652788379657	-5.86352793198109	4.16487737764291	5.1145658023334	9.67933672901184	10.7778475429588
"1824"	3.04759832715263	2.08848658147279	-0.850219135293282	-0.668932743038976	0.135895716276353	-2.52378373390222	-10.9247839654021	-11.6966062994483	-0.51412731871723	-0.742022660016247	-7.61799915160345	-5.44194890926831	4.25288496349838	6.17069559604554	10.4745414957003	10.3812015484301
"1825"	1.65958833433676	2.59451757267076	0.113741975582348	-0.358027862408733	-0.880604877843223	0.51061023219614	-11.2406068794158	-9.72236987816453	-0.975575892666099	0.543487418712309	-5.96752031204466	-5.79513644424503	9.15401334635406	6.62287526408898	12.7232728989839	11.5875215161747
"1826"	3.62255623252432	1.75738228457566	-0.786108713456802	-3.35631574418617	-1.27255638065822	-1.80109140381078	-11.6082576067573	-10.6672466018675	-1.68332931435755	0.336038559006653	-7.52465370853413	-5.38670957483394	9.05727479623373	5.57529842189917	13.5450653480709	13.8901813901595
"1827"	3.69405698806467	0.436338362174243	-2.85716468925299	-0.0966943186211347	-0.957011161033247	-1.58012087865985	-8.64572120625077	-8.01282220914896	-1.45189988952978	0.24206284258001	-5.06668864550044	-5.3113334372479	3.63062559635783	5.63512454250697	16.0134256745684	11.3264768465243
"1828"	2.81376536857882	2.01037913414286	-4.47958515495031	-1.02103274506651	-2.19020284051076	-0.998506572972418	-11.937214310109	-11.1014722583293	-0.961732914634318	-1.96579620499138	-7.33617036410419	-6.65098884053179	8.95568436178785	6.21823171668356	14.8640012810897	10.2280968794914
"1829"	1.22721089176565	1.82268738777668	-2.65676432092769	-1.69571291624287	-0.353128621979172	-1.49336677940731	-10.6848482596	-11.9562131557259	-0.120221913859863	-1.45868849327611	-7.89795401961007	-6.24700042917055	8.5855975934737	5.4331438803593	12.0250993235778	12.6490252445272
"1830"	3.04759832715263	3.01726773332005	-0.928599129472623	-1.76497114238698	-2.21970155918694	-1.70553694925671	-8.18433091518078	-10.3357256668648	-1.84085180085882	0.416543361515694	-7.71046812000195	-6.2127892277615	8.60637525018534	5.60963583138503	14.4005581522991	11.3380498686162
"1831"	3.48396882062719	2.10259465158759	0.0657211952558843	-1.13913350444777	0.696515204349958	-1.97042711069353	-12.9819548510474	-12.952987614235	-2.78371185061855	-2.76213112587099	-6.9434030542053	-5.33267560713144	8.68196967209201	6.94249810320189	12.3483761470753	11.7287778334171
"1832"	2.96188451772182	1.96637223501541	-0.0621709569941872	-0.335356967553427	-0.0888109424971538	0.473490602316522	-11.968870315565	-12.1826888887821	-0.243338456549997	-0.735438955801242	-5.356066719098	-7.28773516618268	8.1457436592816	3.83390423707064	16.0917354535105	14.2520474097311
"1833"	3.0807109034577	-0.25142890138902	-2.85502951103748	-0.254364023030621	-1.62127981294905	-0.392136873100811	-8.72725074632886	-11.9360249589487	0.746252590368128	-1.00634062437522	-3.80530961234688	-7.34436676405931	5.25379259288233	5.46588286694423	16.429409559132	12.2835526159282
"1834"	3.57582610810187	2.75858557009159	-2.85716468925299	-0.60307553808943	-3.39849796100997	0.760208349746375	-13.9430074830423	-12.0446111942329	-0.833414845372991	-0.551846197585712	-6.9183443315016	-5.48048918807635	5.67678883636925	5.1126724840803	12.9127854086437	13.471088922059
"1835"	1.28134568107049	2.41100143045907	0.378445121056232	-0.528584626032949	-1.81447846289459	-2.4236999587005	-10.7693207316374	-11.2450190915703	1.20043019596891	-1.67076891277548	-8.49265938528837	-5.76616524378463	6.40448624308494	7.87062524610589	15.6216833612489	9.98784654350183
"1836"	1.78236386472476	1.96381665510214	-2.57576052841243	-2.09228366384557	-0.135367530204765	-1.29676794698467	-12.7910227763996	-11.8125040837143	0.468309576144763	-2.62201009039483	-7.64094625527152	-7.58987946678176	4.14523220127081	4.9949404154092	12.4499962440995	15.5353473595571
"1837"	0.85985332126607	2.23486893218646	-2.66099627868274	-1.00196557014684	-1.20353219311927	-2.14192100304545	-12.9496029388267	-9.36983648035033	-1.99024909303625	-0.900517489656012	-6.62174956453742	-3.77671427420995	9.56268003931841	6.79388133642126	11.351877678579	15.188255828424
"1838"	0.143649742221968	2.25739131304347	-2.27926740236996	-2.45727716198509	-1.88322557685214	-1.01891729899659	-12.6093734455453	-12.4801061082423	-0.551775095984183	-1.03998807182536	-7.38317765181238	-5.57624366184544	5.90932828593483	5.50990201670788	13.9757840498441	10.5376102912408
"1839"	3.25883174695873	3.26538124331361	0.498141249437892	-0.50184650675973	-3.43908004444953	-3.04283324076417	-8.35800429800051	-11.7650605202183	0.0308533326317243	1.30394816753384	-8.17044988464783	-4.99808772186659	9.15110588547382	4.43510276931873	10.9909419917511	12.7285726949692
"1840"	2.93619282165895	2.05271468009017	-1.27080382742149	-2.65831038310195	-1.77645940031749	1.15310188429578	-10.8140726608552	-11.4720288833724	-2.71140823149312	0.126174756994658	-5.58413520709091	-5.1120463566757	6.31384679432392	3.508587700948	11.7417892003348	11.0260202478388
"1841"	1.09941027613563	1.50250499067051	-1.09516683967175	-1.79513538727527	0.131906863592849	-2.81082734039781	-10.3551150307589	-9.65378106735114	-2.67929172857883	0.44699436519628	-7.60670271147297	-5.39301152869638	4.86180274748165	5.88371969996976	14.5614542839458	15.694840095353
"1842"	2.5339619716772	1.87201406468214	-0.842597540998896	-2.81225911707744	-1.64110403824927	-2.18723209931188	-11.8041227347769	-10.9976495283507	-2.5814550061933	-1.50130917175099	-3.91295672022777	-5.65116855527996	4.55617993194679	5.31868419840626	11.0256303471882	11.3383190176104
"1843"	3.53390148968105	2.759856183489	-1.97267250687409	-2.11482192820988	0.33425707629373	-2.91187603116964	-11.5937541186654	-9.88883253785626	0.28514141514502	-0.81793453810793	-6.04121277827246	-5.68519220814571	5.75329630745835	7.12903594234181	14.9465248157714	12.9486915767696
"1844"	2.5339619716772	3.93584286657633	-1.6092422118548	-1.17828019274856	-1.82425326800946	-2.51824526203844	-12.1688127206194	-14.8092348627817	-1.69889180367795	-2.35482067511065	-6.98171238821934	-5.60853535555554	5.74427940331663	4.77367477873459	12.6158871965763	17.473832208494
"1845"	3.25929910996267	0.410209398429803	-3.06765946376384	-0.765590461198262	-1.27057266993998	-1.21907130765463	-13.0355331894318	-9.89908257706442	-0.0595858463591751	-1.20704791379	-6.30247327561587	-4.20214905302497	6.26360949209928	6.0996880236287	13.5724451924121	14.6867758181878
"1846"	3.127200690307	2.52505380039927	0.498141249437883	-1.37003811257413	-1.38302751545104	-1.74261065515248	-10.5745444722249	-8.80652961331588	1.43757642399319	-0.46638674865858	-6.30558223670038	-7.35436034788438	5.21732548578314	4.88119399107258	12.2397023024698	12.8288944713641
"1847"	3.62255623252432	2.40632555481183	-2.32540037504861	-0.890257681133919	-1.09411356594632	-1.33629740783513	-12.7580362591916	-12.9206512853039	1.25511027974185	-0.877173478472747	-6.26795931302201	-3.17029409974551	8.53156856391238	5.25787244350284	14.7219218383719	12.9608272929139
"1848"	2.5339619716772	3.0289020887921	-0.0726335775564557	-2.43152429023813	0.937519697444525	-0.674104172986818	-8.74837463686606	-10.8043586470811	-1.5105734464951	-0.60803434488555	-8.03654111328948	-4.40836054554995	4.48135193337034	3.84965369953746	12.3429069502972	11.2652083165683
"1849"	1.53123624372172	-0.148565785231418	0.300000759953353	-1.16119810877238	0.696515204349953	-0.398755529100274	-10.8121058043465	-10.926286993846	0.62394418086807	-0.27976919009671	-6.82418204520575	-5.09689282971831	4.96008420455592	5.36462282085344	13.849561671103	14.0739888534191
"1850"	2.81376536857882	2.58359968217598	-0.840586250542967	-1.0930802527883	0.163630919456306	-0.743939875392553	-10.9064803557663	-10.8689491842964	-1.54355647467091	-0.638358552437269	-5.71484745410525	-5.74307828717213	4.2631963122958	4.30792520146125	13.238817563104	14.7139227295543
"1851"	1.22721089176565	2.1548660913983	-2.54070207586043	-0.678505596227079	-2.15631726681302	-2.06070490889875	-9.23537871418713	-12.1375774093018	-2.30552835772087	-0.317704477389561	-6.09304856600851	-5.76309593276412	5.89934943102497	5.63784504540992	16.8983290870854	9.49905254333238
"1852"	1.28134568107049	1.95810845755829	-2.89025039286619	-0.882225028783416	-3.47155275704572	-2.21211796344769	-13.1977036818713	-14.7377823202981	-2.76773185609816	-0.694094727078033	-7.34543602382964	-6.05174066955101	9.14935303522247	4.53995071016694	14.6188609602554	12.004475419146
"1853"	0.826024117988904	1.60446559147732	-2.62360424595939	-0.0628823370041409	0.173913549914819	-0.130444696490752	-12.2558335968413	-11.7168367261181	-1.44365850057408	-0.193029961410389	-7.76902972311622	-4.13560559082294	7.57695723188785	4.94225448292211	13.2031607020218	9.23850469473374
"1854"	3.0807109034577	3.5107379553164	0.189942683207957	-1.43167269985961	1.42665235209706	-1.69799694448024	-9.27791297273496	-12.3676916923704	0.0565052572149415	-0.910889203530271	-7.2106858272358	-6.27182687501719	3.89466763979208	8.14573417704218	16.4679148089417	14.0767980627365
"1855"	3.70761124860684	3.13523725581705	-1.05616585813591	-2.18905279113349	-0.153010945570951	-1.20695487873152	-12.0167855657274	-9.55447779042159	-2.39657422286323	-0.863578202238777	-4.66795273358488	-5.74920344609878	4.9319042461511	8.26644661163914	11.25498688856	12.846552813699
"1856"	3.48396882062719	1.47401527840765	-2.157388812047	-2.28517636533522	0.16914372804326	-0.322603739032918	-10.7891566689676	-12.0019745575535	0.981656242314413	0.42158388881255	-7.20043504461172	-3.99582157003494	3.43018498533045	5.26354423709596	12.5820427328987	14.1154180612798
"1857"	2.40911780886205	2.34391557156846	-2.79558328182883	-0.754830289561299	-0.98935642570471	-2.08953984858489	-8.59038653436648	-12.5312253410723	-2.58172086207001	-1.80728663239213	-8.97564912094065	-6.16730607275633	3.47204870909066	4.65671116988213	15.0046435670991	15.0756410686017
"1858"	1.26820464110755	1.50762444277145	-2.60304786168285	-0.406249266752881	-2.03081535355402	-4.18904525181762	-9.89526349489883	-12.9949652167496	-1.66424107372127	-0.687681542835797	-6.77123284329749	-4.38914033882853	4.01158290192422	4.89784882585971	9.11178642539232	11.8475896994442
"1859"	0.467109602223086	3.09580078306105	-1.79325227947009	-1.11134957934593	-2.2075233422252	-2.89287879552862	-12.828470546115	-10.7375482073139	-1.0428737531241	-0.137758898536423	-7.84643220361916	-3.34135299470082	2.94968937670281	5.32876272316213	12.763533812684	12.0909304013683
"1860"	1.28134568107049	3.38242039674092	-0.0568344017524501	-0.054250984358149	-1.01112911605869	-2.70887914832448	-13.3082510896032	-10.9692195313336	-0.457169605128296	-1.26604120690964	-7.50422096032884	-4.40546871318839	8.4879137502895	6.37665152222937	11.8377724539799	11.5716309091673
"1861"	1.26820464110755	3.21415995931886	0.722603499403025	-0.297099198401455	-0.606262408486495	-1.9883208664985	-12.8970183978071	-11.709178942361	0.0974861198611525	-1.42984714007987	-6.44274267082145	-5.56276757321204	8.85518905786033	4.40254036317904	13.8331452188037	12.3288954391173
"1862"	3.04759832715263	1.79582836115172	-1.57400882697369	-2.86462453307572	-1.20522855265175	-0.276641632634874	-11.6479134532283	-12.8200915212385	1.18016616822709	0.110448934545422	-8.3820567774572	-6.71464612651751	8.43107977036688	4.42103856639852	9.20027909706696	13.4601608053771
"1863"	1.25839115026524	1.35431219126392	0.48740340168044	-1.08507247841068	-0.964169009191085	-2.7148481819774	-14.1300150337865	-8.40966685778766	-1.66550767301575	-1.56995082110017	-8.47328813815134	-5.30698951316404	6.17535566364381	4.90678871855672	10.6921620044121	10.3796815192017
"1864"	3.62255623252431	2.40147790983729	0.395496779611995	-2.36102338277202	-1.51111116528371	-3.27623026688952	-11.6132796570083	-11.7061249266948	-1.3452800647081	-2.76720249385088	-6.5948831561072	-3.86851816112266	7.32611634039668	5.03001078992179	13.3969640081852	13.5027036750957
"1865"	0.505721803299733	2.47809895344857	-1.07405842895981	0.516484354662365	-2.06399560049927	-1.38239933474402	-10.9762054948179	-8.78666004128512	-1.68035710032981	-0.025297968281572	-7.54431824426796	-5.76327636094718	4.71871571933769	6.38522724205899	13.3315619241806	12.0969516433195
"1866"	1.78236386472476	1.4865013140418	0.158298310295044	-0.459243350045689	0.21163241132284	-1.17863396344249	-11.4405932006776	-10.6782250775062	-1.32701153477856	-2.37920498389079	-8.11391771533307	-4.01500673951469	8.59956037143734	6.65237665753547	12.8348908502196	11.893897177998
"1867"	3.48396882062718	1.77566275844418	-0.398141230792731	-0.299831353413334	-2.49286240347601	-2.91879212188531	-11.5252243653262	-11.4198494517423	-0.221121772025403	-0.467521063161644	-7.50493454262292	-5.32671245496547	9.63114069250972	6.40687275707607	14.6755117122139	13.205133634592
"1868"	3.48396882062719	2.14288544888918	-0.560925655939663	-0.308235231111883	-1.31567388674884	-0.494558724752093	-11.5918054823188	-9.41260171148884	-1.08822607996502	-1.3693069193303	-8.18971177021176	-7.27902214074688	5.52605327956624	5.29692323675066	12.1711769157045	14.3216663341659
"1869"	1.22721089176565	2.23701149995903	0.107466928271925	-2.99633569651407	0.592106781129175	0.00286736809146096	-12.0167855657274	-11.6970451565673	-1.68248918217869	-0.0498588196208033	-8.61861307155651	-5.23462556727794	10.0875315526885	4.85309127851745	14.9931170995235	9.78293947158483
"1870"	3.46575017126375	3.18471394738966	-0.627927607799857	-1.71057382285706	-2.00980397454514	-0.407192863752446	-10.495797921118	-10.9137063395941	-3.02331344669468	-1.32672511626505	-6.22442270381287	-4.37700090431937	3.78730134269384	5.0056962780951	11.7284547418836	10.8655781111864
"1871"	0.132891799083936	0.509980158132602	-2.80797770015919	-1.67174943402462	0.0614309303451438	-2.28231142009365	-8.69373930757007	-12.5718575245392	-0.223563901003015	-1.81558900490566	-6.4412178866936	-3.68253882937792	8.20630754414283	7.68862929832541	13.2609917813226	14.604015473762
"1872"	2.5339619716772	1.69199535342343	0.348700886319975	-0.945056773792939	-1.52272714285336	-0.512743072549538	-8.61079737322166	-13.4314529549726	0.678569217662081	-0.775487938355005	-6.72661380212422	-3.89837649287004	5.05284974235558	7.17514140056569	13.8960331015399	12.8345922535974
"1873"	3.69405698806467	2.82960973385304	-0.167463875262488	-0.564689538035575	-0.674829025433162	-2.44964846911365	-12.0118302712143	-9.46718678155374	-1.0731163152115	-0.792957668726486	-7.20536288740144	-5.60855634094869	6.28353078478394	5.71538667676041	16.2809168272808	11.773365190384
"1874"	1.22721089176565	0.965071015314409	-0.818796404830579	-1.56899014607945	-0.443045600675877	-3.51812277331043	-11.7888566877272	-10.2631988999527	-0.466468660724815	0.654345801153888	-7.38906197841708	-4.2920270185729	8.50404142091751	6.94998026790924	14.2012821269677	15.1916035874279
"1875"	2.5339619716772	3.0467931628861	-0.814479585017522	-2.17343618661358	-1.77569484516451	-1.03756161715648	-12.3027551866743	-10.6899235679814	-1.72958823384077	-0.0381246165047906	-6.96726135399009	-5.85718763670822	5.72184919347228	6.15247140007836	11.2446488802783	14.3540767263856
"1876"	3.48396882062719	3.08861318416717	-2.79020282595403	-1.74022685085614	-0.0888109424971538	-2.42114436565915	-13.1383340041557	-9.08772107455264	-2.74437284239217	0.537774432480568	-7.37018190123739	-6.88927185808669	5.89548253152552	8.08448158957227	13.0285854507086	13.757840400509
"1877"	3.07448193652606	2.25435767730352	-1.00816629952401	-1.06875108648854	-3.62324459825654	-1.82466157309739	-10.9775983978849	-9.68379645794973	-0.584871059158317	0.643925288140606	-7.82063459588681	-4.60431268690835	6.59435012579896	7.12306362381031	13.9253583823475	10.9761443826324
"1878"	1.60130719893691	3.3367134016376	-1.80037206518987	-1.18539950108288	-1.12862685043248	-2.92784132522367	-11.06719316912	-10.5763738381649	-2.31357598657719	0.0446044212897154	-8.35875140421939	-6.60151936590855	8.40729725500986	7.6579328295886	8.94349266460903	11.1929606254631
"1879"	1.74147216236367	0.98080427053496	-0.720841487470726	-1.64552727664823	-1.53276594953806	-2.65136458267853	-10.9125973515192	-12.9772843550666	0.120700371256593	-1.41041277700589	-7.46346749574388	-5.94298566520962	7.81560337163487	6.72412906333402	14.6696537532911	11.1435172939159
"1880"	2.5339619716772	1.052448021123	-1.16329775179494	0.0598507844018712	0.117123469384663	-2.63764907415395	-10.9646783928191	-10.6402495660758	-1.29305817819637	-1.88630928712031	-7.42734382928157	-6.15607073424283	6.19075382954809	4.01911012522248	11.3174353234661	10.7956529753577
"1881"	2.81330726557684	2.40560404783416	-1.66720034930764	-1.12790103368805	-2.59785244345917	-1.57404441468513	-10.9300984959998	-12.6889930675786	-0.556905291269927	-1.01081989027729	-7.79135406847367	-3.76688162263313	6.09931588619097	3.6277545778491	14.3209445186659	12.1631252822525
"1882"	2.74669587304158	0.518593293969798	-2.52569695852311	-0.258328242331276	-0.976297337801991	-2.30635806290359	-11.7080153754263	-10.6854551659907	-0.0324710910052867	-1.03358177948942	-7.31762990735597	-5.77237539838679	4.62992032918395	3.61785265751015	15.9836090960445	15.5151861681009
"1883"	2.5339619716772	1.39726706848588	0.490607755120916	-3.32029253691657	-2.06516807884159	-0.646648900743377	-11.0650204731295	-12.7121707031064	-1.41968174835442	-0.846399903819724	-5.06876071427662	-5.2985193292009	9.55459926995382	7.36185630329844	12.1983494810263	12.956940104663
"1884"	3.62255623252432	1.94776656039309	0.676402525748545	-0.918120836664354	-0.099430367770168	-1.92231885455063	-10.5369923363928	-10.7959125774058	1.58575965092355	3.48600583804802	-5.1050943816468	-4.4099751596015	9.43883554771863	3.40950126917271	11.6327541316342	9.05020820529687
"1885"	3.53390148968105	1.97691476341418	-1.32211446110264	-0.821961085208956	-1.29275224581454	-1.08059532227257	-12.3994244378316	-13.867213291135	-1.02134485587636	-3.24248447158661	-7.70153206306741	-4.37409711355094	6.18916788794854	9.19481634813864	10.1634934012465	10.5134455689364
"1886"	1.69488342336227	1.33469594075457	-0.650027788988047	-0.577539675176201	0.701659129499695	-3.39872104384669	-9.61530779866918	-11.7593305481234	-2.86331867718832	-1.89600560048967	-7.26186018287142	-3.87099856738315	8.87865175536165	4.37864023051225	14.7284362459095	12.7951003126338
"1887"	3.04759832715263	2.61309686493443	-0.705216520824165	-1.74359841056146	-1.7578454179725	-1.93539685393534	-11.5709128765134	-11.3283886213811	0.310077145184489	-1.06008508207643	-6.12505240189287	-4.02316047833357	8.2857946336934	6.13909470107626	10.2115413527087	11.3837346807072
"1888"	2.81376536857882	1.72131189695725	0.412057301859518	-1.57944111146277	0.825248999498291	-2.02892729399979	-12.7612684928257	-10.3958776501213	-0.611537815247825	-3.09319863391736	-8.68706239947102	-5.63778336144473	6.81785066273572	6.40982180141218	9.76774664693878	10.7635679154648
"1889"	1.26820464110755	3.01467550267882	-2.61394087788477	-1.51906144658069	-2.08014957622261	-1.39445396217874	-9.15186333558629	-12.8069057865227	-1.378427302208	-1.38395095160334	-7.41800554375566	-5.22957534861701	8.62263952712625	5.9601953745612	10.9001374961859	9.79461266470855
"1890"	2.02296381863932	2.81966030422458	-3.10882466495421	-0.77237740854801	1.0733462655637	-1.62197735060233	-11.2585429381472	-11.748229580473	-0.0461607676983907	-1.04317934581363	-6.83149844705075	-5.7084607105659	5.46331344130435	5.9693816881563	14.3853705715943	11.7493255687962
"1891"	1.26820464110755	1.2097094376683	0.490607755120916	-3.33196248925216	-3.98170684403569	-2.25868508007453	-11.0552811632017	-10.783436456184	-1.89119973213818	-1.04971699787397	-6.92161749731516	-4.10669047617913	3.65250282079284	4.69452890209336	12.5950744325964	11.6530920349906
"1892"	0.250371465376103	2.73290012678126	-0.717999210878545	-1.16772206148501	-3.16248290261231	-2.16241724593515	-12.0806911586263	-10.2990277008268	-0.845562937423925	-0.128149239498069	-7.10731866599401	-6.55740202956784	6.12250721802836	3.66552148662662	12.2584424009253	13.4569392963573
"1893"	3.70761124860684	2.81665186523216	-2.92407704634896	-0.812018393326058	0.271444771550459	-2.74653968665506	-10.1693316945733	-9.58855223309126	-2.12413802756916	0.151363409457656	-8.42057672173383	-5.49087608638314	9.11160937235003	6.36818431646837	15.3205248485893	13.6815458397679
"1894"	1.53123624372172	1.97741949852324	-2.27926740236996	0.112497256016511	-2.06646832870586	-1.39343399123515	-12.0056408640136	-8.55080129985259	-0.169747452913597	-1.29544330511095	-7.24757158343689	-4.32882143170001	9.01345924532303	7.08367949012854	14.7700935254094	11.821110209744
"1895"	1.71468434781152	1.54170023211689	-0.592632405001531	-1.87269014380427	-1.42591561605339	1.37023090325034	-11.7359166428428	-11.4055924442456	-2.65207734088513	-0.0834402005719081	-8.94755414779754	-5.91573885846868	8.7415236464793	6.58799700235209	13.2888064317409	13.933069779472
"1896"	1.42750795655349	2.01852359697005	-2.94728537549513	-2.96477831080227	-0.779827659939863	-0.954866360818906	-10.8124033510253	-12.772266985745	-1.49164400326259	0.0326963636171529	-7.14914635312409	-5.30796585783314	9.38615460639191	5.20234272190143	8.85589975838039	14.3147097718933
"1897"	2.68444242761199	1.36019153693285	-2.56678463284076	-1.44193902753553	-1.06312599805671	-1.0409814744451	-10.21095857432	-10.8543355205767	-2.66029835271811	-0.608203092417812	-7.53887186335193	-5.73267319507223	7.43698948516616	5.61362268968955	12.3693292386786	13.3419064760304
"1898"	1.42750795655349	3.08585665192434	-1.14490427292969	-1.55101436755878	-3.38510438703372	-0.449629499209416	-11.5868509160337	-10.4899486473837	-2.62220696620046	-0.0944292080476727	-7.10196774290841	-5.57841110343386	2.3944521195706	4.72507244045827	13.5516094726542	13.2782309694166
"1899"	1.28134568107049	2.21545768500529	-2.02943629545671	-0.940411149476349	0.723063566663509	-1.1781775494004	-11.6885882007767	-12.3946975782588	-1.88177733852995	-1.44151126336733	-7.35993144385659	-5.1483111630118	8.66509363508638	6.2440444597656	14.8342042951018	14.4381643590544
"1900"	2.5339619716772	-1.87065828730787	-0.650027788988047	-2.37334541958233	-2.18201245593417	-2.77773963861423	-13.968262228312	-12.892269084687	-0.514848397597442	-0.439792272079377	-8.06558211756027	-4.41484946997363	6.72295049689587	6.41008967915083	15.2472402261223	12.4952694959142
"1901"	1.63478276357674	1.31232545697361	-3.41897774994251	-1.31588685470681	0.747583748631591	-1.99711349681396	-10.6440716418152	-9.91718622252051	-0.275976846047967	-0.581907744396196	-5.65501300239541	-5.5134112783285	3.26182661171886	5.83870782646873	13.1262605369543	9.88523568372248
"1902"	1.65958833433676	1.91330061814552	0.66836839043944	-0.903633672760593	-3.64414900028589	-2.06167151695078	-12.9434124466622	-10.079839580353	-3.23423231463808	-0.521046446546798	-6.40156577638053	-4.96666216532342	9.00633603631446	7.26453911765473	13.3175634961548	10.5874148501766
"1903"	1.74147216236367	1.80287856606322	-1.06725797573441	-2.49154553356892	-3.4097234288087	-1.016718205414	-11.1592872591451	-10.4325485255517	-1.49182952637688	0.314413475079932	-7.45788053907747	-7.12359777641548	3.5746192918096	5.94426947934887	12.5658137026622	14.3038013062071
"1904"	1.22721089176565	3.09026686874953	0.142844610079111	-1.16350196132744	-2.34734925771177	-2.84873724012334	-8.59038653436649	-9.58139788303073	-0.519652765671562	-2.18890534028429	-5.42826648758085	-5.62988486494992	8.964364434354	5.53928415810211	14.0767139061652	11.4322306947815
"1905"	1.42750795655349	1.36838484255486	-1.5139134759092	-0.330673760576832	-0.068370232448844	-0.929638928128508	-12.0703693816586	-10.8472724334224	-0.598975291897072	-0.413650961045702	-6.93695516471996	-4.56588347042437	7.15056949168071	4.82796182586533	15.8651207390853	12.7278778312499
"1906"	3.3781334955273	2.44197302894004	-2.58388359813797	-3.87463444273276	-1.77645940031749	-1.18083338397517	-12.0754968410411	-11.6494546350168	-0.971381334739894	-1.25013989900335	-7.15803949629958	-7.49551279717969	3.69377080049849	6.05395677156035	14.2788816962909	15.4509841637165
"1907"	1.65958833433676	-0.585691283415284	-1.92633210123205	-1.78618203451679	-1.20674496521374	-3.5858894862877	-13.3077232983185	-13.5851344720027	-1.82458260394481	-2.95690676071935	-8.10967613563178	-4.15709812102688	6.19720287568798	5.57465360895259	15.7746016318229	12.4259781303595
"1908"	3.57582610810187	1.35230803450563	-0.515332603385029	0.513216677166101	-0.888692325487343	-3.14923218531906	-11.4405932006776	-10.5127611411311	1.20470524681456	-1.72658374144432	-7.83802170749229	-4.17562718832323	8.57798133799835	4.81264634355421	11.9937038907698	11.4739000786378
"1909"	2.81376536857882	2.00246027314789	-2.40103500443355	-0.357671553476643	-0.729581254254106	-0.796716956571319	-9.18948131172614	-11.86972054653	-2.10460913176321	0.811362262609559	-7.41369944812963	-8.41574646000487	4.11988821636595	5.09995264019058	13.7562990705224	13.4864901425036
"1910"	1.22721089176565	2.54406880151138	-1.57400882697369	-0.135896863520883	-2.12126579294761	-3.05318782289256	-13.192259497678	-9.45503790336391	-1.19811169507303	-0.545646914775661	-8.33357366768918	-6.57272245889728	4.95816005935153	6.79584266626908	11.6198647497025	9.25104965885743
"1911"	3.62255623252431	2.1838903784957	-0.398141230792731	-1.25589645676044	-2.92901084375193	-0.673455352099634	-10.8116758780113	-9.80982775422699	-0.241257110070316	-1.62149510720217	-7.27194096167556	-6.16989221063125	5.71067722152807	4.00307668176592	11.7191044738131	14.5735276789319
"1912"	3.68758354714645	1.92737712632357	-0.786108713456803	-3.35934558602281	0.169117255836203	-2.97813610052635	-7.51211233697849	-12.9520396689254	0.00675402608238361	-0.0829278187417693	-8.44594419018911	-4.94018613690221	8.60229467657734	6.48434899808787	10.1499476781333	12.0117813514356
"1913"	0.779442561415467	1.57201513075024	0.194296738665293	-0.806899120544811	-3.49814562650175	-1.87803205656351	-8.14127722114029	-12.3809306270006	0.816135306322179	-1.33201930243017	-6.24804592601603	-7.33723213783381	4.04542498609852	8.01577007328102	12.0285632064237	13.0937196528404
"1914"	2.5339619716772	2.48869893481646	-0.842597540998896	-1.55386982697521	-1.24132773395344	-5.35827675210223	-9.87255973183266	-13.2578444137313	-1.55508643691249	-0.930893771849252	-8.04131774794732	-5.99363250268126	4.49580373211553	4.10748584410029	14.5849846817437	10.9538653694443
"1915"	2.5339619716772	2.1501377420579	0.113741975582348	-1.50358639297979	-1.75103306864329	1.04982695226841	-11.6098471293068	-11.6121916470147	-0.205126980912542	0.662346550374191	-7.48024634911893	-6.10957185924468	2.97694165938098	7.3397195399751	12.9364546241499	15.7610086027846
"1916"	0.238374151078248	3.5447630445127	0.732391209613182	-0.324316703022505	-2.3231855650018	-3.01571628814462	-9.42592124106565	-9.87395567459368	-1.28379132693335	-0.0791435045538791	-7.65658571157262	-5.95749450986237	9.08695199460027	5.02677343612135	15.8345617876784	11.7929788559038
"1917"	2.40911780886205	2.29732646307103	-1.00432373274508	-0.748207083075179	-0.178764342066384	0.0161601444467002	-12.0800175455557	-12.1793989544561	1.10284672146373	-1.19068910662456	-7.69947796145313	-2.86411570056734	5.26496143345875	4.91651799825754	11.4342880891805	16.0135685069427
"1918"	2.5339619716772	1.71566246222816	-2.24789797954194	-0.815725804233263	0.876403739793916	-2.96979784982722	-11.5669113280065	-10.5762224118539	-0.870811392491417	0.894084762195085	-6.33613022036618	-3.92772438311348	3.66431380411614	5.36913791175874	12.5905798246696	13.5211998091494
"1919"	3.68758354714644	2.47586808332817	-2.25634676043512	-1.35826309958633	-1.7888088219911	-2.72764341605168	-11.8677304270348	-9.14300403125998	0.798166605446336	0.293991020182644	-7.37190690355246	-4.54669350389103	8.07893704485975	6.79327250050872	15.4823570461581	11.242335635087
"1920"	2.74669587304158	1.63840213053459	-2.86053281975632	-1.47594558331182	-2.45339762061685	-2.17649267015125	-8.35275244259052	-11.6452759832718	-2.59822799579667	0.245270671553765	-6.89590427015087	-5.67710605956006	4.01072511430586	6.07011252739889	15.0856676424272	13.2162506931748
"1921"	3.70761124860684	3.19179388033473	-1.00655974879323	-1.27930117878303	-0.114416345449685	-1.36426379655542	-10.5711070486582	-11.7924503923056	-0.219968812472985	-1.76011915109379	-7.12254179955163	-5.44038402276258	8.6493086082756	7.12959106251298	11.1789319200862	11.3852177081635
"1922"	2.8803367386609	2.12054031235283	-1.14338246764829	-2.91535455680823	-2.77691918284399	0.053329384293713	-7.9121406698447	-11.6942149117912	-1.28314579850007	0.684832172109191	-8.08990983309796	-3.49491229280604	5.01183934154509	3.99931009027018	15.6990100683227	11.2714060104875
"1923"	3.68758354714645	1.22067460479236	0.676402525748545	-0.448507336617214	-0.815702216853334	-2.33450227588792	-13.8446058217576	-11.8443534133024	0.156645707710612	-0.842475328136825	-6.65797022987238	-5.96551622161386	8.41712259724365	7.50542640545422	14.0068250287662	11.1719811623746
"1924"	3.62255623252432	2.08539900894084	0.334356233162172	0.186959158445573	-1.97555813746677	-3.71124266356252	-9.41801698982152	-13.0705855279281	-0.943896340362519	-0.726055600750921	-6.82248689897109	-5.01506432549827	5.2287663608037	8.26427166562087	15.4625538305495	10.8724006343959
"1925"	1.26820464110755	2.57573928869143	0.0710013520885838	-1.30383263546076	-3.54487620524726	-3.75941892092504	-8.62479602869925	-11.5437587856627	-1.70193875520159	-0.255856370125351	-6.17166602935129	-6.56522172021822	7.34136244326201	4.99783817958865	12.2539081997525	12.0723449074054
"1926"	2.5339619716772	1.24676471291473	-0.990594304387101	-2.58660638825915	0.43261735755575	-2.63462968091606	-10.7045060525074	-13.0510855300808	-1.97540008603969	-0.921494298099348	-6.54432747077652	-6.67971890718014	8.77669302814188	4.71821664166443	9.31404338987787	13.2214298927047
"1927"	1.26820464110755	-0.342208241779923	-3.42825276273698	-2.35827852744233	-1.07535623080322	-0.371173076970716	-10.1421372024106	-11.8702659714259	0.563718436340334	-0.112229441429153	-5.66307786317463	-5.68807508740015	9.83465206509814	5.26765563362834	10.6022170232574	13.7136014381511
"1928"	0.132891799083936	3.1152254679935	-1.75559427597118	0.00590101021826392	-1.54455218372014	-3.48068501371303	-9.30670414393668	-12.2425893649915	0.565993652022572	-1.06391415041505	-6.90509375776446	-5.3972358121978	6.73216007466432	5.96254525368441	10.1545629997619	10.2389927579811
"1929"	1.09793957510369	2.41442685186342	-0.61010752515565	-1.48229565362212	0.131906863592842	-2.4657028394696	-12.6607170289498	-9.99193922917818	-1.49421700801325	-1.82445636302641	-4.93212405945929	-5.86841536657518	9.56407610385078	5.27637079440517	15.1254999868589	11.5617892506235
"1930"	1.26820464110755	1.89929845739255	-2.80797770015919	-0.706761994320103	-1.7566181299986	-1.03813672736019	-12.8651079419133	-10.5123449941523	0.835401709046761	0.0591836828017087	-6.60859235214244	-4.83929298854854	2.46625856369922	7.13122334897021	16.6197914072612	12.953121886345
"1931"	2.74669587304158	2.1838416586627	0.101739253657428	-0.843169777626098	-0.0683702324488085	-2.03001069258582	-10.9295369268117	-12.3017945741849	-2.12858816010262	-0.0579941246007802	-7.25580674686461	-4.82768144598321	8.20412693154104	7.12800264852473	13.269768094769	12.4037072796789
"1932"	2.74669587304158	1.206475500598	-1.39581338697241	-0.546027002737711	-0.482354715070421	-0.295566833277666	-11.7707711608516	-13.1657717746393	-1.04460418966086	-1.85917802001294	-7.39618213249913	-7.2779388958683	4.20185593503043	8.16698651733037	9.15894647828897	12.1620506100953
"1933"	3.48396882062719	1.06875040736325	-2.60860713188804	-0.841663509669101	-1.95552392888511	-1.0437840345677	-8.00012326357389	-11.0158294115363	-1.24930856584234	-1.40897018758444	-5.6161630209324	-5.12665247622575	9.77968274787118	6.42976047855413	11.1032796535762	13.1535926671391
"1934"	3.04759832715263	1.50217653712093	-2.85716468925299	-1.00337376178642	-1.00866580883844	-1.38777895093284	-8.78585762956268	-9.64056295913958	-2.99510387064591	0.097903352486393	-7.76314726838288	-7.98643456593245	9.66594467479525	5.10998632303223	15.0266176729808	15.1401731504524
"1935"	3.69405698806467	1.76973754148607	0.490607755120932	-1.0077950260965	-1.84201730578679	-2.10203545388286	-10.422039867699	-13.4811263577204	-1.38018283448613	-0.966812851859902	-4.60525896089749	-5.18779508467404	8.72631289970117	7.15012832272503	13.2129364950655	14.0797715761394
"1936"	3.69405698806467	1.52223210235045	0.189942683207964	0.0951800666745779	-2.33258330176929	-1.42801913570549	-9.41457420077449	-12.4190343448057	-1.40770066314308	-1.56930063451772	-7.33011590947244	-7.22067957107737	8.42794800088452	4.52635561643841	14.4516181421377	12.9736249330466
"1937"	2.5339619716772	2.09769004919309	-3.11255097436223	0.195613525086434	-1.91241010788507	-1.73183074516998	-12.081138849498	-10.6104868767145	1.28824308909642	1.36554836315731	-8.11244153666872	-5.59815346720253	6.73938958460386	3.80835666719794	14.8905182861269	9.86524497240876
"1938"	1.69488342336227	1.74991497231214	0.0156647471804849	-1.40642154561128	-0.468582708845399	0.231690570334638	-14.3303516705687	-12.0676156853573	-3.03478014145159	0.126796990457422	-8.4090498665847	-3.60652127258171	3.33222062657141	6.74890059012048	13.932465465925	9.89612929729206
"1939"	1.58915648360365	2.82107802395878	-1.56154709567203	-2.03652380206742	0.0809733912139305	-1.80155591041472	-14.5565172459513	-9.66254782791498	-2.82494780311415	0.479163291460758	-7.33217738023024	-3.81646355526406	4.67191668372186	7.22766947915376	12.2728111937561	10.8638134524759
"1940"	2.96188451772182	2.12026469387472	-0.842597540998896	-0.349635944690621	-0.116832237978367	-0.147909891805741	-11.3514813518735	-9.85770741327804	-1.85285813757716	-0.382874879200691	-7.63297581463721	-6.0333293809122	4.97543367858196	7.4797961742497	14.9137730239569	12.022557765083
"1941"	2.5339619716772	2.28878014253096	-0.3513184339229	-0.488426753064493	0.114505145036519	-0.234789920012584	-9.72869842119428	-10.5189905484163	2.02997935958357	-1.36564655025641	-5.24267869956244	-6.48567703913151	10.1565528435875	6.35233087874333	15.6140040333662	10.5065291068172
"1942"	1.26820464110755	1.08524167718398	-0.292261474818287	-2.88643848454597	-0.642995497538983	-1.79548587988688	-10.384499978238	-13.0609531819916	0.498195940934179	-0.924053405976179	-6.22528032460138	-5.88802916064739	9.31439465903272	6.37481469276435	15.6734637646296	11.6654141262764
"1943"	3.64166751133955	2.07627914776505	-1.49736886642467	-0.684633111693475	-0.0657138717266256	-2.1719378456214	-8.8670548066809	-12.2316541729518	-1.95463699967853	-1.01312515269694	-7.17357364006039	-4.16999716334576	7.46450241502239	5.30724275670665	16.0413847461203	12.1817317122131
"1944"	2.8803367386609	-0.190806298753984	-2.42590603789764	-1.05682678137555	-2.84085577709016	-3.19814251599083	-12.1127318001258	-13.2087076615098	-1.92401335753292	-1.64417478923247	-6.16683194465107	-5.91230325229911	9.24547957771402	5.47022020954861	14.1488033498989	11.7653422238233
"1945"	3.72552284306842	2.51366774118232	0.130509694398357	-1.679821601653	-0.355705562441335	-1.4601052254275	-11.9431606922241	-10.3666354561781	1.57674592319152	0.543297133319337	-7.29822704858651	-4.03977776653395	4.13007309856509	6.33846981673739	16.0315633259831	13.1605240796899
"1946"	2.68444242761198	1.77243398524422	-1.69182873694527	-1.7767002366513	-1.49812647297063	-3.19571444228619	-10.8701350029833	-10.0031988096548	-2.02914159322431	-1.16365698023715	-8.75180351287881	-3.95218250085716	5.50963190718469	5.81371530507834	11.1463236704328	13.9942301677006
"1947"	1.82943246529668	0.53133464495781	0.240480054163493	-0.078171702355204	0.169143728043262	0.0770602026594619	-13.161708886751	-10.4060082143427	-1.64410870465708	-0.289285495678009	-8.50200660801782	-5.73198066537731	8.74594420082282	7.09708697338782	13.8615043421681	13.9681263831878
"1948"	1.53123624372172	0.899038250535387	-2.3405217765977	-0.602216119203675	1.0733462655637	-1.38952139419052	-13.6159202801593	-10.704153719237	-1.98269278979835	-1.02224648700306	-7.49749556317336	-5.47915237575683	2.71211095238167	5.53242099402799	17.0560053186675	11.4508017661854
"1949"	2.81374517414273	2.54580824079683	-0.965474610881686	-0.658594187339665	-2.11934190580003	-2.37233646634311	-10.3250004785987	-9.87971686343062	1.04744650927518	1.62612599064989	-7.94072994251116	-5.55196156882794	6.2583072761709	4.46330603588167	11.0967443328141	11.7043157100134
"1950"	3.48396882062719	2.76631179699283	0.158298310295061	-0.713494668525026	-3.34603822057421	-0.126692745693377	-10.2179495180606	-12.5724431766818	1.70989399257459	-0.965923216367817	-8.43504822789633	-4.82647408640743	2.56555299416527	5.56038810018309	10.8686590888645	11.4810847863067
"1951"	1.26820464110755	1.92460989575965	-0.560939022438587	-0.990279942986602	-0.633250767763692	-1.16842717643575	-13.7745345084402	-12.7784334535535	1.61240207437656	0.338749570802	-8.00092603314134	-5.63090356009155	4.76308491897551	4.75654424219085	14.2013182984927	12.5395588833206
"1952"	3.48396882062719	1.51019926370309	0.342396442383654	-1.60207793273479	-1.75686290274804	-1.40576049258457	-13.1876397084663	-8.79439297248638	-2.64381304299281	-1.33449250379108	-7.35391559471832	-3.95276321194583	9.29485971364329	5.61111437826485	10.9974015312314	13.815118407955
"1953"	2.53461344855324	1.49053877888618	0.66836839043944	-2.89844901929056	-2.89728823179363	-1.72135203935376	-9.42499676102092	-12.9442238669199	-2.02861999370084	-1.21739228825465	-7.29582247418521	-6.12705799284458	8.43718402171878	5.18332706442558	9.24417921749865	13.2695009669361
"1954"	3.25929910996267	2.33507544705039	0.339931181308553	-3.3882914952973	-2.12788119856731	-4.26256997325924	-11.1353060444026	-12.1563395240843	-1.67169031935134	0.0546848493751596	-7.76162619943957	-5.38028651665078	2.8241165905905	2.70239121539175	16.385342003548	15.2243793442327
"1955"	1.71074327922796	2.59778055757406	0.406598605495794	-1.61654931682557	-0.665025080851021	-1.70006942886247	-10.270641751601	-12.7128977106023	-2.33469701097458	0.0834256446405254	-7.06596033485792	-6.59221682103511	4.30071711210908	4.11183122234888	16.4735732923933	14.6325047492376
"1956"	3.62255623252431	3.03356591530375	-0.592632405001531	-2.45869688991609	-0.758494044124808	-0.731888735367346	-10.9541574462646	-11.1788090309378	0.531540458130831	-0.0638673228742975	-8.22312422198508	-5.24019566537446	4.44509654961452	5.71162142146182	13.1452657387126	12.0466194096516
"1957"	1.77160960664429	2.23817893274099	-1.68277351792306	-0.310307830047858	0.39403119572949	-0.115304012811293	-12.3753348969831	-10.4665457733726	-1.44916625359312	-1.88659941435935	-7.24119752818351	-5.99802615916956	9.13063807848072	7.81548048243261	10.4990879382499	13.1547820934858
"1958"	3.69405698806467	1.58148233703155	-1.30161849485642	-1.78869498515858	0.307491554030928	-3.53974585709151	-10.1094532840927	-12.2871658724332	-1.11057507580026	-0.540745977705436	-7.62422059159145	-5.8379137441598	9.56944400296558	6.16145355791139	12.1532580480974	10.2798930457665
"1959"	3.23217767446545	1.70347790229903	-0.57915480791497	-2.01639268680886	-3.47155275704572	-1.61355929662901	-10.9658559976324	-13.8708923916358	-1.1368258984911	0.158864742777439	-7.04888364414385	-5.31624653713294	9.17576524233987	3.92369797237962	9.98122707579012	12.8187079723114
"1960"	3.70761124860684	1.87651261845023	-0.316843940882354	-0.606742241328638	-3.62324459825654	-2.03273111119194	-13.5915617776932	-11.5582552291853	-1.8294747135835	-0.741733813284878	-6.0660850183746	-4.21137292145041	3.07915589534268	7.77104984577495	14.7070892345301	14.1805354854654
"1961"	1.69488342336227	2.65915847413415	-0.95202820058558	-0.433582087010368	-2.61116271909916	-3.12311146080265	-7.97852754061473	-11.4439761501508	-2.17320244231295	-2.115201120261	-7.91214528856232	-6.79321275042344	7.84711593977367	6.38431342710555	12.5348469141595	13.1982881967758
"1962"	2.74669587304158	1.22147000604188	-2.72634899641529	-1.06680897416586	0.255952847343389	-2.88970838753352	-11.7746808485201	-11.6827957921251	-2.73474757819934	-0.390205556519289	-6.5372297503287	-3.88280726259479	7.90807317416319	4.62568033819965	14.3436548131027	13.6380898822456
"1963"	0.826024117988904	0.936751909850705	0.194296738665313	1.75094377351157	0.180728928747524	1.26335215277973	-8.84472165747952	-13.3326819190849	-1.29087669359095	-2.42696378618538	-6.45350657626362	-5.88406196836763	9.32075133732501	4.45163823672014	8.86155806057829	13.887458927375
"1964"	3.23217767446545	2.02045597053071	-2.34584249471969	-0.461609040724677	0.036157249373971	-1.48752551125542	-11.3198846568937	-9.32821363511914	-1.81597736523861	-0.926371094035485	-7.24684143752942	-4.07471670430537	8.69474151205363	4.27321403356052	10.5635748835439	14.1340730642709
"1965"	2.01096806682561	1.55768380070266	-2.72847986515903	-1.77584400820224	-2.21360985536957	-0.76932359301811	-12.2759211159689	-13.1075121485512	0.309604097072055	-0.219843087113757	-7.78668050795156	-6.94678169978043	8.69333614146292	5.15082897460531	15.7591506242296	12.0559431772387
"1966"	2.02296381863932	0.343643865283001	0.648016573892799	-0.527594945371418	-0.758232200452171	-1.35799831177385	-12.7035166786259	-11.9867692964677	0.0196133120333527	0.417102666562907	-6.46587334962808	-5.70602389519882	4.17787086770705	6.34326831058911	13.4218211409572	10.6689620330362
"1967"	3.70761124860684	2.54826064974513	0.668368390439457	-1.69929592324189	0.364739946045201	-1.83654505882807	-11.9199568154766	-11.5782396855597	-0.428219410499948	-0.807396336841944	-7.46483313879594	-5.79595474078524	6.85884893128344	5.41606603832481	10.2153726827394	14.0070736668262
"1968"	0.85985332126607	1.75277639935531	0.237422152305738	-1.33622421426618	-2.2822590470681	-0.702270879889255	-10.3196234800952	-11.4825603927849	0.242085806023518	-0.164314803055193	-5.73540363210089	-4.37896067922498	4.30768174481853	3.99390088872107	12.8217351530892	11.0867028251447
"1969"	3.15769947318908	2.5173773923606	-1.68277351792307	-2.20614393584839	-1.5022950932815	-1.89052540144372	-11.6227169937	-11.7719147822823	-1.17946538323709	-1.48668728836935	-7.8921187140927	-5.96500107092573	8.66753079395673	5.89241321894522	11.4709007143466	15.6136451761403
"1970"	1.63478276357674	2.11590816820346	-0.204680288688924	-0.622102053604349	0.251625686177587	-1.32291389343414	-10.1754134914616	-10.9907562088713	-1.22446746132091	0.0431253978812395	-7.29347321274162	-6.00031559847959	10.4609220818653	7.38850184936173	11.4793587011557	12.962908712916
"1971"	1.09941027613563	0.261415353089152	-0.609976796376624	-1.47236965473136	-1.09544355899199	-1.6332334585686	-11.3600826347079	-14.615918916604	1.06213096466077	-0.111174701705693	-8.28107002179147	-6.67621249760644	4.46920867690178	7.15278006495391	16.8802173140034	15.3325040557228
"1972"	3.70761124860684	3.97023416484971	0.66836839043944	-1.60500785812348	-1.88322557685214	-3.15683989409605	-10.9363279250474	-13.6855439688387	-0.0226496862044969	-1.00218337075905	-7.1006175283355	-3.84923260447356	5.17483493605767	5.66804421035477	12.5124673463731	10.8071733805901
"1973"	1.78236386472476	2.5398189407689	-2.96130467524844	-0.729733767729717	-1.53598453331269	-0.372223458773384	-9.99405893130646	-9.45517735925783	0.00546526695188954	-0.696983525505628	-5.74431750231787	-6.66798238823024	5.26251894133974	5.21997856283411	9.01195663727075	13.7401635800514
"1974"	1.63478276357674	2.20742582222798	-2.49251881291848	-0.986905904113454	0.665740711759589	-0.395350010063011	-8.17118931263172	-11.7163651270859	0.353719735895144	-2.43220103807114	-8.42615360290758	-5.92082713256011	9.18720472132355	5.65899970940453	12.6899672172133	15.2433759237712
"1975"	3.127200690307	3.19435687587931	-2.41810972551528	-1.57428221822056	0.578006350412533	-2.76619315603614	-8.11683736693904	-9.70051403542053	-0.76016888674121	-1.21316866718113	-7.77653549228655	-3.0261657634323	9.305299984572	4.02166830884603	12.4175801245171	12.1904139479908
"1976"	1.74147216236367	2.13939731214318	-0.527239733859084	-1.03144435224549	-0.618628369842122	-1.5431339288621	-12.5462910355262	-11.6352797113295	-1.61417057513432	0.224995437598924	-7.23147907685865	-4.59472472914343	5.88622536674046	7.87131699117599	15.1169368752632	16.1116085991699
"1977"	3.07448193652606	2.05744101535159	-1.6092422118548	-1.60747849517219	-2.38217718969738	-2.03094023786283	-11.2098485512269	-11.0696282032652	-3.13387959684487	-0.250223612489373	-6.63291791126995	-5.68423263995272	6.94968708975572	4.17285398327374	11.8317768328235	12.4694711481689
"1978"	1.77160960664429	0.903564192985533	0.34870088631998	-1.55284765187124	-3.56069794178432	-1.54098049400207	-9.04145761994596	-10.1966883267412	1.22429949007123	-0.501408710054495	-7.11726158591784	-5.68799749005901	6.02135068015327	6.38041374842178	11.5166794594433	12.0147495596019
"1979"	0.85985332126607	2.69925021081373	0.406598605495769	0.0790474659873863	-0.355705562441331	-1.45111107971739	-11.5739889191783	-10.4343986479811	1.06065244810539	-0.086382345612723	-8.42849666416317	-4.92264120458392	9.49187346732775	3.99659738178997	13.046707647389	14.7526665595167
"1980"	3.48396882062719	2.4783107932512	-1.00873201032887	-2.05398763704846	-3.71330202682249	-2.33351549059334	-10.5998326748709	-9.81596305262032	-1.75902456829185	-0.815375470636304	-7.4533470829298	-6.12671920198888	6.03141633947474	2.19526888952256	15.6670054295145	10.1420350126118
"1981"	3.23217767446545	1.8313792514421	0.258274529010462	-1.51824264904686	0.626127146091226	-1.12156644802552	-9.97997764124577	-11.6984977040869	1.72623969294234	-0.0959361901379184	-7.50699014275897	-7.24709313001926	9.41387709879298	8.01333994703398	14.5008597913522	13.215774437798
"1982"	3.33611491552333	1.60551180378678	0.0537742732338238	-0.891489400959284	-1.54473941026847	-1.69346113527237	-11.789302604406	-10.7962540648644	-1.47038005135762	-1.25258377417845	-6.46418171819638	-4.74201355666296	4.56110226879478	7.317717176514	13.3928332832369	10.8297892137516
"1983"	1.63478276357674	2.13036198836728	0.0454561962145198	-0.826483026015792	-2.71018961359231	-1.6664188116364	-12.8399861930466	-10.9803796544573	-0.48200879102334	-0.98270200804278	-7.3920863406194	-4.61672909330576	8.0501473033944	7.74554708486967	10.1071081563836	12.1099124041144
"1984"	3.70761124860684	1.15615435461956	-2.88010428519796	-1.68109335537413	-1.68407476327672	-0.772190195796904	-9.91858044941841	-11.6968841455645	1.26956503855023	-0.604455844547423	-7.19410607973473	-5.81450532551368	3.80183565324133	5.19023095582796	12.2625942450646	16.1865690399274
"1985"	3.57582610810187	1.92201330703121	-2.19948283072902	-1.20551028331309	-1.10180799296529	-1.13184848437151	-9.68878779329566	-10.7902656458779	-1.82231962206686	0.466195333963387	-6.17920851211768	-6.09194330614271	5.28613619023111	5.15038891148494	13.1135171815657	11.9420542466086
"1986"	1.63478276357674	2.34187453167963	-2.62360424595939	-1.85521230654559	0.451471194740141	-2.42454135557302	-9.24560659376942	-16.5779573819809	-2.85143537418662	-2.16332839389833	-8.48299549034529	-4.81090443496101	5.59949439589753	5.99137933253312	16.3288364999912	14.6503030992685
"1987"	3.72552284306842	3.73958825928954	-1.49906893387536	-0.697843147845613	-3.47155275704574	-2.17480140278093	-11.9648181026335	-10.2137189319193	0.564539185663296	0.0203980553042616	-5.9447232090814	-4.97434279633537	4.75451005436991	5.42788716558388	10.9897516982226	12.7544810773172
"1988"	3.78108018853302	1.15605207312157	0.547194686094846	0.0369648146878887	-1.83863118698323	-3.06925343345612	-11.3018790359838	-13.5578863575004	0.356139569487207	0.091825507275507	-7.04545403252436	-6.93968107814102	9.21520816722532	6.72605727614555	11.2896988129652	14.0685449743454
"1989"	1.42750795655348	2.40193959070175	-1.91656941141948	-3.11879663893302	-3.15272731690573	-1.67336502980755	-8.64203678983502	-10.3006634254373	-1.93738124607412	0.674636567755445	-6.04895107374191	-6.42344967448589	3.03337976382551	6.24480797252015	9.0767157051419	10.4809733957624
"1990"	1.53123624372172	2.24131028285743	0.490607755120909	-1.11582263112509	0.44212875504628	-0.994447789021195	-9.73602078209799	-12.1037739736014	-2.27408876958464	-0.225757212202938	-8.96511883458644	-3.56608941075319	5.99790713246236	6.9437341775983	14.109337313636	14.7847437504816
"1991"	3.70761124860684	2.44247436355975	-0.275309467934099	-0.295116780582354	-2.02037511413463	-0.749848277207229	-9.73155225921812	-11.3893835177705	-0.794762585620507	-0.827300986337502	-6.34446888455155	-6.15654474364469	5.93245409095615	3.59565719612497	13.6879173910041	10.3534035901594
"1992"	1.69488342336227	3.48947736715621	0.142844610079111	-1.35489432235708	-0.497923992577856	-0.772141043194849	-10.47359965383	-10.8582393475702	0.16739929933054	-0.544383952130802	-8.47435212804377	-5.53958620425682	8.13154460890417	5.35756775070646	14.8875596252147	15.1893036600661
"1993"	0.467109602223086	2.18187155529451	-0.913744009467648	-1.73418698910482	0.257261608174763	-1.46579640963095	-10.3873125902494	-10.1688690768843	1.69787045757578	-0.928800301914255	-6.80083928082142	-5.10638685890796	6.4876962187838	6.64928738036779	11.9739392174056	12.0026132794853
"1994"	0.555332345974033	1.7178526787846	-0.819906900410335	-1.56908669092543	-0.0498313586793976	-2.88180157265499	-12.5181622770991	-12.9505481960425	-2.00239401629558	-0.428557111887047	-8.92334562696915	-4.21323908886288	7.5547863244397	5.51288711841825	12.5322557794469	13.4648411527689
"1995"	3.64019661367844	-1.38768678552164	0.72807759456972	-1.19386851407962	-3.13734979034047	-0.859213103989922	-10.8273914003538	-10.1477110384403	-2.50642652936949	-0.94672848555955	-6.76566159717267	-5.71770782936591	4.33635629547623	6.00336411230997	16.9878554413868	13.556794323144
"1996"	1.09941027613563	3.22517342258149	0.438475078995352	-1.55542740066096	-2.17718192369334	-2.38993314749361	-14.2099521625813	-10.4681182343554	-0.105001395301798	1.10265468798462	-6.88958214580681	-5.21906336269502	4.39156828366597	6.1503824118697	12.5462315412622	12.2228058916052
"1997"	2.5339619716772	2.21552202360358	0.258274529010462	-0.932161971970191	-0.366936880273025	-1.72326067983468	-12.2373229426839	-9.96966934923938	-3.12361941367869	0.480485341462694	-6.0952525875547	-6.71223866856323	9.98308227216308	5.75938119232797	14.4001490882876	14.9276061584096
"1998"	0.467109602223086	2.1535515495156	-0.167463875262488	-0.175339341046588	-0.693992892818462	-2.30121867392125	-8.79853922842843	-11.102505981091	-1.45551063159353	0.81241329206747	-7.58665507304076	-6.70615264485208	8.98982545946827	6.04303528938011	15.832593991589	13.5668507366263
"1999"	1.05104259834955	2.6109217113866	-0.560925655939663	-1.32971619325529	-2.19446835040257	-2.1784788865036	-10.6010524517311	-12.0221438043006	-1.23819416526009	-0.64259128994021	-6.56236169307566	-4.88540508059973	3.47316626425026	6.99347403508465	16.5489772654759	12.6451567294492
"2000"	1.26820464110755	4.30411122658065	-2.88807835887792	-1.45809770395574	-1.8438894421526	-0.137156280742685	-7.98876246502742	-11.0150130504043	-1.85128567693064	0.923225829814902	-6.93143911068202	-5.72279607441552	8.589962289953	5.67161071551737	12.0422276941522	10.545333964104
